Time (UTC);Machine;Kind;EventID;NTLM version;Auth path;User;Domain;Process;Target;Source/Workstation;IP;Logon type;Encryption;Reason;Reason ID;MIC;Channel binding;Server OS;Kerberos failure;Process path
2026-09-22T18:30:00;DC01;policyblock;100;;Blocked;t0-admin;DEMO;;;PAW-01;;;;;;;;;0xC000006E;
2026-09-22T17:59:19;DC02;kerberos;4769;;;s.wagner@DEMO.NOPCAP.NET;DEMO;;cifs/fs01.demo.nopcap.net;;;;AES256;;;;;;;
2026-09-22T17:35:49;DC01;kerberos;4769;;;svc_web@DEMO.NOPCAP.NET;DEMO;;cifs/fs01.demo.nopcap.net;;;;AES256;;;;;;;
2026-09-22T17:32:26;DC01;kerberos;4769;;;j.schulz@DEMO.NOPCAP.NET;DEMO;;ldap/dc01.demo.nopcap.net;;;;AES256;;;;;;;
2026-09-22T17:30:00;DC01;policywarn;301;;;t1-srvadmin;DEMO;;FS01;;;;;;;;;;;
2026-09-22T17:29:20;WKS-0421;outgoing;4020;NTLMv2;Direct;a.klein;DEMO;lsass.exe;cifs/nas01;;;;;Target name could not be resolved by Kerberos;6;Unprotected;None;;;C:\Windows\System32\lsass.exe
2026-09-22T17:29:19;DC01;kerberos;4769;;;NB-1237$@DEMO.NOPCAP.NET;DEMO;;cifs/fs01.demo.nopcap.net;;;;AES256;;;;;;;
2026-09-22T17:16:07;DC01;kerberos;4769;;;svc_web@DEMO.NOPCAP.NET;DEMO;;ldap/dc02.demo.nopcap.net;;;;RC4;;;;;;;
2026-09-22T17:14:55;DC02;kerberos;4769;;;administrator@DEMO.NOPCAP.NET;DEMO;;HOST/app03.demo.nopcap.net;;;;AES256;;;;;;;
2026-09-22T17:01:46;DC02;auth;4624;NTLMv2;Direct;k.lorenz;DEMO;;;WKS-0149;10.14.24.60;3;;;;;;;;
2026-09-22T17:01:07;DC01;kerberos;4769;;;VDI-028$@DEMO.NOPCAP.NET;DEMO;;cifs/fs01.demo.nopcap.net;;;;AES256;;;;;;;
2026-09-22T17:01:04;DC02;kerberos;4769;;;svc_web@DEMO.NOPCAP.NET;DEMO;;MSSQLSvc/sql01.demo.nopcap.net:1433;;;;RC4;;;;;;;
2026-09-22T16:59:41;DC02;kerberos;4769;;;a.klein@DEMO.NOPCAP.NET;DEMO;;HTTP/portal.demo.nopcap.net;;;;AES256;;;;;;;
2026-09-22T16:54:38;DC01;kerberos;4769;;;NB-1384$@DEMO.NOPCAP.NET;DEMO;;cifs/fs01.demo.nopcap.net;;;;AES256;;;;;;;
2026-09-22T16:47:21;DC01;kerberos;4769;;;s.wagner@DEMO.NOPCAP.NET;DEMO;;cifs/fs01.demo.nopcap.net;;;;AES256;;;;;;;
2026-09-22T16:45:35;DC01;kerberos;4769;;;VDI-040$@DEMO.NOPCAP.NET;DEMO;;ldap/dc02.demo.nopcap.net;;;;AES256;;;;;;;
2026-09-22T16:45:09;WKS-0421;outgoing;4001;;Blocked;svc_sql;DEMO;mmc.exe;cifs/10.14.22.31;;;;;;;;;;;C:\Windows\System32\mmc.exe
2026-09-22T16:43:27;DC01;kerberos;4769;;;m.becker@DEMO.NOPCAP.NET;DEMO;;ldap/dc01.demo.nopcap.net;;;;AES256;;;;;;;
2026-09-22T16:42:48;DC01;kerberos;4769;;;WKS-0716$@DEMO.NOPCAP.NET;DEMO;;MSSQLSvc/sql01.demo.nopcap.net:1433;;;;AES256;;;;;;;
2026-09-22T16:42:23;DC01;kerberos;4769;;;d.fischer@DEMO.NOPCAP.NET;DEMO;;HTTP/portal.demo.nopcap.net;;;;AES256;;;;;;;
2026-09-22T16:36:54;DC01;kerberos;4769;;;NB-1100$@DEMO.NOPCAP.NET;DEMO;;HOST/app03.demo.nopcap.net;;;;AES256;;;;;;;
2026-09-22T16:30:04;DC01;kerberos;4769;;;WKS-0690$@DEMO.NOPCAP.NET;DEMO;;HTTP/portal.demo.nopcap.net;;;;AES256;;;;;;;
2026-09-22T16:30:00;WKS-0421;secblock;4010;;Blocked;;DEMO;java.exe;ERP-TEST;;;;;;;;;;;
2026-09-22T16:28:53;DC01;kerberos;4769;;;j.schulz@DEMO.NOPCAP.NET;DEMO;;ldap/dc01.demo.nopcap.net;;;;AES256;;;;;;;
2026-09-22T16:24:12;DC02;kerberos;4769;;;d.fischer@DEMO.NOPCAP.NET;DEMO;;cifs/fs01.demo.nopcap.net;;;;AES256;;;;;;;
2026-09-22T16:21:35;DC02;kerberos;4769;;;m.becker@DEMO.NOPCAP.NET;DEMO;;TERMSRV/vdi-broker.demo.nopcap.net;;;;AES256;;;;;;;
2026-09-22T16:21:33;DC01;kerberos;4769;;;WKS-0605$@DEMO.NOPCAP.NET;DEMO;;TERMSRV/vdi-broker.demo.nopcap.net;;;;AES256;;;;;;;
2026-09-22T16:15:32;DC01;kerberos;4769;;;VDI-086$@DEMO.NOPCAP.NET;DEMO;;HTTP/portal.demo.nopcap.net;;;;AES256;;;;;;;
2026-09-22T16:10:36;DC01;kerberos;4769;;;svc_monitor@DEMO.NOPCAP.NET;DEMO;;HOST/app03.demo.nopcap.net;;;;AES256;;;;;;;
2026-09-22T16:06:45;DC02;auth;4624;NTLMv2;Fallback;t.hoffmann;DEMO;;;NB-1336;10.14.21.73;3;;;;;;;;
2026-09-22T16:06:19;DC01;auth;4624;NTLMv2;Fallback;j.schulz;DEMO;;;VDI-036;10.14.25.6;3;;;;;;;;
2026-09-22T16:05:54;DC02;kerberos;4769;;;svc_backup@DEMO.NOPCAP.NET;DEMO;;MSSQLSvc/sql01.demo.nopcap.net:1433;;;;AES256;;;;;;;
2026-09-22T16:05:23;DC01;kerberos;4769;;;p.neumann@DEMO.NOPCAP.NET;DEMO;;cifs/fs01.demo.nopcap.net;;;;AES256;;;;;;;
2026-09-22T16:03:36;DC02;kerberos;4769;;;administrator@DEMO.NOPCAP.NET;DEMO;;cifs/fs01.demo.nopcap.net;;;;AES256;;;;;;;
2026-09-22T16:02:53;DC01;kerberos;4769;;;t.hoffmann@DEMO.NOPCAP.NET;DEMO;;HTTP/portal.demo.nopcap.net;;;;AES256;;;;;;;
2026-09-22T16:00:35;DC01;kerberos;4769;;;p.neumann@DEMO.NOPCAP.NET;DEMO;;HOST/app03.demo.nopcap.net;;;;AES256;;;;;;;
2026-09-22T15:55:51;DC01;kerberos;4769;;;p.neumann@DEMO.NOPCAP.NET;DEMO;;HOST/app03.demo.nopcap.net;;;;AES256;;;;;;;
2026-09-22T15:55:40;DC01;kerberos;4769;;;svc_web@DEMO.NOPCAP.NET;DEMO;;HTTP/portal.demo.nopcap.net;;;;RC4;;;;;;;
2026-09-22T15:36:38;DC02;auth;4624;NTLMv2;Direct;svc_sql;DEMO;;;WKS-0451;10.14.24.68;3;;;;;;;;
2026-09-22T15:34:05;DC01;kerberos;4769;;;VDI-038$@DEMO.NOPCAP.NET;DEMO;;MSSQLSvc/sql01.demo.nopcap.net:1433;;;;AES256;;;;;;;
2026-09-22T15:33:44;DC02;kerberos;4769;;;p.neumann@DEMO.NOPCAP.NET;DEMO;;TERMSRV/vdi-broker.demo.nopcap.net;;;;AES256;;;;;;;
2026-09-22T15:28:09;DC01;kerberos;4769;;;p.neumann@DEMO.NOPCAP.NET;DEMO;;HOST/app03.demo.nopcap.net;;;;AES256;;;;;;;
2026-09-22T15:27:10;DC01;kerberos;4769;;;WKS-0519$@DEMO.NOPCAP.NET;DEMO;;cifs/fs01.demo.nopcap.net;;;;AES256;;;;;;;
2026-09-22T15:26:38;DC02;kerberos;4769;;;m.becker@DEMO.NOPCAP.NET;DEMO;;TERMSRV/vdi-broker.demo.nopcap.net;;;;AES256;;;;;;;
2026-09-22T15:24:11;DC01;kerberos;4769;;;VDI-031$@DEMO.NOPCAP.NET;DEMO;;ldap/dc01.demo.nopcap.net;;;;AES256;;;;;;;
2026-09-22T15:22:26;DC01;kerberos;4769;;;WKS-0485$@DEMO.NOPCAP.NET;DEMO;;HOST/app03.demo.nopcap.net;;;;AES256;;;;;;;
2026-09-22T15:20:56;DC02;kerberos;4769;;;svc_web@DEMO.NOPCAP.NET;DEMO;;cifs/fs01.demo.nopcap.net;;;;RC4;;;;;;;
2026-09-22T15:19:31;DC01;auth;4624;NTLMv2;Fallback;s.wagner;DEMO;;;NB-1135;10.14.20.155;3;;;;;;;;
2026-09-22T15:19:27;DC02;kerberos;4769;;;p.neumann@DEMO.NOPCAP.NET;DEMO;;ldap/dc01.demo.nopcap.net;;;;AES256;;;;;;;
2026-09-22T15:18:33;FS01;outgoing;8001;;;svc_sql;DEMO;powershell.exe;cifs/10.14.22.31;;;;;;;;;;;C:\Windows\System32\WindowsPowerShell\v1.0\powershell.exe
2026-09-22T15:09:35;APP03;outgoing;8001;;;svc_sql;DEMO;System;cifs/fs01.demo.nopcap.net;;;;;;;;;;;
2026-09-22T15:05:18;DC01;kerberos;4769;;;a.klein@DEMO.NOPCAP.NET;DEMO;;cifs/fs01.demo.nopcap.net;;;;AES256;;;;;;;
2026-09-22T14:59:12;DC01;kerberos;4769;;;WKS-0647$@DEMO.NOPCAP.NET;DEMO;;TERMSRV/vdi-broker.demo.nopcap.net;;;;AES256;;;;;;;
2026-09-22T14:58:47;APP03;outgoing;8001;;;t.hoffmann;DEMO;svchost.exe;ldap/dc01.demo.nopcap.net;;;;;;;;;;;C:\Windows\System32\svchost.exe
2026-09-22T14:57:50;APP03;outgoing;8001;;;d.fischer;DEMO;mmc.exe;cifs/10.14.22.31;;;;;;;;;;;C:\Windows\System32\mmc.exe
2026-09-22T14:52:39;DC01;kerberos;4769;;;WKS-0316$@DEMO.NOPCAP.NET;DEMO;;ldap/dc02.demo.nopcap.net;;;;AES256;;;;;;;
2026-09-22T14:51:25;FS01;outgoing;8001;;;svc_backup;DEMO;EXCEL.EXE;cifs/fs01.demo.nopcap.net;;;;;;;;;;;C:\Program Files\Microsoft Office\root\Office16\EXCEL.EXE
2026-09-22T14:44:58;DC02;kerberos;4769;;;svc_sql@DEMO.NOPCAP.NET;DEMO;;ldap/dc01.demo.nopcap.net;;;;AES256;;;;;;;
2026-09-22T14:43:20;DC01;kerberos;4769;;;d.fischer@DEMO.NOPCAP.NET;DEMO;;ldap/dc02.demo.nopcap.net;;;;AES256;;;;;;;
2026-09-22T14:41:03;DC02;kerberos;4769;;;k.lorenz@DEMO.NOPCAP.NET;DEMO;;HOST/app03.demo.nopcap.net;;;;AES256;;;;;;;
2026-09-22T14:40:52;DC02;kerberos;4769;;;p.neumann@DEMO.NOPCAP.NET;DEMO;;ldap/dc01.demo.nopcap.net;;;;AES256;;;;;;;
2026-09-22T14:39:00;WKS-0421;outgoing;4001;;Blocked;svc_web;DEMO;lsass.exe;cifs/nas01;;;;;;;;;;;C:\Windows\System32\lsass.exe
2026-09-22T14:27:37;APP03;outgoing;8001;;;svc_backup;DEMO;spoolsv.exe;cifs/printsrv01;;;;;;;;;;;C:\Windows\System32\spoolsv.exe
2026-09-22T14:26:12;DC02;kerberos;4769;;;svc_backup@DEMO.NOPCAP.NET;DEMO;;ldap/dc01.demo.nopcap.net;;;;AES256;;;;;;;
2026-09-22T14:23:35;DC01;incoming;8002;;;FS01$;DEMO;System;;;;;;;;;;;;
2026-09-22T14:21:29;DC01;kerberos;4769;;;k.lorenz@DEMO.NOPCAP.NET;DEMO;;ldap/dc01.demo.nopcap.net;;;;AES256;;;;;;;
2026-09-22T14:20:41;DC01;kerberos;4769;;;VDI-024$@DEMO.NOPCAP.NET;DEMO;;ldap/dc01.demo.nopcap.net;;;;AES256;;;;;;;
2026-09-22T14:18:21;DC02;auth;4624;NTLMv2;Direct;svc_web;DEMO;;;NB-1039;10.14.24.101;3;;;;;;;;
2026-09-22T14:17:42;DC01;kerberos;4769;;;j.schulz@DEMO.NOPCAP.NET;DEMO;;cifs/fs01.demo.nopcap.net;;;;AES256;;;;;;;
2026-09-22T14:15:20;DC01;kerberos;4769;;;VDI-083$@DEMO.NOPCAP.NET;DEMO;;HOST/app03.demo.nopcap.net;;;;AES256;;;;;;;
2026-09-22T14:13:31;DC01;kerberos;4769;;;d.fischer@DEMO.NOPCAP.NET;DEMO;;ldap/dc02.demo.nopcap.net;;;;AES256;;;;;;;
2026-09-22T14:07:32;DC02;kerberos;4769;;;svc_backup@DEMO.NOPCAP.NET;DEMO;;MSSQLSvc/sql01.demo.nopcap.net:1433;;;;AES256;;;;;;;
2026-09-22T13:59:26;FS01;outgoing;8001;;;svc_web;DEMO;lsass.exe;cifs/nas01;;;;;;;;;;;C:\Windows\System32\lsass.exe
2026-09-22T13:57:48;DC01;kerberos;4769;;;svc_backup@DEMO.NOPCAP.NET;DEMO;;ldap/dc02.demo.nopcap.net;;;;AES256;;;;;;;
2026-09-22T13:54:11;DC01;kerberos;4769;;;t.hoffmann@DEMO.NOPCAP.NET;DEMO;;ldap/dc01.demo.nopcap.net;;;;AES256;;;;;;;
2026-09-22T13:52:53;DC01;kerberos;4769;;;a.klein@DEMO.NOPCAP.NET;DEMO;;MSSQLSvc/sql01.demo.nopcap.net:1433;;;;AES256;;;;;;;
2026-09-22T13:50:42;FS01;incoming;8003;;;d.fischer;DEMO;sqlservr.exe;;WKS-0715;;3;;;;;;;;
2026-09-22T13:50:38;FS01;outgoing;8001;;;svc_sql;DEMO;lsass.exe;cifs/nas01;;;;;;;;;;;C:\Windows\System32\lsass.exe
2026-09-22T13:44:36;DC02;kerberos;4769;;;svc_web@DEMO.NOPCAP.NET;DEMO;;ldap/dc02.demo.nopcap.net;;;;AES256;;;;;;;
2026-09-22T13:44:19;FS01;outgoing;8001;;;m.becker;DEMO;lsass.exe;cifs/nas01;;;;;;;;;;;C:\Windows\System32\lsass.exe
2026-09-22T13:38:54;DC02;kerberos;4769;;;a.klein@DEMO.NOPCAP.NET;DEMO;;MSSQLSvc/sql01.demo.nopcap.net:1433;;;;AES256;;;;;;;
2026-09-22T13:32:40;DC02;kerberos;4769;;;svc_sql@DEMO.NOPCAP.NET;DEMO;;HTTP/portal.demo.nopcap.net;;;;AES256;;;;;;;
2026-09-22T13:30:55;DC01;kerberos;4769;;;svc_monitor@DEMO.NOPCAP.NET;DEMO;;ldap/dc02.demo.nopcap.net;;;;AES256;;;;;;;
2026-09-22T13:29:56;DC02;kerberos;4769;;;svc_sql@DEMO.NOPCAP.NET;DEMO;;TERMSRV/vdi-broker.demo.nopcap.net;;;;AES256;;;;;;;
2026-09-22T13:23:27;DC01;domain;8004;;;k.lorenz;DEMO;;PRINTSRV01;WKS-0508;;;;;;;;;;
2026-09-22T13:20:55;DC01;kerberos;4769;;;WKS-0314$@DEMO.NOPCAP.NET;DEMO;;MSSQLSvc/sql01.demo.nopcap.net:1433;;;;AES256;;;;;;;
2026-09-22T13:20:27;DC01;kerberos;4769;;;NB-1320$@DEMO.NOPCAP.NET;DEMO;;HOST/app03.demo.nopcap.net;;;;AES256;;;;;;;
2026-09-22T13:18:42;DC01;kerberos;4769;;;VDI-079$@DEMO.NOPCAP.NET;DEMO;;HTTP/portal.demo.nopcap.net;;;;AES256;;;;;;;
2026-09-22T13:14:18;FS01;outgoing;8001;;;p.neumann;DEMO;mmc.exe;cifs/10.14.22.31;;;;;;;;;;;C:\Windows\System32\mmc.exe
2026-09-22T13:13:49;DC01;kerberos;4769;;;d.fischer@DEMO.NOPCAP.NET;DEMO;;ldap/dc01.demo.nopcap.net;;;;AES256;;;;;;;
2026-09-22T13:12:34;DC01;kerberos;4769;;;k.lorenz@DEMO.NOPCAP.NET;DEMO;;HOST/app03.demo.nopcap.net;;;;AES256;;;;;;;
2026-09-22T13:09:36;DC01;kerberos;4769;;;VDI-012$@DEMO.NOPCAP.NET;DEMO;;MSSQLSvc/sql01.demo.nopcap.net:1433;;;;AES256;;;;;;;
2026-09-22T13:07:58;DC01;kerberos;4769;;;m.becker@DEMO.NOPCAP.NET;DEMO;;ldap/dc01.demo.nopcap.net;;;;AES256;;;;;;;
2026-09-22T13:05:17;DC01;kerberos;4769;;;WKS-0369$@DEMO.NOPCAP.NET;DEMO;;HOST/app03.demo.nopcap.net;;;;AES256;;;;;;;
2026-09-22T13:04:28;DC01;kerberos;4769;;;administrator@DEMO.NOPCAP.NET;DEMO;;HTTP/portal.demo.nopcap.net;;;;AES256;;;;;;;
2026-09-22T13:03:57;DC01;kerberos;4769;;;VDI-054$@DEMO.NOPCAP.NET;DEMO;;MSSQLSvc/sql01.demo.nopcap.net:1433;;;;AES256;;;;;;;
2026-09-22T13:02:24;APP03;outgoing;8001;;;p.neumann;DEMO;spoolsv.exe;cifs/printsrv01;;;;;;;;;;;C:\Windows\System32\spoolsv.exe
2026-09-22T13:00:51;DC02;kerberos;4769;;;m.becker@DEMO.NOPCAP.NET;DEMO;;ldap/dc01.demo.nopcap.net;;;;AES256;;;;;;;
2026-09-22T13:00:40;DC01;kerberos;4769;;;NB-1003$@DEMO.NOPCAP.NET;DEMO;;TERMSRV/vdi-broker.demo.nopcap.net;;;;AES256;;;;;;;
2026-09-22T12:57:27;DC01;kerberos;4769;;;WKS-0806$@DEMO.NOPCAP.NET;DEMO;;MSSQLSvc/sql01.demo.nopcap.net:1433;;;;AES256;;;;;;;
2026-09-22T12:45:03;DC01;kerberos;4769;;;administrator@DEMO.NOPCAP.NET;DEMO;;HOST/app03.demo.nopcap.net;;;;AES256;;;;;;;
2026-09-22T12:43:59;DC02;auth;4624;NTLMv2;Direct;svc_backup;DEMO;;;WKS-0127;10.14.22.101;3;;;;;;;;
2026-09-22T12:43:45;DC02;kerberos;4769;;;svc_sql@DEMO.NOPCAP.NET;DEMO;;ldap/dc01.demo.nopcap.net;;;;AES256;;;;;;;
2026-09-22T12:43:36;DC02;kerberos;4769;;;a.klein@DEMO.NOPCAP.NET;DEMO;;HOST/app03.demo.nopcap.net;;;;AES256;;;;;;;
2026-09-22T12:35:14;DC01;kerberos;4769;;;VDI-085$@DEMO.NOPCAP.NET;DEMO;;HTTP/portal.demo.nopcap.net;;;;AES256;;;;;;;
2026-09-22T12:35:01;DC01;kerberos;4769;;;WKS-0345$@DEMO.NOPCAP.NET;DEMO;;MSSQLSvc/sql01.demo.nopcap.net:1433;;;;AES256;;;;;;;
2026-09-22T12:34:05;DC01;kerberos;4769;;;NB-1054$@DEMO.NOPCAP.NET;DEMO;;TERMSRV/vdi-broker.demo.nopcap.net;;;;AES256;;;;;;;
2026-09-22T12:31:11;DC02;kerberos;4769;;;s.wagner@DEMO.NOPCAP.NET;DEMO;;cifs/fs01.demo.nopcap.net;;;;AES256;;;;;;;
2026-09-22T12:28:48;DC02;kerberos;4769;;;administrator@DEMO.NOPCAP.NET;DEMO;;HTTP/portal.demo.nopcap.net;;;;AES256;;;;;;;
2026-09-22T12:25:57;DC02;kerberos;4769;;;svc_web@DEMO.NOPCAP.NET;DEMO;;HTTP/portal.demo.nopcap.net;;;;RC4;;;;;;;
2026-09-22T12:23:56;FS01;outgoing;8001;;;svc_backup;DEMO;WINWORD.EXE;cifs/fs01.demo.nopcap.net;;;;;;;;;;;C:\Program Files\Microsoft Office\root\Office16\WINWORD.EXE
2026-09-22T12:21:06;DC02;kerberos;4769;;;a.klein@DEMO.NOPCAP.NET;DEMO;;HOST/app03.demo.nopcap.net;;;;AES256;;;;;;;
2026-09-22T12:21:00;DC01;kerberos;4769;;;VDI-057$@DEMO.NOPCAP.NET;DEMO;;HOST/app03.demo.nopcap.net;;;;AES256;;;;;;;
2026-09-22T12:16:53;DC01;kerberos;4769;;;VDI-036$@DEMO.NOPCAP.NET;DEMO;;TERMSRV/vdi-broker.demo.nopcap.net;;;;AES256;;;;;;;
2026-09-22T12:16:24;DC01;kerberos;4769;;;WKS-0436$@DEMO.NOPCAP.NET;DEMO;;ldap/dc02.demo.nopcap.net;;;;AES256;;;;;;;
2026-09-22T12:16:18;DC01;kerberos;4769;;;s.wagner@DEMO.NOPCAP.NET;DEMO;;HTTP/portal.demo.nopcap.net;;;;AES256;;;;;;;
2026-09-22T12:15:17;DC02;kerberos;4769;;;j.schulz@DEMO.NOPCAP.NET;DEMO;;HOST/app03.demo.nopcap.net;;;;AES256;;;;;;;
2026-09-22T12:10:56;WKS-0421;outgoing;4020;NTLMv2;Direct;a.klein;DEMO;explorer.exe;cifs/fs01.demo.nopcap.net;;;;;Application called NTLM directly;1;Unprotected;None;;;C:\Windows\explorer.exe
2026-09-22T12:10:48;DC01;kerberos;4769;;;svc_web@DEMO.NOPCAP.NET;DEMO;;cifs/fs01.demo.nopcap.net;;;;RC4;;;;;;;
2026-09-22T12:09:26;DC01;kerberos;4769;;;svc_backup@DEMO.NOPCAP.NET;DEMO;;TERMSRV/vdi-broker.demo.nopcap.net;;;;AES256;;;;;;;
2026-09-22T12:08:19;APP03;outgoing;8001;;;j.schulz;DEMO;mmc.exe;cifs/10.14.22.31;;;;;;;;;;;C:\Windows\System32\mmc.exe
2026-09-22T12:05:38;DC01;kerberos;4769;;;svc_web@DEMO.NOPCAP.NET;DEMO;;MSSQLSvc/sql01.demo.nopcap.net:1433;;;;AES256;;;;;;;
2026-09-22T12:05:03;DC02;kerberos;4769;;;m.becker@DEMO.NOPCAP.NET;DEMO;;ldap/dc01.demo.nopcap.net;;;;AES256;;;;;;;
2026-09-22T12:03:03;DC01;domain;8004;;;s.wagner;DEMO;;NAS01;NB-1023;;;;;;;;;;
2026-09-22T11:58:42;DC01;kerberos;4769;;;NB-1260$@DEMO.NOPCAP.NET;DEMO;;TERMSRV/vdi-broker.demo.nopcap.net;;;;AES256;;;;;;;
2026-09-22T11:56:31;DC01;kerberos;4769;;;svc_monitor@DEMO.NOPCAP.NET;DEMO;;HTTP/portal.demo.nopcap.net;;;;AES256;;;;;;;
2026-09-22T11:54:02;WKS-0421;outgoing;4001;;Blocked;p.neumann;DEMO;svchost.exe;ldap/dc01.demo.nopcap.net;;;;;;;;;;;C:\Windows\System32\svchost.exe
2026-09-22T11:51:39;DC01;kerberos;4769;;;VDI-012$@DEMO.NOPCAP.NET;DEMO;;ldap/dc01.demo.nopcap.net;;;;AES256;;;;;;;
2026-09-22T11:48:13;DC01;kerberos;4769;;;NB-1234$@DEMO.NOPCAP.NET;DEMO;;MSSQLSvc/sql01.demo.nopcap.net:1433;;;;AES256;;;;;;;
2026-09-22T11:46:48;WKS-0421;outgoing;4001;;Blocked;svc_backup;DEMO;java.exe;HTTP/erp-test;;;;;;;;;;;C:\Program Files\Eclipse Adoptium\jdk-17\bin\java.exe
2026-09-22T11:46:28;DC01;kerberos;4769;;;VDI-076$@DEMO.NOPCAP.NET;DEMO;;HTTP/portal.demo.nopcap.net;;;;AES256;;;;;;;
2026-09-22T11:45:39;DC01;kerberos;4769;;;NB-1378$@DEMO.NOPCAP.NET;DEMO;;cifs/fs01.demo.nopcap.net;;;;AES256;;;;;;;
2026-09-22T11:44:53;DC02;kerberos;4769;;;svc_web@DEMO.NOPCAP.NET;DEMO;;HOST/app03.demo.nopcap.net;;;;AES256;;;;;;;
2026-09-22T11:42:17;DC01;kerberos;4769;;;m.becker@DEMO.NOPCAP.NET;DEMO;;ldap/dc02.demo.nopcap.net;;;;AES256;;;;;;;
2026-09-22T11:38:10;DC01;kerberos;4769;;;VDI-067$@DEMO.NOPCAP.NET;DEMO;;ldap/dc01.demo.nopcap.net;;;;AES256;;;;;;;
2026-09-22T11:31:36;DC01;kerberos;4769;;;k.lorenz@DEMO.NOPCAP.NET;DEMO;;ldap/dc02.demo.nopcap.net;;;;AES256;;;;;;;
2026-09-22T11:29:30;DC01;kerberos;4769;;;administrator@DEMO.NOPCAP.NET;DEMO;;TERMSRV/vdi-broker.demo.nopcap.net;;;;AES256;;;;;;;
2026-09-22T11:26:50;DC02;kerberos;4769;;;svc_sql@DEMO.NOPCAP.NET;DEMO;;HTTP/portal.demo.nopcap.net;;;;AES256;;;;;;;
2026-09-22T11:26:48;DC01;kerberos;4769;;;svc_web@DEMO.NOPCAP.NET;DEMO;;TERMSRV/vdi-broker.demo.nopcap.net;;;;RC4;;;;;;;
2026-09-22T11:23:37;FS01;outgoing;8001;;;svc_sql;DEMO;explorer.exe;cifs/fs01.demo.nopcap.net;;;;;;;;;;;C:\Windows\explorer.exe
2026-09-22T11:21:50;DC01;kerberos;4769;;;t.hoffmann@DEMO.NOPCAP.NET;DEMO;;MSSQLSvc/sql01.demo.nopcap.net:1433;;;;AES256;;;;;;;
2026-09-22T11:20:11;DC02;kerberos;4769;;;svc_web@DEMO.NOPCAP.NET;DEMO;;HTTP/portal.demo.nopcap.net;;;;RC4;;;;;;;
2026-09-22T11:18:31;APP03;outgoing;8001;;;svc_sql;DEMO;System;cifs/fs01.demo.nopcap.net;;;;;;;;;;;
2026-09-22T11:16:56;DC02;kerberos;4769;;;a.klein@DEMO.NOPCAP.NET;DEMO;;TERMSRV/vdi-broker.demo.nopcap.net;;;;AES256;;;;;;;
2026-09-22T11:15:52;DC02;krbfail;4769;;;s.wagner@DEMO.NOPCAP.NET;DEMO;;cifs/nas01;;;;;;;;;;0x7;
2026-09-22T11:13:56;DC01;kerberos;4769;;;VDI-016$@DEMO.NOPCAP.NET;DEMO;;HTTP/portal.demo.nopcap.net;;;;AES256;;;;;;;
2026-09-22T11:10:39;DC02;kerberos;4769;;;administrator@DEMO.NOPCAP.NET;DEMO;;ldap/dc01.demo.nopcap.net;;;;AES256;;;;;;;
2026-09-22T11:10:37;DC02;domain;8004;;;t.hoffmann;DEMO;;FS01;NB-1349;;;;;;;;;;
2026-09-22T11:09:38;DC02;kerberos;4769;;;j.schulz@DEMO.NOPCAP.NET;DEMO;;HOST/app03.demo.nopcap.net;;;;AES256;;;;;;;
2026-09-22T11:07:52;DC01;kerberos;4769;;;p.neumann@DEMO.NOPCAP.NET;DEMO;;cifs/fs01.demo.nopcap.net;;;;AES256;;;;;;;
2026-09-22T11:07:43;DC01;kerberos;4769;;;svc_backup@DEMO.NOPCAP.NET;DEMO;;ldap/dc01.demo.nopcap.net;;;;AES256;;;;;;;
2026-09-22T11:02:22;APP03;outgoing;8001;;;administrator;DEMO;svchost.exe;ldap/dc01.demo.nopcap.net;;;;;;;;;;;C:\Windows\System32\svchost.exe
2026-09-22T11:01:37;FS01;outgoing;8001;;;svc_sql;DEMO;mmc.exe;cifs/10.14.22.31;;;;;;;;;;;C:\Windows\System32\mmc.exe
2026-09-22T11:01:19;DC01;kerberos;4769;;;s.wagner@DEMO.NOPCAP.NET;DEMO;;HTTP/portal.demo.nopcap.net;;;;AES256;;;;;;;
2026-09-22T10:59:01;DC01;kerberos;4769;;;VDI-083$@DEMO.NOPCAP.NET;DEMO;;ldap/dc01.demo.nopcap.net;;;;AES256;;;;;;;
2026-09-22T10:58:29;APP03;outgoing;8001;;;svc_backup;DEMO;lsass.exe;cifs/nas01;;;;;;;;;;;C:\Windows\System32\lsass.exe
2026-09-22T10:58:08;APP03;outgoing;8001;;;m.becker;DEMO;wsmprovhost.exe;HOST/app03;;;;;;;;;;;C:\Windows\System32\wsmprovhost.exe
2026-09-22T10:56:07;WKS-0421;outgoing;8001;;;svc_sql;DEMO;mmc.exe;cifs/10.14.22.31;;;;;;;;;;;C:\Windows\System32\mmc.exe
2026-09-22T10:56:00;DC01;kerberos;4769;;;WKS-0657$@DEMO.NOPCAP.NET;DEMO;;cifs/fs01.demo.nopcap.net;;;;AES256;;;;;;;
2026-09-22T10:55:37;DC01;kerberos;4769;;;NB-1133$@DEMO.NOPCAP.NET;DEMO;;HOST/app03.demo.nopcap.net;;;;AES256;;;;;;;
2026-09-22T10:52:22;DC01;incoming;8002;;;FS01$;DEMO;w3wp.exe;;;;;;;;;;;;
2026-09-22T10:51:35;DC01;kerberos;4769;;;VDI-034$@DEMO.NOPCAP.NET;DEMO;;HTTP/portal.demo.nopcap.net;;;;AES256;;;;;;;
2026-09-22T10:51:16;WKS-0421;outgoing;4001;;Blocked;j.schulz;DEMO;mmc.exe;cifs/10.14.22.31;;;;;;;;;;;C:\Windows\System32\mmc.exe
2026-09-22T10:46:50;DC01;kerberos;4769;;;k.lorenz@DEMO.NOPCAP.NET;DEMO;;TERMSRV/vdi-broker.demo.nopcap.net;;;;AES256;;;;;;;
2026-09-22T10:44:50;DC01;krbfail;4769;;;t.hoffmann@DEMO.NOPCAP.NET;DEMO;;cifs/nas01;;;;;;;;;;0x7;
2026-09-22T10:43:45;DC01;kerberos;4769;;;k.lorenz@DEMO.NOPCAP.NET;DEMO;;ldap/dc02.demo.nopcap.net;;;;AES256;;;;;;;
2026-09-22T10:40:16;DC02;kerberos;4769;;;t.hoffmann@DEMO.NOPCAP.NET;DEMO;;ldap/dc01.demo.nopcap.net;;;;AES256;;;;;;;
2026-09-22T10:36:29;DC01;kerberos;4769;;;k.lorenz@DEMO.NOPCAP.NET;DEMO;;HTTP/portal.demo.nopcap.net;;;;AES256;;;;;;;
2026-09-22T10:34:51;DC02;kerberos;4769;;;k.lorenz@DEMO.NOPCAP.NET;DEMO;;HTTP/portal.demo.nopcap.net;;;;AES256;;;;;;;
2026-09-22T10:33:37;DC01;kerberos;4769;;;p.neumann@DEMO.NOPCAP.NET;DEMO;;MSSQLSvc/sql01.demo.nopcap.net:1433;;;;AES256;;;;;;;
2026-09-22T10:30:12;DC02;kerberos;4769;;;s.wagner@DEMO.NOPCAP.NET;DEMO;;ldap/dc01.demo.nopcap.net;;;;AES256;;;;;;;
2026-09-22T10:28:29;DC01;kerberos;4769;;;a.klein@DEMO.NOPCAP.NET;DEMO;;HTTP/portal.demo.nopcap.net;;;;AES256;;;;;;;
2026-09-22T10:27:09;FS01;outgoing;8001;;;administrator;DEMO;powershell.exe;cifs/10.14.22.31;;;;;;;;;;;C:\Windows\System32\WindowsPowerShell\v1.0\powershell.exe
2026-09-22T10:24:08;DC01;kerberos;4769;;;svc_sql@DEMO.NOPCAP.NET;DEMO;;TERMSRV/vdi-broker.demo.nopcap.net;;;;AES256;;;;;;;
2026-09-22T10:23:54;DC02;kerberos;4769;;;a.klein@DEMO.NOPCAP.NET;DEMO;;HOST/app03.demo.nopcap.net;;;;AES256;;;;;;;
2026-09-22T10:22:35;DC02;kerberos;4769;;;a.klein@DEMO.NOPCAP.NET;DEMO;;ldap/dc01.demo.nopcap.net;;;;AES256;;;;;;;
2026-09-22T10:18:17;APP03;outgoing;8001;;;a.klein;DEMO;mmc.exe;cifs/10.14.22.31;;;;;;;;;;;C:\Windows\System32\mmc.exe
2026-09-22T10:14:56;DC02;auth;4624;NTLMv2;Direct;t.hoffmann;DEMO;;;WKS-0667;10.14.23.168;3;;;;;;;;
2026-09-22T10:09:50;WKS-0421;cgblock;4014;;Blocked;;DEMO;svchost.exe;;;;;;;;;;;;C:\Windows\System32\svchost.exe
2026-09-22T10:08:02;DC01;kerberos;4769;;;WKS-0117$@DEMO.NOPCAP.NET;DEMO;;MSSQLSvc/sql01.demo.nopcap.net:1433;;;;AES256;;;;;;;
2026-09-22T10:07:16;APP03;outgoing;8001;;;k.lorenz;DEMO;msedge.exe;HTTP/intranet;;;;;;;;;;;C:\Program Files (x86)\Microsoft\Edge\Application\msedge.exe
2026-09-22T10:07:11;DC02;kerberos;4769;;;p.neumann@DEMO.NOPCAP.NET;DEMO;;MSSQLSvc/sql01.demo.nopcap.net:1433;;;;AES256;;;;;;;
2026-09-22T10:00:23;DC02;domain;8004;;;m.becker;DEMO;;FS01;VDI-081;;;;;;;;;;
2026-09-22T09:54:58;WKS-0421;outgoing;8001;;;administrator;DEMO;java.exe;HTTP/erp-test;;;;;;;;;;;C:\Program Files\Eclipse Adoptium\jdk-17\bin\java.exe
2026-09-22T09:54:24;DC02;kerberos;4769;;;svc_web@DEMO.NOPCAP.NET;DEMO;;HTTP/portal.demo.nopcap.net;;;;AES256;;;;;;;
2026-09-22T09:52:39;DC01;kerberos;4769;;;svc_sql@DEMO.NOPCAP.NET;DEMO;;HOST/app03.demo.nopcap.net;;;;AES256;;;;;;;
2026-09-22T09:52:16;APP03;outgoing;8001;;;s.wagner;DEMO;lsass.exe;cifs/nas01;;;;;;;;;;;C:\Windows\System32\lsass.exe
2026-09-22T09:51:56;DC01;auth;4624;NTLMv2;Direct;svc_sql;DEMO;;;WKS-0413;10.14.21.138;3;;;;;;;;
2026-09-22T09:51:37;DC01;kerberos;4769;;;a.klein@DEMO.NOPCAP.NET;DEMO;;HOST/app03.demo.nopcap.net;;;;AES256;;;;;;;
2026-09-22T09:49:41;DC01;kerberos;4769;;;svc_monitor@DEMO.NOPCAP.NET;DEMO;;MSSQLSvc/sql01.demo.nopcap.net:1433;;;;AES256;;;;;;;
2026-09-22T09:48:55;DC01;auth;4624;NTLMv2;Direct;p.neumann;DEMO;;;WKS-0253;10.14.23.214;3;;;;;;;;
2026-09-22T09:46:27;DC02;kerberos;4769;;;k.lorenz@DEMO.NOPCAP.NET;DEMO;;MSSQLSvc/sql01.demo.nopcap.net:1433;;;;AES256;;;;;;;
2026-09-22T09:45:49;DC02;kerberos;4769;;;m.becker@DEMO.NOPCAP.NET;DEMO;;HOST/app03.demo.nopcap.net;;;;AES256;;;;;;;
2026-09-22T09:38:51;DC01;kerberos;4769;;;NB-1334$@DEMO.NOPCAP.NET;DEMO;;ldap/dc02.demo.nopcap.net;;;;AES256;;;;;;;
2026-09-22T09:35:34;DC02;kerberos;4769;;;svc_backup@DEMO.NOPCAP.NET;DEMO;;TERMSRV/vdi-broker.demo.nopcap.net;;;;AES256;;;;;;;
2026-09-22T09:32:53;WKS-0421;cgblock;4014;;Blocked;;DEMO;svchost.exe;;;;;;;;;;;;C:\Windows\System32\svchost.exe
2026-09-22T09:30:18;DC01;kerberos;4769;;;a.klein@DEMO.NOPCAP.NET;DEMO;;HOST/app03.demo.nopcap.net;;;;AES256;;;;;;;
2026-09-22T09:25:31;DC01;kerberos;4769;;;s.wagner@DEMO.NOPCAP.NET;DEMO;;ldap/dc02.demo.nopcap.net;;;;AES256;;;;;;;
2026-09-22T09:25:22;DC01;kerberos;4769;;;VDI-045$@DEMO.NOPCAP.NET;DEMO;;HOST/app03.demo.nopcap.net;;;;AES256;;;;;;;
2026-09-22T09:24:03;DC01;kerberos;4769;;;VDI-035$@DEMO.NOPCAP.NET;DEMO;;ldap/dc02.demo.nopcap.net;;;;AES256;;;;;;;
2026-09-22T09:22:36;APP03;outgoing;8001;;;t.hoffmann;DEMO;lsass.exe;cifs/nas01;;;;;;;;;;;C:\Windows\System32\lsass.exe
2026-09-22T09:20:25;APP03;outgoing;8001;;;d.fischer;DEMO;svchost.exe;ldap/dc01.demo.nopcap.net;;;;;;;;;;;C:\Windows\System32\svchost.exe
2026-09-22T09:19:40;DC01;kerberos;4769;;;svc_monitor@DEMO.NOPCAP.NET;DEMO;;MSSQLSvc/sql01.demo.nopcap.net:1433;;;;AES256;;;;;;;
2026-09-22T09:19:02;DC02;kerberos;4769;;;administrator@DEMO.NOPCAP.NET;DEMO;;cifs/fs01.demo.nopcap.net;;;;AES256;;;;;;;
2026-09-22T09:15:40;DC01;kerberos;4769;;;d.fischer@DEMO.NOPCAP.NET;DEMO;;MSSQLSvc/sql01.demo.nopcap.net:1433;;;;AES256;;;;;;;
2026-09-22T09:08:42;APP03;outgoing;8001;;;svc_sql;DEMO;mmc.exe;cifs/10.14.22.31;;;;;;;;;;;C:\Windows\System32\mmc.exe
2026-09-22T09:05:00;DC02;kerberos;4769;;;a.klein@DEMO.NOPCAP.NET;DEMO;;TERMSRV/vdi-broker.demo.nopcap.net;;;;AES256;;;;;;;
2026-09-22T09:03:36;DC01;kerberos;4769;;;VDI-052$@DEMO.NOPCAP.NET;DEMO;;TERMSRV/vdi-broker.demo.nopcap.net;;;;AES256;;;;;;;
2026-09-22T09:00:27;WKS-0421;outgoing;4001;;Blocked;svc_backup;DEMO;svchost.exe;ldap/dc01.demo.nopcap.net;;;;;;;;;;;C:\Windows\System32\svchost.exe
2026-09-22T08:59:37;WKS-0421;cgblock;4013;NTLMv1;Blocked;j.schulz;DEMO;explorer.exe;nas01;;;;;;;;;;;C:\Windows\explorer.exe
2026-09-22T08:49:35;DC02;kerberos;4769;;;t.hoffmann@DEMO.NOPCAP.NET;DEMO;;MSSQLSvc/sql01.demo.nopcap.net:1433;;;;AES256;;;;;;;
2026-09-22T08:34:15;FS01;outgoing;8001;;;svc_backup;DEMO;msedge.exe;HTTP/intranet;;;;;;;;;;;C:\Program Files (x86)\Microsoft\Edge\Application\msedge.exe
2026-09-22T08:28:40;FS01;outgoing;8001;;;svc_sql;DEMO;msedge.exe;HTTP/intranet;;;;;;;;;;;C:\Program Files (x86)\Microsoft\Edge\Application\msedge.exe
2026-09-22T08:27:29;DC01;kerberos;4769;;;WKS-0773$@DEMO.NOPCAP.NET;DEMO;;HOST/app03.demo.nopcap.net;;;;AES256;;;;;;;
2026-09-22T08:26:57;DC01;kerberos;4769;;;k.lorenz@DEMO.NOPCAP.NET;DEMO;;MSSQLSvc/sql01.demo.nopcap.net:1433;;;;AES256;;;;;;;
2026-09-22T08:15:03;DC02;kerberos;4769;;;m.becker@DEMO.NOPCAP.NET;DEMO;;ldap/dc02.demo.nopcap.net;;;;AES256;;;;;;;
2026-09-22T08:14:46;DC02;kerberos;4769;;;d.fischer@DEMO.NOPCAP.NET;DEMO;;HOST/app03.demo.nopcap.net;;;;AES256;;;;;;;
2026-09-22T08:10:05;DC02;kerberos;4769;;;svc_backup@DEMO.NOPCAP.NET;DEMO;;ldap/dc02.demo.nopcap.net;;;;AES256;;;;;;;
2026-09-22T08:02:07;DC02;kerberos;4769;;;svc_backup@DEMO.NOPCAP.NET;DEMO;;HOST/app03.demo.nopcap.net;;;;AES256;;;;;;;
2026-09-21T17:53:04;APP03;incoming;8002;;;WKS-0421$;DEMO;w3wp.exe;;;;;;;;;;;;
2026-09-21T17:50:57;DC01;kerberos;4769;;;m.becker@DEMO.NOPCAP.NET;DEMO;;MSSQLSvc/sql01.demo.nopcap.net:1433;;;;AES256;;;;;;;
2026-09-21T17:50:52;DC01;kerberos;4769;;;VDI-015$@DEMO.NOPCAP.NET;DEMO;;ldap/dc01.demo.nopcap.net;;;;AES256;;;;;;;
2026-09-21T17:48:47;DC01;kerberos;4769;;;svc_monitor@DEMO.NOPCAP.NET;DEMO;;ldap/dc02.demo.nopcap.net;;;;AES256;;;;;;;
2026-09-21T17:34:32;DC02;auth;4624;NTLMv2;Direct;k.lorenz;DEMO;;;VDI-061;10.14.24.160;3;;;;;;;;
2026-09-21T17:26:19;DC01;kerberos;4769;;;VDI-039$@DEMO.NOPCAP.NET;DEMO;;HOST/app03.demo.nopcap.net;;;;AES256;;;;;;;
2026-09-21T17:25:54;APP03;outgoing;8001;;;svc_web;DEMO;msedge.exe;HTTP/intranet;;;;;;;;;;;C:\Program Files (x86)\Microsoft\Edge\Application\msedge.exe
2026-09-21T17:21:27;DC01;kerberos;4769;;;WKS-0425$@DEMO.NOPCAP.NET;DEMO;;TERMSRV/vdi-broker.demo.nopcap.net;;;;AES256;;;;;;;
2026-09-21T17:17:23;DC02;kerberos;4769;;;svc_web@DEMO.NOPCAP.NET;DEMO;;HOST/app03.demo.nopcap.net;;;;RC4;;;;;;;
2026-09-21T17:10:08;DC01;kerberos;4769;;;WKS-0314$@DEMO.NOPCAP.NET;DEMO;;TERMSRV/vdi-broker.demo.nopcap.net;;;;AES256;;;;;;;
2026-09-21T17:07:30;WKS-0421;outgoing;4020;NTLMv2;Direct;p.neumann;DEMO;lsass.exe;cifs/nas01;;;;;Target name could not be resolved by Kerberos;6;Unprotected;None;;;C:\Windows\System32\lsass.exe
2026-09-21T17:04:02;DC01;kerberos;4769;;;j.schulz@DEMO.NOPCAP.NET;DEMO;;cifs/fs01.demo.nopcap.net;;;;AES256;;;;;;;
2026-09-21T16:57:36;DC01;kerberos;4769;;;svc_backup@DEMO.NOPCAP.NET;DEMO;;cifs/fs01.demo.nopcap.net;;;;AES256;;;;;;;
2026-09-21T16:55:15;DC01;kerberos;4769;;;NB-1134$@DEMO.NOPCAP.NET;DEMO;;MSSQLSvc/sql01.demo.nopcap.net:1433;;;;AES256;;;;;;;
2026-09-21T16:54:53;DC02;kerberos;4769;;;administrator@DEMO.NOPCAP.NET;DEMO;;cifs/fs01.demo.nopcap.net;;;;AES256;;;;;;;
2026-09-21T16:54:01;DC02;auth;4624;NTLMv2;Direct;t.hoffmann;DEMO;;;WKS-0835;10.14.20.244;3;;;;;;;;
2026-09-21T16:51:03;DC01;kerberos;4769;;;m.becker@DEMO.NOPCAP.NET;DEMO;;cifs/fs01.demo.nopcap.net;;;;AES256;;;;;;;
2026-09-21T16:50:13;APP03;outgoing;8001;;;svc_sql;DEMO;lsass.exe;cifs/nas01;;;;;;;;;;;C:\Windows\System32\lsass.exe
2026-09-21T16:49:28;DC01;kerberos;4769;;;WKS-0163$@DEMO.NOPCAP.NET;DEMO;;HOST/app03.demo.nopcap.net;;;;AES256;;;;;;;
2026-09-21T16:47:45;DC01;kerberos;4769;;;WKS-0837$@DEMO.NOPCAP.NET;DEMO;;ldap/dc02.demo.nopcap.net;;;;AES256;;;;;;;
2026-09-21T16:47:18;DC01;kerberos;4769;;;VDI-069$@DEMO.NOPCAP.NET;DEMO;;ldap/dc01.demo.nopcap.net;;;;AES256;;;;;;;
2026-09-21T16:45:28;DC01;kerberos;4769;;;WKS-0660$@DEMO.NOPCAP.NET;DEMO;;HTTP/portal.demo.nopcap.net;;;;AES256;;;;;;;
2026-09-21T16:43:28;DC02;auth;4624;NTLMv2;Direct;svc_sql;DEMO;;;NB-1260;10.14.21.125;3;;;;;;;;
2026-09-21T16:36:59;DC01;kerberos;4769;;;k.lorenz@DEMO.NOPCAP.NET;DEMO;;ldap/dc02.demo.nopcap.net;;;;AES256;;;;;;;
2026-09-21T16:34:52;DC01;kerberos;4769;;;a.klein@DEMO.NOPCAP.NET;DEMO;;HOST/app03.demo.nopcap.net;;;;AES256;;;;;;;
2026-09-21T16:34:43;FS01;outgoing;8001;;;administrator;DEMO;svchost.exe;ldap/dc01.demo.nopcap.net;;;;;;;;;;;C:\Windows\System32\svchost.exe
2026-09-21T16:34:17;DC01;kerberos;4769;;;VDI-082$@DEMO.NOPCAP.NET;DEMO;;ldap/dc01.demo.nopcap.net;;;;AES256;;;;;;;
2026-09-21T16:25:49;DC01;auth;4624;NTLMv2;Direct;a.klein;DEMO;;;NB-1321;10.14.20.167;3;;;;;;;;
2026-09-21T16:22:38;DC01;kerberos;4769;;;svc_backup@DEMO.NOPCAP.NET;DEMO;;HTTP/portal.demo.nopcap.net;;;;AES256;;;;;;;
2026-09-21T16:22:36;DC02;kerberos;4769;;;p.neumann@DEMO.NOPCAP.NET;DEMO;;ldap/dc01.demo.nopcap.net;;;;AES256;;;;;;;
2026-09-21T16:19:37;FS01;incoming;8002;;;WKS-0421$;DEMO;svchost.exe;;;;;;;;;;;;
2026-09-21T16:18:14;DC01;kerberos;4769;;;VDI-086$@DEMO.NOPCAP.NET;DEMO;;TERMSRV/vdi-broker.demo.nopcap.net;;;;AES256;;;;;;;
2026-09-21T16:17:13;DC02;kerberos;4769;;;a.klein@DEMO.NOPCAP.NET;DEMO;;ldap/dc01.demo.nopcap.net;;;;AES256;;;;;;;
2026-09-21T16:10:41;DC01;kerberos;4769;;;t.hoffmann@DEMO.NOPCAP.NET;DEMO;;ldap/dc02.demo.nopcap.net;;;;AES256;;;;;;;
2026-09-21T16:08:53;DC02;kerberos;4769;;;k.lorenz@DEMO.NOPCAP.NET;DEMO;;ldap/dc01.demo.nopcap.net;;;;AES256;;;;;;;
2026-09-21T16:03:28;DC02;domain;8004;;;administrator;DEMO;;PRINTSRV01;NB-1146;;;;;;;;;;
2026-09-21T16:02:21;DC01;kerberos;4769;;;svc_sql@DEMO.NOPCAP.NET;DEMO;;ldap/dc02.demo.nopcap.net;;;;AES256;;;;;;;
2026-09-21T16:01:20;DC01;kerberos;4769;;;NB-1182$@DEMO.NOPCAP.NET;DEMO;;HOST/app03.demo.nopcap.net;;;;AES256;;;;;;;
2026-09-21T15:51:34;WKS-0421;outgoing;4020;NTLMv2;Direct;svc_sql;DEMO;msedge.exe;HTTP/intranet;;;;;Target name could not be resolved by Kerberos;6;Unprotected;None;;;C:\Program Files (x86)\Microsoft\Edge\Application\msedge.exe
2026-09-21T15:49:26;APP03;outgoing;8001;;;s.wagner;DEMO;spoolsv.exe;cifs/printsrv01;;;;;;;;;;;C:\Windows\System32\spoolsv.exe
2026-09-21T15:49:12;DC01;kerberos;4769;;;VDI-038$@DEMO.NOPCAP.NET;DEMO;;HTTP/portal.demo.nopcap.net;;;;AES256;;;;;;;
2026-09-21T15:43:43;DC01;kerberos;4769;;;svc_web@DEMO.NOPCAP.NET;DEMO;;cifs/fs01.demo.nopcap.net;;;;RC4;;;;;;;
2026-09-21T15:39:55;DC01;kerberos;4769;;;VDI-078$@DEMO.NOPCAP.NET;DEMO;;MSSQLSvc/sql01.demo.nopcap.net:1433;;;;AES256;;;;;;;
2026-09-21T15:39:22;DC01;kerberos;4769;;;s.wagner@DEMO.NOPCAP.NET;DEMO;;ldap/dc01.demo.nopcap.net;;;;AES256;;;;;;;
2026-09-21T15:34:34;DC01;kerberos;4769;;;s.wagner@DEMO.NOPCAP.NET;DEMO;;ldap/dc01.demo.nopcap.net;;;;AES256;;;;;;;
2026-09-21T15:33:47;DC01;kerberos;4769;;;WKS-0287$@DEMO.NOPCAP.NET;DEMO;;MSSQLSvc/sql01.demo.nopcap.net:1433;;;;AES256;;;;;;;
2026-09-21T15:30:58;FS01;outgoing;8001;;;m.becker;DEMO;lsass.exe;cifs/nas01;;;;;;;;;;;C:\Windows\System32\lsass.exe
2026-09-21T15:25:55;DC01;kerberos;4769;;;WKS-0130$@DEMO.NOPCAP.NET;DEMO;;ldap/dc02.demo.nopcap.net;;;;AES256;;;;;;;
2026-09-21T15:25:10;DC01;domain;8004;;;svc_backup;DEMO;;FS01;WKS-0746;;;;;;;;;;
2026-09-21T15:21:48;DC02;kerberos;4769;;;s.wagner@DEMO.NOPCAP.NET;DEMO;;MSSQLSvc/sql01.demo.nopcap.net:1433;;;;AES256;;;;;;;
2026-09-21T15:20:46;WKS-0421;cgblock;4013;NTLMv1;Blocked;m.becker;DEMO;explorer.exe;nas01;;;;;;;;;;;C:\Windows\explorer.exe
2026-09-21T15:19:37;DC02;kerberos;4769;;;d.fischer@DEMO.NOPCAP.NET;DEMO;;HTTP/portal.demo.nopcap.net;;;;AES256;;;;;;;
2026-09-21T15:17:38;DC01;kerberos;4769;;;k.lorenz@DEMO.NOPCAP.NET;DEMO;;MSSQLSvc/sql01.demo.nopcap.net:1433;;;;AES256;;;;;;;
2026-09-21T15:14:20;DC01;kerberos;4769;;;VDI-019$@DEMO.NOPCAP.NET;DEMO;;HOST/app03.demo.nopcap.net;;;;AES256;;;;;;;
2026-09-21T15:05:49;DC02;kerberos;4769;;;d.fischer@DEMO.NOPCAP.NET;DEMO;;HTTP/portal.demo.nopcap.net;;;;AES256;;;;;;;
2026-09-21T15:01:45;DC02;domain;8004;;;t.hoffmann;DEMO;;APP03;NB-1216;;;;;;;;;;
2026-09-21T14:59:54;DC02;auth;4624;NTLMv2;Direct;svc_monitor;DEMO;;;VDI-055;10.14.20.178;3;;;;;;;;
2026-09-21T14:59:02;DC01;kerberos;4769;;;VDI-070$@DEMO.NOPCAP.NET;DEMO;;cifs/fs01.demo.nopcap.net;;;;AES256;;;;;;;
2026-09-21T14:55:25;DC01;kerberos;4769;;;p.neumann@DEMO.NOPCAP.NET;DEMO;;HOST/app03.demo.nopcap.net;;;;AES256;;;;;;;
2026-09-21T14:54:07;DC01;kerberos;4769;;;WKS-0758$@DEMO.NOPCAP.NET;DEMO;;HTTP/portal.demo.nopcap.net;;;;AES256;;;;;;;
2026-09-21T14:53:58;APP03;outgoing;8001;;;s.wagner;DEMO;explorer.exe;cifs/fs01.demo.nopcap.net;;;;;;;;;;;C:\Windows\explorer.exe
2026-09-21T14:52:30;FS01;outgoing;8001;;;k.lorenz;DEMO;lsass.exe;cifs/nas01;;;;;;;;;;;C:\Windows\System32\lsass.exe
2026-09-21T14:52:00;DC02;kerberos;4769;;;k.lorenz@DEMO.NOPCAP.NET;DEMO;;TERMSRV/vdi-broker.demo.nopcap.net;;;;AES256;;;;;;;
2026-09-21T14:50:31;FS01;outgoing;8001;;;s.wagner;DEMO;explorer.exe;cifs/fs01.demo.nopcap.net;;;;;;;;;;;C:\Windows\explorer.exe
2026-09-21T14:48:42;DC01;kerberos;4769;;;j.schulz@DEMO.NOPCAP.NET;DEMO;;ldap/dc02.demo.nopcap.net;;;;AES256;;;;;;;
2026-09-21T14:48:09;DC01;kerberos;4769;;;svc_web@DEMO.NOPCAP.NET;DEMO;;ldap/dc02.demo.nopcap.net;;;;AES256;;;;;;;
2026-09-21T14:46:56;DC02;kerberos;4769;;;k.lorenz@DEMO.NOPCAP.NET;DEMO;;cifs/fs01.demo.nopcap.net;;;;AES256;;;;;;;
2026-09-21T14:45:53;DC01;kerberos;4769;;;NB-1192$@DEMO.NOPCAP.NET;DEMO;;TERMSRV/vdi-broker.demo.nopcap.net;;;;AES256;;;;;;;
2026-09-21T14:40:03;DC01;kerberos;4769;;;NB-1145$@DEMO.NOPCAP.NET;DEMO;;cifs/fs01.demo.nopcap.net;;;;AES256;;;;;;;
2026-09-21T14:39:18;DC01;kerberos;4769;;;WKS-0350$@DEMO.NOPCAP.NET;DEMO;;ldap/dc02.demo.nopcap.net;;;;AES256;;;;;;;
2026-09-21T14:37:09;DC01;kerberos;4769;;;WKS-0288$@DEMO.NOPCAP.NET;DEMO;;HOST/app03.demo.nopcap.net;;;;AES256;;;;;;;
2026-09-21T14:35:24;DC01;kerberos;4769;;;svc_sql@DEMO.NOPCAP.NET;DEMO;;HTTP/portal.demo.nopcap.net;;;;AES256;;;;;;;
2026-09-21T14:31:34;DC02;kerberos;4769;;;svc_monitor@DEMO.NOPCAP.NET;DEMO;;ldap/dc02.demo.nopcap.net;;;;AES256;;;;;;;
2026-09-21T14:29:02;DC02;kerberos;4769;;;j.schulz@DEMO.NOPCAP.NET;DEMO;;TERMSRV/vdi-broker.demo.nopcap.net;;;;AES256;;;;;;;
2026-09-21T14:26:26;DC01;kerberos;4769;;;j.schulz@DEMO.NOPCAP.NET;DEMO;;HOST/app03.demo.nopcap.net;;;;AES256;;;;;;;
2026-09-21T14:25:56;DC01;kerberos;4769;;;WKS-0435$@DEMO.NOPCAP.NET;DEMO;;ldap/dc01.demo.nopcap.net;;;;AES256;;;;;;;
2026-09-21T14:19:07;DC01;kerberos;4769;;;WKS-0779$@DEMO.NOPCAP.NET;DEMO;;HTTP/portal.demo.nopcap.net;;;;AES256;;;;;;;
2026-09-21T14:18:50;DC01;kerberos;4769;;;d.fischer@DEMO.NOPCAP.NET;DEMO;;cifs/fs01.demo.nopcap.net;;;;AES256;;;;;;;
2026-09-21T14:13:53;DC01;kerberos;4769;;;t.hoffmann@DEMO.NOPCAP.NET;DEMO;;HTTP/portal.demo.nopcap.net;;;;AES256;;;;;;;
2026-09-21T14:11:50;DC02;kerberos;4769;;;s.wagner@DEMO.NOPCAP.NET;DEMO;;HTTP/portal.demo.nopcap.net;;;;AES256;;;;;;;
2026-09-21T14:05:27;DC02;auth;4624;NTLMv2;Direct;d.fischer;DEMO;;;WKS-0523;10.14.21.245;3;;;;;;;;
2026-09-21T14:04:09;DC01;kerberos;4769;;;k.lorenz@DEMO.NOPCAP.NET;DEMO;;ldap/dc02.demo.nopcap.net;;;;AES256;;;;;;;
2026-09-21T14:03:46;DC01;kerberos;4769;;;svc_monitor@DEMO.NOPCAP.NET;DEMO;;ldap/dc01.demo.nopcap.net;;;;AES256;;;;;;;
2026-09-21T14:01:51;FS01;outgoing;8001;;;a.klein;DEMO;msedge.exe;HTTP/intranet;;;;;;;;;;;C:\Program Files (x86)\Microsoft\Edge\Application\msedge.exe
2026-09-21T14:01:04;DC01;kerberos;4769;;;NB-1369$@DEMO.NOPCAP.NET;DEMO;;ldap/dc01.demo.nopcap.net;;;;AES256;;;;;;;
2026-09-21T13:56:51;DC01;kerberos;4769;;;j.schulz@DEMO.NOPCAP.NET;DEMO;;TERMSRV/vdi-broker.demo.nopcap.net;;;;AES256;;;;;;;
2026-09-21T13:44:40;DC01;domain;8004;;;svc_web;DEMO;;ARCHIVE01;VDI-022;;;;;;;;;;
2026-09-21T13:36:10;DC01;kerberos;4769;;;WKS-0810$@DEMO.NOPCAP.NET;DEMO;;HOST/app03.demo.nopcap.net;;;;AES256;;;;;;;
2026-09-21T13:35:42;APP03;incoming;8003;;;administrator;DEMO;sqlservr.exe;;VDI-069;;3;;;;;;;;
2026-09-21T13:34:16;DC01;kerberos;4769;;;WKS-0698$@DEMO.NOPCAP.NET;DEMO;;MSSQLSvc/sql01.demo.nopcap.net:1433;;;;AES256;;;;;;;
2026-09-21T13:33:30;DC02;kerberos;4769;;;svc_backup@DEMO.NOPCAP.NET;DEMO;;MSSQLSvc/sql01.demo.nopcap.net:1433;;;;AES256;;;;;;;
2026-09-21T13:31:52;DC02;kerberos;4769;;;t.hoffmann@DEMO.NOPCAP.NET;DEMO;;ldap/dc02.demo.nopcap.net;;;;AES256;;;;;;;
2026-09-21T13:26:49;DC02;domain;8004;;;j.schulz;DEMO;;NAS01;NB-1308;;;;;;;;;;
2026-09-21T13:26:33;APP03;outgoing;8001;;;svc_web;DEMO;lsass.exe;cifs/nas01;;;;;;;;;;;C:\Windows\System32\lsass.exe
2026-09-21T13:17:31;DC01;kerberos;4769;;;WKS-0410$@DEMO.NOPCAP.NET;DEMO;;ldap/dc01.demo.nopcap.net;;;;AES256;;;;;;;
2026-09-21T13:16:51;DC01;kerberos;4769;;;svc_monitor@DEMO.NOPCAP.NET;DEMO;;MSSQLSvc/sql01.demo.nopcap.net:1433;;;;AES256;;;;;;;
2026-09-21T13:16:18;APP03;outgoing;8001;;;svc_backup;DEMO;lsass.exe;cifs/nas01;;;;;;;;;;;C:\Windows\System32\lsass.exe
2026-09-21T13:10:39;DC01;kerberos;4769;;;administrator@DEMO.NOPCAP.NET;DEMO;;ldap/dc02.demo.nopcap.net;;;;AES256;;;;;;;
2026-09-21T13:07:06;DC01;kerberos;4769;;;svc_backup@DEMO.NOPCAP.NET;DEMO;;HOST/app03.demo.nopcap.net;;;;AES256;;;;;;;
2026-09-21T13:06:03;DC01;kerberos;4769;;;WKS-0274$@DEMO.NOPCAP.NET;DEMO;;ldap/dc02.demo.nopcap.net;;;;AES256;;;;;;;
2026-09-21T13:01:56;DC01;kerberos;4769;;;svc_monitor@DEMO.NOPCAP.NET;DEMO;;cifs/fs01.demo.nopcap.net;;;;AES256;;;;;;;
2026-09-21T13:01:29;DC01;kerberos;4769;;;WKS-0504$@DEMO.NOPCAP.NET;DEMO;;MSSQLSvc/sql01.demo.nopcap.net:1433;;;;AES256;;;;;;;
2026-09-21T13:01:14;WKS-0421;outgoing;4020;NTLMv2;Direct;svc_monitor;DEMO;EXCEL.EXE;cifs/fs01.demo.nopcap.net;;;;;Application called NTLM directly;1;Unprotected;None;;;C:\Program Files\Microsoft Office\root\Office16\EXCEL.EXE
2026-09-21T12:55:56;FS01;outgoing;8001;;;a.klein;DEMO;wsmprovhost.exe;HOST/app03;;;;;;;;;;;C:\Windows\System32\wsmprovhost.exe
2026-09-21T12:51:54;DC02;kerberos;4769;;;svc_sql@DEMO.NOPCAP.NET;DEMO;;TERMSRV/vdi-broker.demo.nopcap.net;;;;AES256;;;;;;;
2026-09-21T12:43:51;DC02;kerberos;4769;;;svc_web@DEMO.NOPCAP.NET;DEMO;;ldap/dc01.demo.nopcap.net;;;;RC4;;;;;;;
2026-09-21T12:43:01;FS01;outgoing;8001;;;a.klein;DEMO;lsass.exe;cifs/nas01;;;;;;;;;;;C:\Windows\System32\lsass.exe
2026-09-21T12:41:50;DC02;auth;4624;NTLMv2;Direct;administrator;DEMO;;;WKS-0220;10.14.23.162;3;;;;;;;;
2026-09-21T12:40:19;DC01;kerberos;4769;;;WKS-0653$@DEMO.NOPCAP.NET;DEMO;;HOST/app03.demo.nopcap.net;;;;AES256;;;;;;;
2026-09-21T12:36:46;DC01;kerberos;4769;;;WKS-0890$@DEMO.NOPCAP.NET;DEMO;;TERMSRV/vdi-broker.demo.nopcap.net;;;;AES256;;;;;;;
2026-09-21T12:35:24;DC01;kerberos;4769;;;svc_web@DEMO.NOPCAP.NET;DEMO;;cifs/fs01.demo.nopcap.net;;;;AES256;;;;;;;
2026-09-21T12:33:58;DC01;kerberos;4769;;;svc_sql@DEMO.NOPCAP.NET;DEMO;;HTTP/portal.demo.nopcap.net;;;;AES256;;;;;;;
2026-09-21T12:33:25;DC01;auth;4624;NTLMv2;Direct;svc_web;DEMO;;;WKS-0353;10.14.20.32;3;;;;;;;;
2026-09-21T12:32:15;DC02;kerberos;4769;;;j.schulz@DEMO.NOPCAP.NET;DEMO;;HTTP/portal.demo.nopcap.net;;;;AES256;;;;;;;
2026-09-21T12:30:04;DC01;kerberos;4769;;;a.klein@DEMO.NOPCAP.NET;DEMO;;HOST/app03.demo.nopcap.net;;;;AES256;;;;;;;
2026-09-21T12:28:45;DC02;kerberos;4769;;;svc_web@DEMO.NOPCAP.NET;DEMO;;HTTP/portal.demo.nopcap.net;;;;RC4;;;;;;;
2026-09-21T12:28:08;DC01;kerberos;4769;;;svc_backup@DEMO.NOPCAP.NET;DEMO;;cifs/fs01.demo.nopcap.net;;;;AES256;;;;;;;
2026-09-21T12:27:26;DC02;kerberos;4769;;;k.lorenz@DEMO.NOPCAP.NET;DEMO;;TERMSRV/vdi-broker.demo.nopcap.net;;;;AES256;;;;;;;
2026-09-21T12:27:24;DC01;kerberos;4769;;;svc_web@DEMO.NOPCAP.NET;DEMO;;cifs/fs01.demo.nopcap.net;;;;RC4;;;;;;;
2026-09-21T12:23:51;DC01;kerberos;4769;;;a.klein@DEMO.NOPCAP.NET;DEMO;;HOST/app03.demo.nopcap.net;;;;AES256;;;;;;;
2026-09-21T12:23:46;DC02;kerberos;4769;;;svc_sql@DEMO.NOPCAP.NET;DEMO;;ldap/dc01.demo.nopcap.net;;;;AES256;;;;;;;
2026-09-21T12:21:33;DC01;kerberos;4769;;;VDI-037$@DEMO.NOPCAP.NET;DEMO;;TERMSRV/vdi-broker.demo.nopcap.net;;;;AES256;;;;;;;
2026-09-21T12:20:31;APP03;outgoing;8001;;;d.fischer;DEMO;svchost.exe;ldap/dc01.demo.nopcap.net;;;;;;;;;;;C:\Windows\System32\svchost.exe
2026-09-21T12:10:42;DC01;kerberos;4769;;;NB-1270$@DEMO.NOPCAP.NET;DEMO;;HOST/app03.demo.nopcap.net;;;;AES256;;;;;;;
2026-09-21T12:08:42;DC01;kerberos;4769;;;svc_monitor@DEMO.NOPCAP.NET;DEMO;;HTTP/portal.demo.nopcap.net;;;;AES256;;;;;;;
2026-09-21T12:07:22;DC01;kerberos;4769;;;t.hoffmann@DEMO.NOPCAP.NET;DEMO;;ldap/dc01.demo.nopcap.net;;;;AES256;;;;;;;
2026-09-21T12:06:56;DC01;auth;4624;NTLMv2;Direct;p.neumann;DEMO;;;WKS-0114;10.14.21.194;3;;;;;;;;
2026-09-21T12:06:06;DC01;kerberos;4769;;;VDI-071$@DEMO.NOPCAP.NET;DEMO;;HTTP/portal.demo.nopcap.net;;;;AES256;;;;;;;
2026-09-21T12:04:45;DC01;kerberos;4769;;;a.klein@DEMO.NOPCAP.NET;DEMO;;cifs/fs01.demo.nopcap.net;;;;AES256;;;;;;;
2026-09-21T11:57:06;WKS-0421;cgblock;4014;;Blocked;;DEMO;svchost.exe;;;;;;;;;;;;C:\Windows\System32\svchost.exe
2026-09-21T11:55:37;FS01;outgoing;8001;;;svc_sql;DEMO;mmc.exe;cifs/10.14.22.31;;;;;;;;;;;C:\Windows\System32\mmc.exe
2026-09-21T11:52:56;DC01;kerberos;4769;;;VDI-047$@DEMO.NOPCAP.NET;DEMO;;HOST/app03.demo.nopcap.net;;;;AES256;;;;;;;
2026-09-21T11:45:44;DC02;kerberos;4769;;;s.wagner@DEMO.NOPCAP.NET;DEMO;;cifs/fs01.demo.nopcap.net;;;;AES256;;;;;;;
2026-09-21T11:45:24;DC02;domain;8004;;;administrator;DEMO;;ERP-TEST;VDI-073;;;;;;;;;;
2026-09-21T11:37:21;DC01;kerberos;4769;;;svc_backup@DEMO.NOPCAP.NET;DEMO;;MSSQLSvc/sql01.demo.nopcap.net:1433;;;;AES256;;;;;;;
2026-09-21T11:33:27;DC01;kerberos;4769;;;VDI-014$@DEMO.NOPCAP.NET;DEMO;;ldap/dc02.demo.nopcap.net;;;;AES256;;;;;;;
2026-09-21T11:29:16;DC01;kerberos;4769;;;administrator@DEMO.NOPCAP.NET;DEMO;;cifs/fs01.demo.nopcap.net;;;;AES256;;;;;;;
2026-09-21T11:25:47;DC02;kerberos;4769;;;t.hoffmann@DEMO.NOPCAP.NET;DEMO;;HTTP/portal.demo.nopcap.net;;;;AES256;;;;;;;
2026-09-21T11:23:39;DC01;kerberos;4769;;;WKS-0821$@DEMO.NOPCAP.NET;DEMO;;ldap/dc02.demo.nopcap.net;;;;AES256;;;;;;;
2026-09-21T11:22:11;DC01;kerberos;4769;;;m.becker@DEMO.NOPCAP.NET;DEMO;;HTTP/portal.demo.nopcap.net;;;;AES256;;;;;;;
2026-09-21T11:21:15;WKS-0421;outgoing;4020;NTLMv2;Direct;a.klein;DEMO;lsass.exe;cifs/nas01;;;;;Target name could not be resolved by Kerberos;6;Unprotected;None;;;C:\Windows\System32\lsass.exe
2026-09-21T11:20:57;DC02;kerberos;4769;;;a.klein@DEMO.NOPCAP.NET;DEMO;;HTTP/portal.demo.nopcap.net;;;;AES256;;;;;;;
2026-09-21T11:20:13;DC01;kerberos;4769;;;a.klein@DEMO.NOPCAP.NET;DEMO;;MSSQLSvc/sql01.demo.nopcap.net:1433;;;;AES256;;;;;;;
2026-09-21T11:15:14;DC01;kerberos;4769;;;VDI-070$@DEMO.NOPCAP.NET;DEMO;;cifs/fs01.demo.nopcap.net;;;;AES256;;;;;;;
2026-09-21T11:15:04;DC01;kerberos;4769;;;t.hoffmann@DEMO.NOPCAP.NET;DEMO;;HTTP/portal.demo.nopcap.net;;;;AES256;;;;;;;
2026-09-21T11:14:00;DC02;kerberos;4769;;;t.hoffmann@DEMO.NOPCAP.NET;DEMO;;MSSQLSvc/sql01.demo.nopcap.net:1433;;;;AES256;;;;;;;
2026-09-21T11:11:24;DC01;kerberos;4769;;;NB-1318$@DEMO.NOPCAP.NET;DEMO;;ldap/dc01.demo.nopcap.net;;;;AES256;;;;;;;
2026-09-21T11:10:09;DC01;kerberos;4769;;;WKS-0541$@DEMO.NOPCAP.NET;DEMO;;MSSQLSvc/sql01.demo.nopcap.net:1433;;;;AES256;;;;;;;
2026-09-21T11:09:50;FS01;outgoing;8001;;;t.hoffmann;DEMO;msedge.exe;HTTP/intranet;;;;;;;;;;;C:\Program Files (x86)\Microsoft\Edge\Application\msedge.exe
2026-09-21T11:06:21;DC02;kerberos;4769;;;j.schulz@DEMO.NOPCAP.NET;DEMO;;ldap/dc01.demo.nopcap.net;;;;AES256;;;;;;;
2026-09-21T11:05:37;DC01;kerberos;4769;;;svc_backup@DEMO.NOPCAP.NET;DEMO;;TERMSRV/vdi-broker.demo.nopcap.net;;;;AES256;;;;;;;
2026-09-21T11:03:30;DC01;kerberos;4769;;;j.schulz@DEMO.NOPCAP.NET;DEMO;;HTTP/portal.demo.nopcap.net;;;;AES256;;;;;;;
2026-09-21T11:02:18;DC02;kerberos;4769;;;d.fischer@DEMO.NOPCAP.NET;DEMO;;TERMSRV/vdi-broker.demo.nopcap.net;;;;AES256;;;;;;;
2026-09-21T11:00:10;DC01;kerberos;4769;;;d.fischer@DEMO.NOPCAP.NET;DEMO;;MSSQLSvc/sql01.demo.nopcap.net:1433;;;;AES256;;;;;;;
2026-09-21T11:00:06;FS01;outgoing;8001;;;administrator;DEMO;svchost.exe;ldap/dc01.demo.nopcap.net;;;;;;;;;;;C:\Windows\System32\svchost.exe
2026-09-21T10:58:13;DC01;auth;4624;NTLMv2;Direct;d.fischer;DEMO;;;WKS-0692;10.14.21.216;3;;;;;;;;
2026-09-21T10:57:22;DC01;kerberos;4769;;;t.hoffmann@DEMO.NOPCAP.NET;DEMO;;cifs/fs01.demo.nopcap.net;;;;AES256;;;;;;;
2026-09-21T10:52:52;DC01;kerberos;4769;;;NB-1302$@DEMO.NOPCAP.NET;DEMO;;TERMSRV/vdi-broker.demo.nopcap.net;;;;AES256;;;;;;;
2026-09-21T10:51:18;DC01;kerberos;4769;;;d.fischer@DEMO.NOPCAP.NET;DEMO;;HOST/app03.demo.nopcap.net;;;;AES256;;;;;;;
2026-09-21T10:49:56;DC02;kerberos;4769;;;m.becker@DEMO.NOPCAP.NET;DEMO;;ldap/dc02.demo.nopcap.net;;;;AES256;;;;;;;
2026-09-21T10:49:23;DC01;kerberos;4769;;;d.fischer@DEMO.NOPCAP.NET;DEMO;;MSSQLSvc/sql01.demo.nopcap.net:1433;;;;AES256;;;;;;;
2026-09-21T10:46:50;FS01;incoming;8002;;;APP03$;DEMO;System;;;;;;;;;;;;
2026-09-21T10:40:47;DC01;auth;4624;NTLMv2;Direct;d.fischer;DEMO;;;WKS-0104;10.14.24.7;3;;;;;;;;
2026-09-21T10:39:55;DC01;kerberos;4769;;;WKS-0257$@DEMO.NOPCAP.NET;DEMO;;HOST/app03.demo.nopcap.net;;;;AES256;;;;;;;
2026-09-21T10:37:54;DC02;kerberos;4769;;;p.neumann@DEMO.NOPCAP.NET;DEMO;;HOST/app03.demo.nopcap.net;;;;AES256;;;;;;;
2026-09-21T10:36:26;DC02;kerberos;4769;;;svc_monitor@DEMO.NOPCAP.NET;DEMO;;HTTP/portal.demo.nopcap.net;;;;AES256;;;;;;;
2026-09-21T10:35:11;FS01;outgoing;8001;;;svc_backup;DEMO;System;cifs/fs01.demo.nopcap.net;;;;;;;;;;;
2026-09-21T10:32:54;DC02;kerberos;4769;;;svc_sql@DEMO.NOPCAP.NET;DEMO;;ldap/dc01.demo.nopcap.net;;;;AES256;;;;;;;
2026-09-21T10:30:34;DC02;kerberos;4769;;;t.hoffmann@DEMO.NOPCAP.NET;DEMO;;ldap/dc01.demo.nopcap.net;;;;AES256;;;;;;;
2026-09-21T10:24:31;WKS-0421;outgoing;4020;NTLMv2;Direct;administrator;DEMO;msedge.exe;HTTP/intranet;;;;;Target name could not be resolved by Kerberos;6;Unprotected;None;;;C:\Program Files (x86)\Microsoft\Edge\Application\msedge.exe
2026-09-21T10:15:37;DC01;kerberos;4769;;;WKS-0229$@DEMO.NOPCAP.NET;DEMO;;cifs/fs01.demo.nopcap.net;;;;AES256;;;;;;;
2026-09-21T10:15:17;DC02;kerberos;4769;;;svc_sql@DEMO.NOPCAP.NET;DEMO;;cifs/fs01.demo.nopcap.net;;;;AES256;;;;;;;
2026-09-21T10:08:57;DC01;kerberos;4769;;;m.becker@DEMO.NOPCAP.NET;DEMO;;ldap/dc01.demo.nopcap.net;;;;AES256;;;;;;;
2026-09-21T10:05:28;DC02;kerberos;4769;;;k.lorenz@DEMO.NOPCAP.NET;DEMO;;HOST/app03.demo.nopcap.net;;;;AES256;;;;;;;
2026-09-21T10:04:45;FS01;outgoing;8001;;;svc_backup;DEMO;lsass.exe;cifs/nas01;;;;;;;;;;;C:\Windows\System32\lsass.exe
2026-09-21T10:02:14;DC01;kerberos;4769;;;VDI-076$@DEMO.NOPCAP.NET;DEMO;;cifs/fs01.demo.nopcap.net;;;;AES256;;;;;;;
2026-09-21T09:58:43;DC01;kerberos;4769;;;VDI-082$@DEMO.NOPCAP.NET;DEMO;;ldap/dc02.demo.nopcap.net;;;;AES256;;;;;;;
2026-09-21T09:58:04;WKS-0421;outgoing;4020;NTLMv2;Direct;svc_sql;DEMO;robocopy.exe;cifs/archive01;;;;;Target name could not be resolved by Kerberos;6;Unprotected;None;;;C:\Windows\System32\robocopy.exe
2026-09-21T09:56:45;DC01;kerberos;4769;;;k.lorenz@DEMO.NOPCAP.NET;DEMO;;HTTP/portal.demo.nopcap.net;;;;AES256;;;;;;;
2026-09-21T09:54:17;DC01;incoming;8003;;;p.neumann;DEMO;w3wp.exe;;VDI-038;;3;;;;;;;;
2026-09-21T09:51:32;DC01;kerberos;4769;;;svc_sql@DEMO.NOPCAP.NET;DEMO;;ldap/dc01.demo.nopcap.net;;;;AES256;;;;;;;
2026-09-21T09:48:26;DC01;kerberos;4769;;;NB-1070$@DEMO.NOPCAP.NET;DEMO;;cifs/fs01.demo.nopcap.net;;;;AES256;;;;;;;
2026-09-21T09:47:38;DC02;kerberos;4769;;;svc_monitor@DEMO.NOPCAP.NET;DEMO;;HOST/app03.demo.nopcap.net;;;;AES256;;;;;;;
2026-09-21T09:47:08;DC01;kerberos;4769;;;WKS-0488$@DEMO.NOPCAP.NET;DEMO;;ldap/dc01.demo.nopcap.net;;;;AES256;;;;;;;
2026-09-21T09:41:35;DC01;kerberos;4769;;;WKS-0798$@DEMO.NOPCAP.NET;DEMO;;TERMSRV/vdi-broker.demo.nopcap.net;;;;AES256;;;;;;;
2026-09-21T09:35:23;DC02;kerberos;4769;;;k.lorenz@DEMO.NOPCAP.NET;DEMO;;TERMSRV/vdi-broker.demo.nopcap.net;;;;AES256;;;;;;;
2026-09-21T09:34:58;DC01;kerberos;4769;;;VDI-037$@DEMO.NOPCAP.NET;DEMO;;HTTP/portal.demo.nopcap.net;;;;AES256;;;;;;;
2026-09-21T09:29:13;APP03;outgoing;8001;;;svc_monitor;DEMO;EXCEL.EXE;cifs/fs01.demo.nopcap.net;;;;;;;;;;;C:\Program Files\Microsoft Office\root\Office16\EXCEL.EXE
2026-09-21T09:28:25;WKS-0421;outgoing;8001;;;svc_web;DEMO;spoolsv.exe;cifs/printsrv01;;;;;;;;;;;C:\Windows\System32\spoolsv.exe
2026-09-21T09:25:09;DC02;kerberos;4769;;;k.lorenz@DEMO.NOPCAP.NET;DEMO;;HTTP/portal.demo.nopcap.net;;;;AES256;;;;;;;
2026-09-21T09:23:09;DC01;kerberos;4769;;;WKS-0885$@DEMO.NOPCAP.NET;DEMO;;TERMSRV/vdi-broker.demo.nopcap.net;;;;AES256;;;;;;;
2026-09-21T09:22:48;DC01;kerberos;4769;;;k.lorenz@DEMO.NOPCAP.NET;DEMO;;MSSQLSvc/sql01.demo.nopcap.net:1433;;;;AES256;;;;;;;
2026-09-21T09:21:07;DC01;kerberos;4769;;;a.klein@DEMO.NOPCAP.NET;DEMO;;MSSQLSvc/sql01.demo.nopcap.net:1433;;;;AES256;;;;;;;
2026-09-21T09:17:29;DC01;auth;4624;NTLMv2;Direct;a.klein;DEMO;;;VDI-082;10.14.23.14;3;;;;;;;;
2026-09-21T09:11:52;DC02;kerberos;4769;;;svc_monitor@DEMO.NOPCAP.NET;DEMO;;ldap/dc02.demo.nopcap.net;;;;AES256;;;;;;;
2026-09-21T09:08:51;DC01;kerberos;4769;;;WKS-0520$@DEMO.NOPCAP.NET;DEMO;;cifs/fs01.demo.nopcap.net;;;;AES256;;;;;;;
2026-09-21T09:07:47;DC01;kerberos;4769;;;WKS-0424$@DEMO.NOPCAP.NET;DEMO;;MSSQLSvc/sql01.demo.nopcap.net:1433;;;;AES256;;;;;;;
2026-09-21T09:03:20;DC01;kerberos;4769;;;svc_backup@DEMO.NOPCAP.NET;DEMO;;ldap/dc01.demo.nopcap.net;;;;AES256;;;;;;;
2026-09-21T09:02:07;DC01;kerberos;4769;;;NB-1307$@DEMO.NOPCAP.NET;DEMO;;ldap/dc01.demo.nopcap.net;;;;AES256;;;;;;;
2026-09-21T08:55:00;FS01;outgoing;8001;;;a.klein;DEMO;lsass.exe;cifs/nas01;;;;;;;;;;;C:\Windows\System32\lsass.exe
2026-09-21T08:54:10;DC01;kerberos;4769;;;WKS-0371$@DEMO.NOPCAP.NET;DEMO;;TERMSRV/vdi-broker.demo.nopcap.net;;;;AES256;;;;;;;
2026-09-21T08:54:01;DC01;kerberos;4769;;;t.hoffmann@DEMO.NOPCAP.NET;DEMO;;TERMSRV/vdi-broker.demo.nopcap.net;;;;AES256;;;;;;;
2026-09-21T08:45:15;DC02;kerberos;4769;;;administrator@DEMO.NOPCAP.NET;DEMO;;cifs/fs01.demo.nopcap.net;;;;AES256;;;;;;;
2026-09-21T08:44:29;DC02;kerberos;4769;;;svc_web@DEMO.NOPCAP.NET;DEMO;;TERMSRV/vdi-broker.demo.nopcap.net;;;;AES256;;;;;;;
2026-09-21T08:44:08;DC01;kerberos;4769;;;VDI-011$@DEMO.NOPCAP.NET;DEMO;;ldap/dc02.demo.nopcap.net;;;;AES256;;;;;;;
2026-09-21T08:02:08;DC02;kerberos;4769;;;s.wagner@DEMO.NOPCAP.NET;DEMO;;MSSQLSvc/sql01.demo.nopcap.net:1433;;;;AES256;;;;;;;
2026-09-20T17:34:27;DC02;kerberos;4769;;;a.klein@DEMO.NOPCAP.NET;DEMO;;ldap/dc02.demo.nopcap.net;;;;AES256;;;;;;;
2026-09-20T17:28:34;DC02;kerberos;4769;;;d.fischer@DEMO.NOPCAP.NET;DEMO;;HTTP/portal.demo.nopcap.net;;;;AES256;;;;;;;
2026-09-20T17:14:47;DC01;auth;4624;NTLMv1;Direct;mfp_service;DEMO;;;MFP-EG-02;10.14.30.45;3;;;;;;;;
2026-09-20T16:51:37;DC01;kerberos;4769;;;k.lorenz@DEMO.NOPCAP.NET;DEMO;;HOST/app03.demo.nopcap.net;;;;AES256;;;;;;;
2026-09-20T16:43:45;DC01;domain;4032;NTLMv2;;p.neumann;DEMO;;APP03;VDI-074;;;;;;;;Windows Server 2016 Standard;;
2026-09-20T16:36:45;DC02;kerberos;4769;;;svc_web@DEMO.NOPCAP.NET;DEMO;;HTTP/portal.demo.nopcap.net;;;;AES256;;;;;;;
2026-09-20T16:36:01;DC01;kerberos;4769;;;a.klein@DEMO.NOPCAP.NET;DEMO;;ldap/dc01.demo.nopcap.net;;;;AES256;;;;;;;
2026-09-20T16:34:33;WKS-0421;outgoing;4020;NTLMv2;Direct;svc_monitor;DEMO;explorer.exe;cifs/fs01.demo.nopcap.net;;;;;Application called NTLM directly;1;Unprotected;None;;;C:\Windows\explorer.exe
2026-09-20T16:31:41;DC01;kerberos;4769;;;s.wagner@DEMO.NOPCAP.NET;DEMO;;HOST/app03.demo.nopcap.net;;;;AES256;;;;;;;
2026-09-20T16:31:32;FS01;outgoing;8001;;;svc_sql;DEMO;msedge.exe;HTTP/intranet;;;;;;;;;;;C:\Program Files (x86)\Microsoft\Edge\Application\msedge.exe
2026-09-20T16:25:06;DC01;kerberos;4769;;;WKS-0872$@DEMO.NOPCAP.NET;DEMO;;MSSQLSvc/sql01.demo.nopcap.net:1433;;;;AES256;;;;;;;
2026-09-20T16:13:27;DC01;auth;4624;NTLMv2;Direct;svc_backup;DEMO;;;WKS-0269;10.14.24.116;3;;;;;;;;
2026-09-20T16:03:56;DC02;kerberos;4769;;;d.fischer@DEMO.NOPCAP.NET;DEMO;;TERMSRV/vdi-broker.demo.nopcap.net;;;;AES256;;;;;;;
2026-09-20T15:58:48;DC01;kerberos;4769;;;svc_backup@DEMO.NOPCAP.NET;DEMO;;ldap/dc02.demo.nopcap.net;;;;AES256;;;;;;;
2026-09-20T15:58:20;DC02;kerberos;4769;;;svc_sql@DEMO.NOPCAP.NET;DEMO;;HTTP/portal.demo.nopcap.net;;;;AES256;;;;;;;
2026-09-20T15:56:01;DC01;kerberos;4769;;;k.lorenz@DEMO.NOPCAP.NET;DEMO;;ldap/dc02.demo.nopcap.net;;;;AES256;;;;;;;
2026-09-20T15:55:23;DC01;kerberos;4769;;;NB-1144$@DEMO.NOPCAP.NET;DEMO;;HOST/app03.demo.nopcap.net;;;;AES256;;;;;;;
2026-09-20T15:51:47;DC02;kerberos;4769;;;svc_sql@DEMO.NOPCAP.NET;DEMO;;HTTP/portal.demo.nopcap.net;;;;AES256;;;;;;;
2026-09-20T15:43:26;DC01;kerberos;4769;;;svc_web@DEMO.NOPCAP.NET;DEMO;;cifs/fs01.demo.nopcap.net;;;;RC4;;;;;;;
2026-09-20T15:40:43;DC01;kerberos;4769;;;VDI-034$@DEMO.NOPCAP.NET;DEMO;;ldap/dc02.demo.nopcap.net;;;;AES256;;;;;;;
2026-09-20T15:39:35;DC01;kerberos;4769;;;NB-1320$@DEMO.NOPCAP.NET;DEMO;;ldap/dc02.demo.nopcap.net;;;;AES256;;;;;;;
2026-09-20T15:33:33;APP03;incoming;8002;;;WKS-0421$;DEMO;sqlservr.exe;;;;;;;;;;;;
2026-09-20T15:25:58;DC02;kerberos;4769;;;m.becker@DEMO.NOPCAP.NET;DEMO;;ldap/dc01.demo.nopcap.net;;;;AES256;;;;;;;
2026-09-20T15:19:12;DC02;kerberos;4769;;;a.klein@DEMO.NOPCAP.NET;DEMO;;HOST/app03.demo.nopcap.net;;;;AES256;;;;;;;
2026-09-20T15:19:05;DC01;auth;4624;NTLMv2;Direct;administrator;DEMO;;;NB-1161;10.14.20.50;3;;;;;;;;
2026-09-20T15:08:36;DC01;kerberos;4769;;;WKS-0826$@DEMO.NOPCAP.NET;DEMO;;TERMSRV/vdi-broker.demo.nopcap.net;;;;AES256;;;;;;;
2026-09-20T15:06:32;DC02;kerberos;4769;;;p.neumann@DEMO.NOPCAP.NET;DEMO;;HOST/app03.demo.nopcap.net;;;;AES256;;;;;;;
2026-09-20T15:02:52;DC02;kerberos;4769;;;svc_monitor@DEMO.NOPCAP.NET;DEMO;;ldap/dc01.demo.nopcap.net;;;;AES256;;;;;;;
2026-09-20T14:59:06;APP03;outgoing;8001;;;d.fischer;DEMO;svchost.exe;ldap/dc01.demo.nopcap.net;;;;;;;;;;;C:\Windows\System32\svchost.exe
2026-09-20T14:47:35;WKS-0421;outgoing;4020;NTLMv2;Direct;svc_monitor;DEMO;System;cifs/fs01.demo.nopcap.net;;;;;Application called NTLM directly;1;Unprotected;None;;;
2026-09-20T14:46:56;DC01;kerberos;4769;;;NB-1102$@DEMO.NOPCAP.NET;DEMO;;MSSQLSvc/sql01.demo.nopcap.net:1433;;;;AES256;;;;;;;
2026-09-20T14:44:41;DC01;kerberos;4769;;;t.hoffmann@DEMO.NOPCAP.NET;DEMO;;cifs/fs01.demo.nopcap.net;;;;AES256;;;;;;;
2026-09-20T14:29:37;DC01;kerberos;4769;;;d.fischer@DEMO.NOPCAP.NET;DEMO;;HOST/app03.demo.nopcap.net;;;;AES256;;;;;;;
2026-09-20T14:16:51;DC01;kerberos;4769;;;m.becker@DEMO.NOPCAP.NET;DEMO;;HOST/app03.demo.nopcap.net;;;;AES256;;;;;;;
2026-09-20T14:13:24;DC01;kerberos;4769;;;VDI-088$@DEMO.NOPCAP.NET;DEMO;;HTTP/portal.demo.nopcap.net;;;;AES256;;;;;;;
2026-09-20T13:59:08;DC02;auth;4624;NTLMv2;Direct;svc_monitor;DEMO;;;WKS-0394;10.14.25.3;3;;;;;;;;
2026-09-20T13:57:53;DC01;kerberos;4769;;;administrator@DEMO.NOPCAP.NET;DEMO;;ldap/dc02.demo.nopcap.net;;;;AES256;;;;;;;
2026-09-20T13:57:15;DC02;kerberos;4769;;;svc_web@DEMO.NOPCAP.NET;DEMO;;MSSQLSvc/sql01.demo.nopcap.net:1433;;;;RC4;;;;;;;
2026-09-20T13:53:14;DC01;kerberos;4769;;;WKS-0456$@DEMO.NOPCAP.NET;DEMO;;TERMSRV/vdi-broker.demo.nopcap.net;;;;AES256;;;;;;;
2026-09-20T13:51:30;DC02;kerberos;4769;;;p.neumann@DEMO.NOPCAP.NET;DEMO;;ldap/dc02.demo.nopcap.net;;;;AES256;;;;;;;
2026-09-20T13:46:47;DC01;kerberos;4769;;;m.becker@DEMO.NOPCAP.NET;DEMO;;MSSQLSvc/sql01.demo.nopcap.net:1433;;;;AES256;;;;;;;
2026-09-20T13:44:53;DC01;kerberos;4769;;;WKS-0500$@DEMO.NOPCAP.NET;DEMO;;HTTP/portal.demo.nopcap.net;;;;AES256;;;;;;;
2026-09-20T13:43:28;DC01;kerberos;4769;;;VDI-057$@DEMO.NOPCAP.NET;DEMO;;ldap/dc01.demo.nopcap.net;;;;AES256;;;;;;;
2026-09-20T13:38:34;WKS-0421;outgoing;4001;;Blocked;s.wagner;DEMO;mmc.exe;cifs/10.14.22.31;;;;;;;;;;;C:\Windows\System32\mmc.exe
2026-09-20T13:23:45;DC02;kerberos;4769;;;d.fischer@DEMO.NOPCAP.NET;DEMO;;TERMSRV/vdi-broker.demo.nopcap.net;;;;AES256;;;;;;;
2026-09-20T13:22:17;DC01;kerberos;4769;;;s.wagner@DEMO.NOPCAP.NET;DEMO;;TERMSRV/vdi-broker.demo.nopcap.net;;;;AES256;;;;;;;
2026-09-20T13:12:53;DC02;kerberos;4769;;;t.hoffmann@DEMO.NOPCAP.NET;DEMO;;HTTP/portal.demo.nopcap.net;;;;AES256;;;;;;;
2026-09-20T13:12:47;DC01;auth;4624;NTLMv2;Fallback;t.hoffmann;DEMO;;;VDI-054;10.14.20.128;3;;;;;;;;
2026-09-20T13:09:50;DC02;kerberos;4769;;;m.becker@DEMO.NOPCAP.NET;DEMO;;HTTP/portal.demo.nopcap.net;;;;AES256;;;;;;;
2026-09-20T13:06:11;FS01;outgoing;8001;;;p.neumann;DEMO;java.exe;HTTP/erp-test;;;;;;;;;;;C:\Program Files\Eclipse Adoptium\jdk-17\bin\java.exe
2026-09-20T13:03:37;DC01;kerberos;4769;;;svc_sql@DEMO.NOPCAP.NET;DEMO;;HTTP/portal.demo.nopcap.net;;;;AES256;;;;;;;
2026-09-20T12:54:33;APP03;outgoing;8001;;;svc_monitor;DEMO;mmc.exe;cifs/10.14.22.31;;;;;;;;;;;C:\Windows\System32\mmc.exe
2026-09-20T12:42:25;DC01;kerberos;4769;;;VDI-010$@DEMO.NOPCAP.NET;DEMO;;TERMSRV/vdi-broker.demo.nopcap.net;;;;AES256;;;;;;;
2026-09-20T12:41:46;DC01;kerberos;4769;;;d.fischer@DEMO.NOPCAP.NET;DEMO;;ldap/dc01.demo.nopcap.net;;;;AES256;;;;;;;
2026-09-20T12:28:14;WKS-0421;outgoing;4020;NTLMv2;Direct;svc_web;DEMO;lsass.exe;cifs/nas01;;;;;Target name could not be resolved by Kerberos;6;Unprotected;None;;;C:\Windows\System32\lsass.exe
2026-09-20T12:16:24;DC01;kerberos;4769;;;j.schulz@DEMO.NOPCAP.NET;DEMO;;ldap/dc02.demo.nopcap.net;;;;AES256;;;;;;;
2026-09-20T12:03:48;DC01;kerberos;4769;;;WKS-0538$@DEMO.NOPCAP.NET;DEMO;;ldap/dc01.demo.nopcap.net;;;;AES256;;;;;;;
2026-09-20T12:00:58;DC01;kerberos;4769;;;WKS-0194$@DEMO.NOPCAP.NET;DEMO;;ldap/dc01.demo.nopcap.net;;;;AES256;;;;;;;
2026-09-20T11:54:25;DC01;kerberos;4769;;;VDI-049$@DEMO.NOPCAP.NET;DEMO;;ldap/dc02.demo.nopcap.net;;;;AES256;;;;;;;
2026-09-20T11:53:53;DC02;auth;4624;NTLMv2;Direct;administrator;DEMO;;;NB-1207;10.14.24.134;3;;;;;;;;
2026-09-20T11:49:08;DC02;kerberos;4769;;;svc_backup@DEMO.NOPCAP.NET;DEMO;;HTTP/portal.demo.nopcap.net;;;;AES256;;;;;;;
2026-09-20T11:46:43;DC02;kerberos;4769;;;d.fischer@DEMO.NOPCAP.NET;DEMO;;HOST/app03.demo.nopcap.net;;;;AES256;;;;;;;
2026-09-20T11:39:33;FS01;outgoing;8001;;;administrator;DEMO;lsass.exe;cifs/nas01;;;;;;;;;;;C:\Windows\System32\lsass.exe
2026-09-20T11:39:30;DC01;kerberos;4769;;;NB-1020$@DEMO.NOPCAP.NET;DEMO;;MSSQLSvc/sql01.demo.nopcap.net:1433;;;;AES256;;;;;;;
2026-09-20T11:39:08;DC01;kerberos;4769;;;NB-1035$@DEMO.NOPCAP.NET;DEMO;;ldap/dc02.demo.nopcap.net;;;;AES256;;;;;;;
2026-09-20T11:37:21;DC01;kerberos;4769;;;svc_sql@DEMO.NOPCAP.NET;DEMO;;ldap/dc01.demo.nopcap.net;;;;AES256;;;;;;;
2026-09-20T11:32:29;DC02;kerberos;4769;;;svc_monitor@DEMO.NOPCAP.NET;DEMO;;HOST/app03.demo.nopcap.net;;;;AES256;;;;;;;
2026-09-20T11:30:09;DC01;kerberos;4769;;;svc_monitor@DEMO.NOPCAP.NET;DEMO;;TERMSRV/vdi-broker.demo.nopcap.net;;;;AES256;;;;;;;
2026-09-20T11:26:51;DC02;kerberos;4769;;;s.wagner@DEMO.NOPCAP.NET;DEMO;;ldap/dc02.demo.nopcap.net;;;;AES256;;;;;;;
2026-09-20T11:17:25;APP03;outgoing;8001;;;s.wagner;DEMO;powershell.exe;cifs/10.14.22.31;;;;;;;;;;;C:\Windows\System32\WindowsPowerShell\v1.0\powershell.exe
2026-09-20T11:11:55;DC02;kerberos;4769;;;k.lorenz@DEMO.NOPCAP.NET;DEMO;;ldap/dc01.demo.nopcap.net;;;;AES256;;;;;;;
2026-09-20T10:54:39;DC02;kerberos;4769;;;t.hoffmann@DEMO.NOPCAP.NET;DEMO;;MSSQLSvc/sql01.demo.nopcap.net:1433;;;;AES256;;;;;;;
2026-09-20T10:49:04;DC02;kerberos;4769;;;p.neumann@DEMO.NOPCAP.NET;DEMO;;cifs/fs01.demo.nopcap.net;;;;AES256;;;;;;;
2026-09-20T10:47:38;DC01;kerberos;4769;;;d.fischer@DEMO.NOPCAP.NET;DEMO;;HOST/app03.demo.nopcap.net;;;;AES256;;;;;;;
2026-09-20T10:46:49;DC02;kerberos;4769;;;m.becker@DEMO.NOPCAP.NET;DEMO;;ldap/dc02.demo.nopcap.net;;;;AES256;;;;;;;
2026-09-20T10:46:31;WKS-0421;outgoing;4001;;Blocked;svc_monitor;DEMO;spoolsv.exe;cifs/printsrv01;;;;;;;;;;;C:\Windows\System32\spoolsv.exe
2026-09-20T10:44:43;DC01;kerberos;4769;;;t.hoffmann@DEMO.NOPCAP.NET;DEMO;;TERMSRV/vdi-broker.demo.nopcap.net;;;;AES256;;;;;;;
2026-09-20T10:43:22;DC01;kerberos;4769;;;svc_web@DEMO.NOPCAP.NET;DEMO;;HOST/app03.demo.nopcap.net;;;;RC4;;;;;;;
2026-09-20T10:36:42;DC01;kerberos;4769;;;NB-1066$@DEMO.NOPCAP.NET;DEMO;;HTTP/portal.demo.nopcap.net;;;;AES256;;;;;;;
2026-09-20T10:27:54;DC01;kerberos;4769;;;svc_monitor@DEMO.NOPCAP.NET;DEMO;;ldap/dc02.demo.nopcap.net;;;;AES256;;;;;;;
2026-09-20T10:20:52;DC01;kerberos;4769;;;WKS-0335$@DEMO.NOPCAP.NET;DEMO;;HTTP/portal.demo.nopcap.net;;;;AES256;;;;;;;
2026-09-20T10:19:33;WKS-0421;outgoing;4001;;Blocked;s.wagner;DEMO;lsass.exe;cifs/nas01;;;;;;;;;;;C:\Windows\System32\lsass.exe
2026-09-20T10:11:23;DC01;kerberos;4769;;;NB-1045$@DEMO.NOPCAP.NET;DEMO;;MSSQLSvc/sql01.demo.nopcap.net:1433;;;;AES256;;;;;;;
2026-09-20T09:59:30;DC01;auth;4624;NTLMv2;Direct;svc_sql;DEMO;;;WKS-0291;10.14.21.232;3;;;;;;;;
2026-09-20T09:56:32;DC01;kerberos;4769;;;WKS-0185$@DEMO.NOPCAP.NET;DEMO;;cifs/fs01.demo.nopcap.net;;;;AES256;;;;;;;
2026-09-20T09:52:21;FS01;outgoing;8001;;;j.schulz;DEMO;svchost.exe;ldap/dc01.demo.nopcap.net;;;;;;;;;;;C:\Windows\System32\svchost.exe
2026-09-20T09:42:20;DC02;kerberos;4769;;;svc_sql@DEMO.NOPCAP.NET;DEMO;;TERMSRV/vdi-broker.demo.nopcap.net;;;;AES256;;;;;;;
2026-09-20T09:34:56;DC01;kerberos;4769;;;d.fischer@DEMO.NOPCAP.NET;DEMO;;ldap/dc02.demo.nopcap.net;;;;AES256;;;;;;;
2026-09-20T09:32:52;WKS-0421;cgblock;4014;;Blocked;;DEMO;svchost.exe;;;;;;;;;;;;C:\Windows\System32\svchost.exe
2026-09-20T09:28:46;DC02;auth;4624;NTLMv2;Fallback;k.lorenz;DEMO;;;NB-1054;10.14.24.70;3;;;;;;;;
2026-09-20T09:25:00;DC01;kerberos;4769;;;j.schulz@DEMO.NOPCAP.NET;DEMO;;TERMSRV/vdi-broker.demo.nopcap.net;;;;AES256;;;;;;;
2026-09-20T09:24:46;DC01;kerberos;4769;;;svc_backup@DEMO.NOPCAP.NET;DEMO;;MSSQLSvc/sql01.demo.nopcap.net:1433;;;;AES256;;;;;;;
2026-09-20T09:22:27;DC02;kerberos;4769;;;m.becker@DEMO.NOPCAP.NET;DEMO;;MSSQLSvc/sql01.demo.nopcap.net:1433;;;;AES256;;;;;;;
2026-09-20T09:18:53;DC01;kerberos;4769;;;NB-1049$@DEMO.NOPCAP.NET;DEMO;;MSSQLSvc/sql01.demo.nopcap.net:1433;;;;AES256;;;;;;;
2026-09-20T09:18:33;DC01;auth;4624;NTLMv1;Direct;mfp_service;DEMO;;;MFP-EG-01;10.14.30.44;3;;;;;;;;
2026-09-20T09:11:33;DC01;kerberos;4769;;;NB-1045$@DEMO.NOPCAP.NET;DEMO;;HOST/app03.demo.nopcap.net;;;;AES256;;;;;;;
2026-09-20T08:59:45;DC02;auth;4624;NTLMv2;Fallback;svc_web;DEMO;;;VDI-035;10.14.24.98;3;;;;;;;;
2026-09-20T08:50:24;DC01;kerberos;4769;;;svc_sql@DEMO.NOPCAP.NET;DEMO;;HOST/app03.demo.nopcap.net;;;;AES256;;;;;;;
2026-09-20T08:43:52;WKS-0421;cgblock;4014;;Blocked;;DEMO;svchost.exe;;;;;;;;;;;;C:\Windows\System32\svchost.exe
2026-09-20T08:23:07;DC01;kerberos;4769;;;s.wagner@DEMO.NOPCAP.NET;DEMO;;cifs/fs01.demo.nopcap.net;;;;AES256;;;;;;;
2026-09-20T08:22:03;APP03;outgoing;8001;;;svc_backup;DEMO;WINWORD.EXE;cifs/fs01.demo.nopcap.net;;;;;;;;;;;C:\Program Files\Microsoft Office\root\Office16\WINWORD.EXE
2026-09-20T08:10:36;DC02;kerberos;4769;;;svc_web@DEMO.NOPCAP.NET;DEMO;;TERMSRV/vdi-broker.demo.nopcap.net;;;;RC4;;;;;;;
2026-09-20T08:03:12;DC02;kerberos;4769;;;a.klein@DEMO.NOPCAP.NET;DEMO;;TERMSRV/vdi-broker.demo.nopcap.net;;;;AES256;;;;;;;
2026-09-20T03:41:51;FS01;outgoing;8001;;;svc_backup;DEMO;Veeam.Backup.Service.exe;cifs/nas01;;;;;;;;;;;C:\Program Files\Veeam\Backup and Replication\Backup\Veeam.Backup.Service.exe
2026-09-20T03:39:11;FS01;outgoing;8001;;;svc_backup;DEMO;Veeam.Backup.Service.exe;cifs/nas01;;;;;;;;;;;C:\Program Files\Veeam\Backup and Replication\Backup\Veeam.Backup.Service.exe
2026-09-20T03:32:57;FS01;outgoing;8001;;;svc_backup;DEMO;Veeam.Backup.Service.exe;cifs/nas01;;;;;;;;;;;C:\Program Files\Veeam\Backup and Replication\Backup\Veeam.Backup.Service.exe
2026-09-20T03:30:28;FS01;outgoing;8001;;;svc_backup;DEMO;Veeam.Backup.Service.exe;cifs/nas01;;;;;;;;;;;C:\Program Files\Veeam\Backup and Replication\Backup\Veeam.Backup.Service.exe
2026-09-20T03:27:22;FS01;outgoing;8001;;;svc_backup;DEMO;Veeam.Backup.Service.exe;cifs/nas01;;;;;;;;;;;C:\Program Files\Veeam\Backup and Replication\Backup\Veeam.Backup.Service.exe
2026-09-20T03:23:56;FS01;outgoing;8001;;;svc_backup;DEMO;Veeam.Backup.Service.exe;cifs/nas01;;;;;;;;;;;C:\Program Files\Veeam\Backup and Replication\Backup\Veeam.Backup.Service.exe
2026-09-20T03:18:56;FS01;outgoing;8001;;;svc_backup;DEMO;Veeam.Backup.Service.exe;cifs/nas01;;;;;;;;;;;C:\Program Files\Veeam\Backup and Replication\Backup\Veeam.Backup.Service.exe
2026-09-20T03:15:32;FS01;outgoing;8001;;;svc_backup;DEMO;Veeam.Backup.Service.exe;cifs/nas01;;;;;;;;;;;C:\Program Files\Veeam\Backup and Replication\Backup\Veeam.Backup.Service.exe
2026-09-20T03:11:52;FS01;outgoing;8001;;;svc_backup;DEMO;Veeam.Backup.Service.exe;cifs/nas01;;;;;;;;;;;C:\Program Files\Veeam\Backup and Replication\Backup\Veeam.Backup.Service.exe
2026-09-20T03:07:41;FS01;outgoing;8001;;;svc_backup;DEMO;Veeam.Backup.Service.exe;cifs/nas01;;;;;;;;;;;C:\Program Files\Veeam\Backup and Replication\Backup\Veeam.Backup.Service.exe
2026-09-20T03:01:16;FS01;outgoing;8001;;;svc_backup;DEMO;Veeam.Backup.Service.exe;cifs/nas01;;;;;;;;;;;C:\Program Files\Veeam\Backup and Replication\Backup\Veeam.Backup.Service.exe
2026-09-19T17:54:23;DC01;kerberos;4769;;;VDI-066$@DEMO.NOPCAP.NET;DEMO;;HTTP/portal.demo.nopcap.net;;;;AES256;;;;;;;
2026-09-19T17:38:30;WKS-0421;outgoing;4001;;Blocked;svc_backup;DEMO;msedge.exe;HTTP/intranet;;;;;;;;;;;C:\Program Files (x86)\Microsoft\Edge\Application\msedge.exe
2026-09-19T17:17:05;DC02;kerberos;4769;;;s.wagner@DEMO.NOPCAP.NET;DEMO;;ldap/dc01.demo.nopcap.net;;;;AES256;;;;;;;
2026-09-19T17:12:18;DC02;auth;4624;NTLMv2;Direct;svc_sql;DEMO;;;VDI-089;10.14.22.146;3;;;;;;;;
2026-09-19T17:01:23;DC01;kerberos;4769;;;WKS-0521$@DEMO.NOPCAP.NET;DEMO;;cifs/fs01.demo.nopcap.net;;;;AES256;;;;;;;
2026-09-19T16:54:00;DC02;kerberos;4769;;;administrator@DEMO.NOPCAP.NET;DEMO;;TERMSRV/vdi-broker.demo.nopcap.net;;;;AES256;;;;;;;
2026-09-19T16:51:35;DC01;kerberos;4769;;;p.neumann@DEMO.NOPCAP.NET;DEMO;;HOST/app03.demo.nopcap.net;;;;AES256;;;;;;;
2026-09-19T16:50:42;DC02;kerberos;4769;;;k.lorenz@DEMO.NOPCAP.NET;DEMO;;MSSQLSvc/sql01.demo.nopcap.net:1433;;;;AES256;;;;;;;
2026-09-19T16:45:38;FS01;outgoing;8001;;;administrator;DEMO;lsass.exe;cifs/nas01;;;;;;;;;;;C:\Windows\System32\lsass.exe
2026-09-19T16:31:46;DC01;kerberos;4769;;;VDI-047$@DEMO.NOPCAP.NET;DEMO;;TERMSRV/vdi-broker.demo.nopcap.net;;;;AES256;;;;;;;
2026-09-19T16:25:37;DC01;kerberos;4769;;;t.hoffmann@DEMO.NOPCAP.NET;DEMO;;HOST/app03.demo.nopcap.net;;;;AES256;;;;;;;
2026-09-19T16:09:54;DC01;kerberos;4769;;;s.wagner@DEMO.NOPCAP.NET;DEMO;;ldap/dc01.demo.nopcap.net;;;;AES256;;;;;;;
2026-09-19T16:08:03;DC02;kerberos;4769;;;svc_sql@DEMO.NOPCAP.NET;DEMO;;HOST/app03.demo.nopcap.net;;;;AES256;;;;;;;
2026-09-19T16:00:47;FS01;outgoing;8001;;;p.neumann;DEMO;mmc.exe;cifs/10.14.22.31;;;;;;;;;;;C:\Windows\System32\mmc.exe
2026-09-19T15:58:25;DC01;kerberos;4769;;;d.fischer@DEMO.NOPCAP.NET;DEMO;;ldap/dc01.demo.nopcap.net;;;;AES256;;;;;;;
2026-09-19T15:35:29;DC02;kerberos;4769;;;s.wagner@DEMO.NOPCAP.NET;DEMO;;MSSQLSvc/sql01.demo.nopcap.net:1433;;;;AES256;;;;;;;
2026-09-19T15:34:35;DC02;auth;4624;NTLMv2;Direct;administrator;DEMO;;;NB-1227;10.14.25.167;3;;;;;;;;
2026-09-19T15:24:59;DC02;kerberos;4769;;;m.becker@DEMO.NOPCAP.NET;DEMO;;MSSQLSvc/sql01.demo.nopcap.net:1433;;;;AES256;;;;;;;
2026-09-19T15:21:45;DC01;kerberos;4769;;;a.klein@DEMO.NOPCAP.NET;DEMO;;HTTP/portal.demo.nopcap.net;;;;AES256;;;;;;;
2026-09-19T15:17:30;DC01;kerberos;4769;;;k.lorenz@DEMO.NOPCAP.NET;DEMO;;ldap/dc02.demo.nopcap.net;;;;AES256;;;;;;;
2026-09-19T15:13:57;DC02;kerberos;4769;;;t.hoffmann@DEMO.NOPCAP.NET;DEMO;;HTTP/portal.demo.nopcap.net;;;;AES256;;;;;;;
2026-09-19T15:12:33;DC01;kerberos;4769;;;NB-1082$@DEMO.NOPCAP.NET;DEMO;;cifs/fs01.demo.nopcap.net;;;;AES256;;;;;;;
2026-09-19T15:09:39;DC01;kerberos;4769;;;NB-1260$@DEMO.NOPCAP.NET;DEMO;;MSSQLSvc/sql01.demo.nopcap.net:1433;;;;AES256;;;;;;;
2026-09-19T15:08:46;FS01;outgoing;8001;;;svc_web;DEMO;svchost.exe;ldap/dc01.demo.nopcap.net;;;;;;;;;;;C:\Windows\System32\svchost.exe
2026-09-19T15:06:48;DC01;kerberos;4769;;;VDI-066$@DEMO.NOPCAP.NET;DEMO;;cifs/fs01.demo.nopcap.net;;;;AES256;;;;;;;
2026-09-19T14:52:36;DC02;kerberos;4769;;;m.becker@DEMO.NOPCAP.NET;DEMO;;HOST/app03.demo.nopcap.net;;;;AES256;;;;;;;
2026-09-19T14:51:47;DC01;kerberos;4769;;;p.neumann@DEMO.NOPCAP.NET;DEMO;;HOST/app03.demo.nopcap.net;;;;AES256;;;;;;;
2026-09-19T14:49:58;DC02;kerberos;4769;;;m.becker@DEMO.NOPCAP.NET;DEMO;;HOST/app03.demo.nopcap.net;;;;AES256;;;;;;;
2026-09-19T14:49:41;DC02;kerberos;4769;;;a.klein@DEMO.NOPCAP.NET;DEMO;;cifs/fs01.demo.nopcap.net;;;;AES256;;;;;;;
2026-09-19T14:42:55;DC01;kerberos;4769;;;svc_monitor@DEMO.NOPCAP.NET;DEMO;;HTTP/portal.demo.nopcap.net;;;;AES256;;;;;;;
2026-09-19T14:32:24;DC01;kerberos;4769;;;svc_backup@DEMO.NOPCAP.NET;DEMO;;HOST/app03.demo.nopcap.net;;;;AES256;;;;;;;
2026-09-19T14:30:22;DC01;kerberos;4769;;;d.fischer@DEMO.NOPCAP.NET;DEMO;;TERMSRV/vdi-broker.demo.nopcap.net;;;;AES256;;;;;;;
2026-09-19T14:12:55;DC01;kerberos;4769;;;s.wagner@DEMO.NOPCAP.NET;DEMO;;ldap/dc02.demo.nopcap.net;;;;AES256;;;;;;;
2026-09-19T14:07:50;WKS-0421;outgoing;4020;NTLMv2;Direct;svc_backup;DEMO;robocopy.exe;cifs/archive01;;;;;Target name could not be resolved by Kerberos;6;Unprotected;None;;;C:\Windows\System32\robocopy.exe
2026-09-19T14:05:41;DC01;krbfail;4769;;;j.schulz@DEMO.NOPCAP.NET;DEMO;;cifs/nas01;;;;;;;;;;0x7;
2026-09-19T13:46:53;DC01;kerberos;4769;;;svc_monitor@DEMO.NOPCAP.NET;DEMO;;ldap/dc01.demo.nopcap.net;;;;AES256;;;;;;;
2026-09-19T13:45:49;DC02;kerberos;4769;;;k.lorenz@DEMO.NOPCAP.NET;DEMO;;ldap/dc02.demo.nopcap.net;;;;AES256;;;;;;;
2026-09-19T13:39:54;DC01;kerberos;4769;;;k.lorenz@DEMO.NOPCAP.NET;DEMO;;MSSQLSvc/sql01.demo.nopcap.net:1433;;;;AES256;;;;;;;
2026-09-19T13:38:08;DC01;kerberos;4769;;;svc_backup@DEMO.NOPCAP.NET;DEMO;;ldap/dc01.demo.nopcap.net;;;;AES256;;;;;;;
2026-09-19T13:36:53;DC01;kerberos;4769;;;s.wagner@DEMO.NOPCAP.NET;DEMO;;ldap/dc02.demo.nopcap.net;;;;AES256;;;;;;;
2026-09-19T13:35:06;DC02;auth;4624;NTLMv2;Direct;a.klein;DEMO;;;NB-1159;10.14.20.155;3;;;;;;;;
2026-09-19T13:34:53;DC02;kerberos;4769;;;s.wagner@DEMO.NOPCAP.NET;DEMO;;cifs/fs01.demo.nopcap.net;;;;AES256;;;;;;;
2026-09-19T13:29:26;DC01;kerberos;4769;;;k.lorenz@DEMO.NOPCAP.NET;DEMO;;ldap/dc01.demo.nopcap.net;;;;AES256;;;;;;;
2026-09-19T13:25:51;DC01;kerberos;4769;;;WKS-0523$@DEMO.NOPCAP.NET;DEMO;;HOST/app03.demo.nopcap.net;;;;AES256;;;;;;;
2026-09-19T13:21:57;DC02;auth;4624;NTLMv2;Direct;svc_monitor;DEMO;;;NB-1251;10.14.25.182;3;;;;;;;;
2026-09-19T13:13:46;APP03;outgoing;8001;;;administrator;DEMO;spoolsv.exe;cifs/printsrv01;;;;;;;;;;;C:\Windows\System32\spoolsv.exe
2026-09-19T13:13:08;WKS-0421;outgoing;4020;NTLMv2;Direct;svc_sql;DEMO;lsass.exe;cifs/nas01;;;;;Target name could not be resolved by Kerberos;6;Unprotected;None;;;C:\Windows\System32\lsass.exe
2026-09-19T13:06:21;DC01;kerberos;4769;;;svc_backup@DEMO.NOPCAP.NET;DEMO;;cifs/fs01.demo.nopcap.net;;;;AES256;;;;;;;
2026-09-19T13:02:13;DC02;kerberos;4769;;;a.klein@DEMO.NOPCAP.NET;DEMO;;cifs/fs01.demo.nopcap.net;;;;AES256;;;;;;;
2026-09-19T13:00:39;DC01;kerberos;4769;;;NB-1376$@DEMO.NOPCAP.NET;DEMO;;ldap/dc02.demo.nopcap.net;;;;AES256;;;;;;;
2026-09-19T12:56:25;DC02;kerberos;4769;;;administrator@DEMO.NOPCAP.NET;DEMO;;TERMSRV/vdi-broker.demo.nopcap.net;;;;AES256;;;;;;;
2026-09-19T12:55:43;DC02;kerberos;4769;;;d.fischer@DEMO.NOPCAP.NET;DEMO;;TERMSRV/vdi-broker.demo.nopcap.net;;;;AES256;;;;;;;
2026-09-19T12:55:19;DC02;kerberos;4769;;;j.schulz@DEMO.NOPCAP.NET;DEMO;;cifs/fs01.demo.nopcap.net;;;;AES256;;;;;;;
2026-09-19T12:44:25;DC02;kerberos;4769;;;t.hoffmann@DEMO.NOPCAP.NET;DEMO;;HOST/app03.demo.nopcap.net;;;;AES256;;;;;;;
2026-09-19T12:43:36;FS01;outgoing;8001;;;k.lorenz;DEMO;System;cifs/fs01.demo.nopcap.net;;;;;;;;;;;
2026-09-19T12:42:12;DC01;kerberos;4769;;;NB-1316$@DEMO.NOPCAP.NET;DEMO;;MSSQLSvc/sql01.demo.nopcap.net:1433;;;;AES256;;;;;;;
2026-09-19T12:28:48;FS01;outgoing;8001;;;d.fischer;DEMO;EXCEL.EXE;cifs/fs01.demo.nopcap.net;;;;;;;;;;;C:\Program Files\Microsoft Office\root\Office16\EXCEL.EXE
2026-09-19T12:24:44;FS01;outgoing;8001;;;p.neumann;DEMO;lsass.exe;cifs/nas01;;;;;;;;;;;C:\Windows\System32\lsass.exe
2026-09-19T12:17:48;DC02;auth;4624;NTLMv2;Direct;t.hoffmann;DEMO;;;VDI-056;10.14.23.170;3;;;;;;;;
2026-09-19T12:04:40;DC02;auth;4624;NTLMv2;Direct;d.fischer;DEMO;;;NB-1024;10.14.25.169;3;;;;;;;;
2026-09-19T12:00:10;DC01;kerberos;4769;;;VDI-087$@DEMO.NOPCAP.NET;DEMO;;ldap/dc02.demo.nopcap.net;;;;AES256;;;;;;;
2026-09-19T11:56:43;DC02;kerberos;4769;;;j.schulz@DEMO.NOPCAP.NET;DEMO;;ldap/dc02.demo.nopcap.net;;;;AES256;;;;;;;
2026-09-19T11:44:31;DC01;auth;4624;NTLMv2;Direct;t.hoffmann;DEMO;;;NB-1099;10.14.23.181;3;;;;;;;;
2026-09-19T11:34:18;DC02;kerberos;4769;;;svc_sql@DEMO.NOPCAP.NET;DEMO;;ldap/dc01.demo.nopcap.net;;;;AES256;;;;;;;
2026-09-19T11:29:05;DC01;kerberos;4769;;;WKS-0669$@DEMO.NOPCAP.NET;DEMO;;ldap/dc02.demo.nopcap.net;;;;AES256;;;;;;;
2026-09-19T11:26:20;DC01;kerberos;4769;;;VDI-019$@DEMO.NOPCAP.NET;DEMO;;HOST/app03.demo.nopcap.net;;;;AES256;;;;;;;
2026-09-19T11:21:22;DC02;kerberos;4769;;;svc_backup@DEMO.NOPCAP.NET;DEMO;;ldap/dc01.demo.nopcap.net;;;;AES256;;;;;;;
2026-09-19T11:19:00;DC01;kerberos;4769;;;a.klein@DEMO.NOPCAP.NET;DEMO;;HTTP/portal.demo.nopcap.net;;;;AES256;;;;;;;
2026-09-19T11:13:39;DC02;kerberos;4769;;;svc_web@DEMO.NOPCAP.NET;DEMO;;cifs/fs01.demo.nopcap.net;;;;AES256;;;;;;;
2026-09-19T11:11:43;DC01;kerberos;4769;;;administrator@DEMO.NOPCAP.NET;DEMO;;HOST/app03.demo.nopcap.net;;;;AES256;;;;;;;
2026-09-19T11:04:28;DC02;kerberos;4769;;;j.schulz@DEMO.NOPCAP.NET;DEMO;;HOST/app03.demo.nopcap.net;;;;AES256;;;;;;;
2026-09-19T10:53:59;DC01;kerberos;4769;;;WKS-0799$@DEMO.NOPCAP.NET;DEMO;;MSSQLSvc/sql01.demo.nopcap.net:1433;;;;AES256;;;;;;;
2026-09-19T10:44:08;WKS-0421;outgoing;4020;NTLMv2;Direct;svc_backup;DEMO;msedge.exe;HTTP/intranet;;;;;Target name could not be resolved by Kerberos;6;Unprotected;None;;;C:\Program Files (x86)\Microsoft\Edge\Application\msedge.exe
2026-09-19T10:42:45;DC01;auth;4624;NTLMv2;Direct;svc_backup;DEMO;;;WKS-0354;10.14.22.242;3;;;;;;;;
2026-09-19T10:42:10;DC01;kerberos;4769;;;VDI-025$@DEMO.NOPCAP.NET;DEMO;;ldap/dc01.demo.nopcap.net;;;;AES256;;;;;;;
2026-09-19T10:29:50;FS01;incoming;8003;;;a.klein;DEMO;w3wp.exe;;WKS-0202;;3;;;;;;;;
2026-09-19T10:29:40;DC01;kerberos;4769;;;a.klein@DEMO.NOPCAP.NET;DEMO;;ldap/dc02.demo.nopcap.net;;;;AES256;;;;;;;
2026-09-19T10:28:28;DC01;kerberos;4769;;;WKS-0552$@DEMO.NOPCAP.NET;DEMO;;ldap/dc01.demo.nopcap.net;;;;AES256;;;;;;;
2026-09-19T10:25:08;DC01;kerberos;4769;;;j.schulz@DEMO.NOPCAP.NET;DEMO;;HTTP/portal.demo.nopcap.net;;;;AES256;;;;;;;
2026-09-19T10:23:24;DC02;kerberos;4769;;;svc_backup@DEMO.NOPCAP.NET;DEMO;;TERMSRV/vdi-broker.demo.nopcap.net;;;;AES256;;;;;;;
2026-09-19T10:16:51;WKS-0421;outgoing;4001;;Blocked;svc_sql;DEMO;System;cifs/fs01.demo.nopcap.net;;;;;;;;;;;
2026-09-19T10:05:48;DC02;auth;4624;NTLMv2;Fallback;svc_monitor;DEMO;;;NB-1192;10.14.23.229;3;;;;;;;;
2026-09-19T10:05:18;DC01;kerberos;4769;;;svc_backup@DEMO.NOPCAP.NET;DEMO;;HOST/app03.demo.nopcap.net;;;;AES256;;;;;;;
2026-09-19T09:56:41;DC02;kerberos;4769;;;svc_backup@DEMO.NOPCAP.NET;DEMO;;cifs/fs01.demo.nopcap.net;;;;AES256;;;;;;;
2026-09-19T09:52:54;DC02;kerberos;4769;;;administrator@DEMO.NOPCAP.NET;DEMO;;ldap/dc01.demo.nopcap.net;;;;AES256;;;;;;;
2026-09-19T09:52:32;DC02;kerberos;4769;;;administrator@DEMO.NOPCAP.NET;DEMO;;TERMSRV/vdi-broker.demo.nopcap.net;;;;AES256;;;;;;;
2026-09-19T09:50:35;DC02;kerberos;4769;;;svc_monitor@DEMO.NOPCAP.NET;DEMO;;HOST/app03.demo.nopcap.net;;;;AES256;;;;;;;
2026-09-19T09:48:29;DC01;kerberos;4769;;;s.wagner@DEMO.NOPCAP.NET;DEMO;;ldap/dc01.demo.nopcap.net;;;;AES256;;;;;;;
2026-09-19T09:46:43;WKS-0421;cgblock;4014;;Blocked;;DEMO;svchost.exe;;;;;;;;;;;;C:\Windows\System32\svchost.exe
2026-09-19T09:41:12;DC01;kerberos;4769;;;WKS-0196$@DEMO.NOPCAP.NET;DEMO;;cifs/fs01.demo.nopcap.net;;;;AES256;;;;;;;
2026-09-19T09:29:25;DC02;kerberos;4769;;;t.hoffmann@DEMO.NOPCAP.NET;DEMO;;ldap/dc02.demo.nopcap.net;;;;AES256;;;;;;;
2026-09-19T09:28:52;DC02;kerberos;4769;;;svc_web@DEMO.NOPCAP.NET;DEMO;;ldap/dc02.demo.nopcap.net;;;;RC4;;;;;;;
2026-09-19T09:24:34;FS01;outgoing;8001;;;k.lorenz;DEMO;explorer.exe;cifs/fs01.demo.nopcap.net;;;;;;;;;;;C:\Windows\explorer.exe
2026-09-19T09:18:30;DC01;kerberos;4769;;;VDI-031$@DEMO.NOPCAP.NET;DEMO;;HOST/app03.demo.nopcap.net;;;;AES256;;;;;;;
2026-09-19T09:16:57;DC02;auth;4624;NTLMv2;Direct;m.becker;DEMO;;;WKS-0409;10.14.21.164;3;;;;;;;;
2026-09-19T09:15:54;DC01;kerberos;4769;;;VDI-055$@DEMO.NOPCAP.NET;DEMO;;TERMSRV/vdi-broker.demo.nopcap.net;;;;AES256;;;;;;;
2026-09-19T09:15:23;DC02;kerberos;4769;;;j.schulz@DEMO.NOPCAP.NET;DEMO;;HOST/app03.demo.nopcap.net;;;;AES256;;;;;;;
2026-09-19T09:12:29;DC02;kerberos;4769;;;svc_web@DEMO.NOPCAP.NET;DEMO;;HTTP/portal.demo.nopcap.net;;;;RC4;;;;;;;
2026-09-19T09:09:35;DC01;auth;4624;NTLMv2;Fallback;t.hoffmann;DEMO;;;WKS-0409;10.14.20.152;3;;;;;;;;
2026-09-19T09:03:20;DC01;kerberos;4769;;;VDI-033$@DEMO.NOPCAP.NET;DEMO;;ldap/dc02.demo.nopcap.net;;;;AES256;;;;;;;
2026-09-19T09:00:51;DC02;kerberos;4769;;;k.lorenz@DEMO.NOPCAP.NET;DEMO;;MSSQLSvc/sql01.demo.nopcap.net:1433;;;;AES256;;;;;;;
2026-09-19T08:46:19;DC01;kerberos;4769;;;administrator@DEMO.NOPCAP.NET;DEMO;;ldap/dc01.demo.nopcap.net;;;;AES256;;;;;;;
2026-09-19T08:42:28;DC01;kerberos;4769;;;svc_web@DEMO.NOPCAP.NET;DEMO;;cifs/fs01.demo.nopcap.net;;;;RC4;;;;;;;
2026-09-19T08:05:45;DC01;kerberos;4769;;;WKS-0375$@DEMO.NOPCAP.NET;DEMO;;ldap/dc01.demo.nopcap.net;;;;AES256;;;;;;;
2026-09-19T08:05:06;DC02;kerberos;4769;;;m.becker@DEMO.NOPCAP.NET;DEMO;;TERMSRV/vdi-broker.demo.nopcap.net;;;;AES256;;;;;;;
2026-09-19T08:05:05;WKS-0421;outgoing;4001;;Blocked;svc_backup;DEMO;svchost.exe;ldap/dc01.demo.nopcap.net;;;;;;;;;;;C:\Windows\System32\svchost.exe
2026-09-18T17:56:42;DC01;kerberos;4769;;;j.schulz@DEMO.NOPCAP.NET;DEMO;;MSSQLSvc/sql01.demo.nopcap.net:1433;;;;AES256;;;;;;;
2026-09-18T17:50:20;DC01;auth;4624;NTLMv1;Direct;mfp_service;DEMO;;;MFP-EG-02;10.14.30.40;3;;;;;;;;
2026-09-18T17:47:33;DC01;kerberos;4769;;;NB-1379$@DEMO.NOPCAP.NET;DEMO;;ldap/dc01.demo.nopcap.net;;;;AES256;;;;;;;
2026-09-18T17:41:53;DC02;kerberos;4769;;;p.neumann@DEMO.NOPCAP.NET;DEMO;;cifs/fs01.demo.nopcap.net;;;;AES256;;;;;;;
2026-09-18T17:38:44;DC01;kerberos;4769;;;NB-1351$@DEMO.NOPCAP.NET;DEMO;;MSSQLSvc/sql01.demo.nopcap.net:1433;;;;AES256;;;;;;;
2026-09-18T17:29:30;DC02;kerberos;4769;;;svc_backup@DEMO.NOPCAP.NET;DEMO;;TERMSRV/vdi-broker.demo.nopcap.net;;;;AES256;;;;;;;
2026-09-18T17:27:07;DC01;kerberos;4769;;;svc_sql@DEMO.NOPCAP.NET;DEMO;;HTTP/portal.demo.nopcap.net;;;;AES256;;;;;;;
2026-09-18T17:25:33;DC01;kerberos;4769;;;VDI-039$@DEMO.NOPCAP.NET;DEMO;;HOST/app03.demo.nopcap.net;;;;AES256;;;;;;;
2026-09-18T17:23:17;FS01;outgoing;8001;;;j.schulz;DEMO;msedge.exe;HTTP/intranet;;;;;;;;;;;C:\Program Files (x86)\Microsoft\Edge\Application\msedge.exe
2026-09-18T17:17:09;DC01;domain;8004;;;t.hoffmann;DEMO;;PRINTSRV01;VDI-013;;;;;;;;;;
2026-09-18T17:14:36;DC02;kerberos;4769;;;svc_web@DEMO.NOPCAP.NET;DEMO;;cifs/fs01.demo.nopcap.net;;;;AES256;;;;;;;
2026-09-18T17:09:57;DC01;kerberos;4769;;;WKS-0335$@DEMO.NOPCAP.NET;DEMO;;ldap/dc01.demo.nopcap.net;;;;AES256;;;;;;;
2026-09-18T17:08:05;DC01;kerberos;4769;;;VDI-048$@DEMO.NOPCAP.NET;DEMO;;HOST/app03.demo.nopcap.net;;;;AES256;;;;;;;
2026-09-18T17:05:10;DC01;kerberos;4769;;;WKS-0383$@DEMO.NOPCAP.NET;DEMO;;ldap/dc01.demo.nopcap.net;;;;AES256;;;;;;;
2026-09-18T17:02:45;DC01;kerberos;4769;;;j.schulz@DEMO.NOPCAP.NET;DEMO;;ldap/dc01.demo.nopcap.net;;;;AES256;;;;;;;
2026-09-18T17:02:03;DC02;kerberos;4769;;;j.schulz@DEMO.NOPCAP.NET;DEMO;;cifs/fs01.demo.nopcap.net;;;;AES256;;;;;;;
2026-09-18T17:01:51;FS01;outgoing;8001;;;svc_backup;DEMO;msedge.exe;HTTP/intranet;;;;;;;;;;;C:\Program Files (x86)\Microsoft\Edge\Application\msedge.exe
2026-09-18T16:59:39;DC01;kerberos;4769;;;VDI-021$@DEMO.NOPCAP.NET;DEMO;;HOST/app03.demo.nopcap.net;;;;AES256;;;;;;;
2026-09-18T16:58:57;DC01;kerberos;4769;;;p.neumann@DEMO.NOPCAP.NET;DEMO;;cifs/fs01.demo.nopcap.net;;;;AES256;;;;;;;
2026-09-18T16:57:16;DC01;kerberos;4769;;;svc_monitor@DEMO.NOPCAP.NET;DEMO;;MSSQLSvc/sql01.demo.nopcap.net:1433;;;;AES256;;;;;;;
2026-09-18T16:57:06;DC01;kerberos;4769;;;t.hoffmann@DEMO.NOPCAP.NET;DEMO;;MSSQLSvc/sql01.demo.nopcap.net:1433;;;;AES256;;;;;;;
2026-09-18T16:54:02;DC01;kerberos;4769;;;WKS-0876$@DEMO.NOPCAP.NET;DEMO;;cifs/fs01.demo.nopcap.net;;;;AES256;;;;;;;
2026-09-18T16:53:08;DC01;kerberos;4769;;;svc_backup@DEMO.NOPCAP.NET;DEMO;;cifs/fs01.demo.nopcap.net;;;;AES256;;;;;;;
2026-09-18T16:52:16;DC01;kerberos;4769;;;WKS-0509$@DEMO.NOPCAP.NET;DEMO;;TERMSRV/vdi-broker.demo.nopcap.net;;;;AES256;;;;;;;
2026-09-18T16:50:46;FS01;outgoing;8001;;;j.schulz;DEMO;System;cifs/fs01.demo.nopcap.net;;;;;;;;;;;
2026-09-18T16:49:07;DC01;kerberos;4769;;;svc_sql@DEMO.NOPCAP.NET;DEMO;;ldap/dc01.demo.nopcap.net;;;;AES256;;;;;;;
2026-09-18T16:48:07;DC02;kerberos;4769;;;svc_backup@DEMO.NOPCAP.NET;DEMO;;HOST/app03.demo.nopcap.net;;;;AES256;;;;;;;
2026-09-18T16:43:12;DC02;kerberos;4769;;;svc_monitor@DEMO.NOPCAP.NET;DEMO;;HOST/app03.demo.nopcap.net;;;;AES256;;;;;;;
2026-09-18T16:42:59;DC01;kerberos;4769;;;svc_web@DEMO.NOPCAP.NET;DEMO;;HOST/app03.demo.nopcap.net;;;;RC4;;;;;;;
2026-09-18T16:40:02;DC01;incoming;8002;;;APP03$;DEMO;sqlservr.exe;;;;;;;;;;;;
2026-09-18T16:37:33;DC01;kerberos;4769;;;WKS-0743$@DEMO.NOPCAP.NET;DEMO;;cifs/fs01.demo.nopcap.net;;;;AES256;;;;;;;
2026-09-18T16:34:11;WKS-0421;outgoing;4020;NTLMv2;Direct;j.schulz;DEMO;java.exe;HTTP/erp-test;;;;;Target name could not be resolved by Kerberos;6;Unprotected;None;;;C:\Program Files\Eclipse Adoptium\jdk-17\bin\java.exe
2026-09-18T16:34:02;APP03;outgoing;8001;;;j.schulz;DEMO;robocopy.exe;cifs/archive01;;;;;;;;;;;C:\Windows\System32\robocopy.exe
2026-09-18T16:23:48;DC02;kerberos;4769;;;svc_web@DEMO.NOPCAP.NET;DEMO;;HTTP/portal.demo.nopcap.net;;;;RC4;;;;;;;
2026-09-18T16:23:31;DC02;kerberos;4769;;;j.schulz@DEMO.NOPCAP.NET;DEMO;;ldap/dc01.demo.nopcap.net;;;;AES256;;;;;;;
2026-09-18T16:17:17;DC01;auth;4624;NTLMv2;Direct;svc_web;DEMO;;;WKS-0368;10.14.24.222;3;;;;;;;;
2026-09-18T16:15:20;DC01;kerberos;4769;;;VDI-034$@DEMO.NOPCAP.NET;DEMO;;ldap/dc01.demo.nopcap.net;;;;AES256;;;;;;;
2026-09-18T16:13:51;DC01;kerberos;4769;;;svc_monitor@DEMO.NOPCAP.NET;DEMO;;TERMSRV/vdi-broker.demo.nopcap.net;;;;AES256;;;;;;;
2026-09-18T16:13:12;DC02;kerberos;4769;;;d.fischer@DEMO.NOPCAP.NET;DEMO;;MSSQLSvc/sql01.demo.nopcap.net:1433;;;;AES256;;;;;;;
2026-09-18T16:12:43;DC01;kerberos;4769;;;VDI-043$@DEMO.NOPCAP.NET;DEMO;;HOST/app03.demo.nopcap.net;;;;AES256;;;;;;;
2026-09-18T16:12:25;DC01;domain;8004;;;j.schulz;DEMO;;NAS01;NB-1340;;;;;;;;;;
2026-09-18T16:11:33;DC02;kerberos;4769;;;k.lorenz@DEMO.NOPCAP.NET;DEMO;;cifs/fs01.demo.nopcap.net;;;;AES256;;;;;;;
2026-09-18T16:11:21;DC02;kerberos;4769;;;d.fischer@DEMO.NOPCAP.NET;DEMO;;HOST/app03.demo.nopcap.net;;;;AES256;;;;;;;
2026-09-18T15:59:17;DC01;kerberos;4769;;;k.lorenz@DEMO.NOPCAP.NET;DEMO;;TERMSRV/vdi-broker.demo.nopcap.net;;;;AES256;;;;;;;
2026-09-18T15:58:38;DC01;kerberos;4769;;;VDI-058$@DEMO.NOPCAP.NET;DEMO;;MSSQLSvc/sql01.demo.nopcap.net:1433;;;;AES256;;;;;;;
2026-09-18T15:55:53;DC01;kerberos;4769;;;VDI-059$@DEMO.NOPCAP.NET;DEMO;;ldap/dc02.demo.nopcap.net;;;;AES256;;;;;;;
2026-09-18T15:53:28;WKS-0421;outgoing;4001;;Blocked;j.schulz;DEMO;explorer.exe;cifs/fs01.demo.nopcap.net;;;;;;;;;;;C:\Windows\explorer.exe
2026-09-18T15:49:44;DC01;kerberos;4769;;;administrator@DEMO.NOPCAP.NET;DEMO;;MSSQLSvc/sql01.demo.nopcap.net:1433;;;;AES256;;;;;;;
2026-09-18T15:49:32;DC01;kerberos;4769;;;WKS-0388$@DEMO.NOPCAP.NET;DEMO;;MSSQLSvc/sql01.demo.nopcap.net:1433;;;;AES256;;;;;;;
2026-09-18T15:45:46;DC01;kerberos;4769;;;s.wagner@DEMO.NOPCAP.NET;DEMO;;TERMSRV/vdi-broker.demo.nopcap.net;;;;AES256;;;;;;;
2026-09-18T15:43:51;DC02;kerberos;4769;;;svc_monitor@DEMO.NOPCAP.NET;DEMO;;ldap/dc01.demo.nopcap.net;;;;AES256;;;;;;;
2026-09-18T15:38:58;DC02;kerberos;4769;;;svc_web@DEMO.NOPCAP.NET;DEMO;;TERMSRV/vdi-broker.demo.nopcap.net;;;;RC4;;;;;;;
2026-09-18T15:34:59;DC01;kerberos;4769;;;VDI-015$@DEMO.NOPCAP.NET;DEMO;;ldap/dc01.demo.nopcap.net;;;;AES256;;;;;;;
2026-09-18T15:30:28;WKS-0421;cgblock;4013;NTLMv1;Blocked;administrator;DEMO;explorer.exe;nas01;;;;;;;;;;;C:\Windows\explorer.exe
2026-09-18T15:26:47;DC02;kerberos;4769;;;t.hoffmann@DEMO.NOPCAP.NET;DEMO;;ldap/dc01.demo.nopcap.net;;;;AES256;;;;;;;
2026-09-18T15:26:31;DC01;kerberos;4769;;;VDI-056$@DEMO.NOPCAP.NET;DEMO;;HOST/app03.demo.nopcap.net;;;;AES256;;;;;;;
2026-09-18T15:25:07;DC02;kerberos;4769;;;p.neumann@DEMO.NOPCAP.NET;DEMO;;ldap/dc02.demo.nopcap.net;;;;AES256;;;;;;;
2026-09-18T15:21:18;DC01;kerberos;4769;;;svc_backup@DEMO.NOPCAP.NET;DEMO;;ldap/dc02.demo.nopcap.net;;;;AES256;;;;;;;
2026-09-18T15:20:27;DC02;kerberos;4769;;;j.schulz@DEMO.NOPCAP.NET;DEMO;;TERMSRV/vdi-broker.demo.nopcap.net;;;;AES256;;;;;;;
2026-09-18T15:16:25;FS01;outgoing;8001;;;s.wagner;DEMO;svchost.exe;ldap/dc01.demo.nopcap.net;;;;;;;;;;;C:\Windows\System32\svchost.exe
2026-09-18T15:15:50;WKS-0421;outgoing;8001;;;s.wagner;DEMO;WINWORD.EXE;cifs/fs01.demo.nopcap.net;;;;;;;;;;;C:\Program Files\Microsoft Office\root\Office16\WINWORD.EXE
2026-09-18T15:12:51;DC01;kerberos;4769;;;t.hoffmann@DEMO.NOPCAP.NET;DEMO;;ldap/dc01.demo.nopcap.net;;;;AES256;;;;;;;
2026-09-18T15:01:51;APP03;outgoing;8001;;;svc_monitor;DEMO;explorer.exe;cifs/fs01.demo.nopcap.net;;;;;;;;;;;C:\Windows\explorer.exe
2026-09-18T15:01:15;DC01;kerberos;4769;;;NB-1149$@DEMO.NOPCAP.NET;DEMO;;HOST/app03.demo.nopcap.net;;;;AES256;;;;;;;
2026-09-18T15:00:48;DC01;kerberos;4769;;;t.hoffmann@DEMO.NOPCAP.NET;DEMO;;HOST/app03.demo.nopcap.net;;;;AES256;;;;;;;
2026-09-18T14:58:26;DC01;kerberos;4769;;;administrator@DEMO.NOPCAP.NET;DEMO;;cifs/fs01.demo.nopcap.net;;;;AES256;;;;;;;
2026-09-18T14:56:55;DC01;kerberos;4769;;;s.wagner@DEMO.NOPCAP.NET;DEMO;;cifs/fs01.demo.nopcap.net;;;;AES256;;;;;;;
2026-09-18T14:54:56;DC01;kerberos;4769;;;NB-1392$@DEMO.NOPCAP.NET;DEMO;;HOST/app03.demo.nopcap.net;;;;AES256;;;;;;;
2026-09-18T14:54:24;DC02;kerberos;4769;;;j.schulz@DEMO.NOPCAP.NET;DEMO;;HTTP/portal.demo.nopcap.net;;;;AES256;;;;;;;
2026-09-18T14:50:39;DC01;incoming;8003;;;k.lorenz;DEMO;System;;NB-1013;;3;;;;;;;;
2026-09-18T14:49:57;DC02;kerberos;4769;;;s.wagner@DEMO.NOPCAP.NET;DEMO;;HTTP/portal.demo.nopcap.net;;;;AES256;;;;;;;
2026-09-18T14:49:42;DC02;kerberos;4769;;;m.becker@DEMO.NOPCAP.NET;DEMO;;HOST/app03.demo.nopcap.net;;;;AES256;;;;;;;
2026-09-18T14:49:18;DC01;kerberos;4769;;;NB-1050$@DEMO.NOPCAP.NET;DEMO;;TERMSRV/vdi-broker.demo.nopcap.net;;;;AES256;;;;;;;
2026-09-18T14:46:42;WKS-0421;outgoing;4001;;Blocked;svc_sql;DEMO;spoolsv.exe;cifs/printsrv01;;;;;;;;;;;C:\Windows\System32\spoolsv.exe
2026-09-18T14:46:30;WKS-0421;outgoing;4001;;Blocked;svc_web;DEMO;mmc.exe;cifs/10.14.22.31;;;;;;;;;;;C:\Windows\System32\mmc.exe
2026-09-18T14:39:58;FS01;outgoing;8001;;;p.neumann;DEMO;lsass.exe;cifs/nas01;;;;;;;;;;;C:\Windows\System32\lsass.exe
2026-09-18T14:37:57;DC01;kerberos;4769;;;p.neumann@DEMO.NOPCAP.NET;DEMO;;MSSQLSvc/sql01.demo.nopcap.net:1433;;;;AES256;;;;;;;
2026-09-18T14:37:20;DC01;kerberos;4769;;;administrator@DEMO.NOPCAP.NET;DEMO;;TERMSRV/vdi-broker.demo.nopcap.net;;;;AES256;;;;;;;
2026-09-18T14:37:16;DC02;kerberos;4769;;;a.klein@DEMO.NOPCAP.NET;DEMO;;HOST/app03.demo.nopcap.net;;;;AES256;;;;;;;
2026-09-18T14:33:53;DC01;incoming;8002;;;APP03$;DEMO;svchost.exe;;;;;;;;;;;;
2026-09-18T14:26:15;APP03;outgoing;8001;;;administrator;DEMO;System;cifs/fs01.demo.nopcap.net;;;;;;;;;;;
2026-09-18T14:22:33;DC01;domain;8004;;;svc_backup;DEMO;;ARCHIVE01;NB-1251;;;;;;;;;;
2026-09-18T14:21:46;APP03;outgoing;8001;;;svc_web;DEMO;wsmprovhost.exe;HOST/app03;;;;;;;;;;;C:\Windows\System32\wsmprovhost.exe
2026-09-18T14:20:25;DC01;kerberos;4769;;;WKS-0272$@DEMO.NOPCAP.NET;DEMO;;ldap/dc01.demo.nopcap.net;;;;AES256;;;;;;;
2026-09-18T14:17:00;DC01;domain;8004;;;d.fischer;DEMO;;FS01;WKS-0246;;;;;;;;;;
2026-09-18T14:11:45;DC02;kerberos;4769;;;svc_backup@DEMO.NOPCAP.NET;DEMO;;HOST/app03.demo.nopcap.net;;;;AES256;;;;;;;
2026-09-18T14:09:39;DC01;kerberos;4769;;;administrator@DEMO.NOPCAP.NET;DEMO;;TERMSRV/vdi-broker.demo.nopcap.net;;;;AES256;;;;;;;
2026-09-18T14:06:30;DC01;kerberos;4769;;;svc_monitor@DEMO.NOPCAP.NET;DEMO;;ldap/dc02.demo.nopcap.net;;;;AES256;;;;;;;
2026-09-18T14:05:57;DC01;kerberos;4769;;;NB-1271$@DEMO.NOPCAP.NET;DEMO;;MSSQLSvc/sql01.demo.nopcap.net:1433;;;;AES256;;;;;;;
2026-09-18T14:05:35;DC02;auth;4624;NTLMv2;Fallback;j.schulz;DEMO;;;WKS-0192;10.14.22.233;3;;;;;;;;
2026-09-18T14:05:19;DC02;kerberos;4769;;;k.lorenz@DEMO.NOPCAP.NET;DEMO;;ldap/dc02.demo.nopcap.net;;;;AES256;;;;;;;
2026-09-18T14:02:58;DC01;kerberos;4769;;;administrator@DEMO.NOPCAP.NET;DEMO;;MSSQLSvc/sql01.demo.nopcap.net:1433;;;;AES256;;;;;;;
2026-09-18T13:59:18;DC01;kerberos;4769;;;VDI-051$@DEMO.NOPCAP.NET;DEMO;;HOST/app03.demo.nopcap.net;;;;AES256;;;;;;;
2026-09-18T13:58:53;WKS-0421;outgoing;8001;;;administrator;DEMO;spoolsv.exe;cifs/printsrv01;;;;;;;;;;;C:\Windows\System32\spoolsv.exe
2026-09-18T13:51:44;DC01;kerberos;4769;;;svc_monitor@DEMO.NOPCAP.NET;DEMO;;cifs/fs01.demo.nopcap.net;;;;AES256;;;;;;;
2026-09-18T13:51:01;APP03;outgoing;8001;;;p.neumann;DEMO;lsass.exe;cifs/nas01;;;;;;;;;;;C:\Windows\System32\lsass.exe
2026-09-18T13:50:35;DC01;kerberos;4769;;;WKS-0526$@DEMO.NOPCAP.NET;DEMO;;ldap/dc01.demo.nopcap.net;;;;AES256;;;;;;;
2026-09-18T13:49:23;DC02;kerberos;4769;;;a.klein@DEMO.NOPCAP.NET;DEMO;;HOST/app03.demo.nopcap.net;;;;AES256;;;;;;;
2026-09-18T13:48:38;DC02;kerberos;4769;;;p.neumann@DEMO.NOPCAP.NET;DEMO;;HOST/app03.demo.nopcap.net;;;;AES256;;;;;;;
2026-09-18T13:45:48;DC01;kerberos;4769;;;svc_sql@DEMO.NOPCAP.NET;DEMO;;ldap/dc01.demo.nopcap.net;;;;AES256;;;;;;;
2026-09-18T13:40:13;DC02;kerberos;4769;;;k.lorenz@DEMO.NOPCAP.NET;DEMO;;cifs/fs01.demo.nopcap.net;;;;AES256;;;;;;;
2026-09-18T13:39:30;DC01;kerberos;4769;;;VDI-081$@DEMO.NOPCAP.NET;DEMO;;TERMSRV/vdi-broker.demo.nopcap.net;;;;AES256;;;;;;;
2026-09-18T13:37:59;APP03;outgoing;8001;;;t.hoffmann;DEMO;explorer.exe;cifs/fs01.demo.nopcap.net;;;;;;;;;;;C:\Windows\explorer.exe
2026-09-18T13:35:30;DC01;auth;4624;NTLMv2;Direct;p.neumann;DEMO;;;NB-1119;10.14.20.228;3;;;;;;;;
2026-09-18T13:29:44;DC02;kerberos;4769;;;m.becker@DEMO.NOPCAP.NET;DEMO;;TERMSRV/vdi-broker.demo.nopcap.net;;;;AES256;;;;;;;
2026-09-18T13:29:43;DC02;kerberos;4769;;;k.lorenz@DEMO.NOPCAP.NET;DEMO;;ldap/dc01.demo.nopcap.net;;;;AES256;;;;;;;
2026-09-18T13:29:24;DC01;kerberos;4769;;;svc_monitor@DEMO.NOPCAP.NET;DEMO;;MSSQLSvc/sql01.demo.nopcap.net:1433;;;;AES256;;;;;;;
2026-09-18T13:27:48;DC02;kerberos;4769;;;administrator@DEMO.NOPCAP.NET;DEMO;;MSSQLSvc/sql01.demo.nopcap.net:1433;;;;AES256;;;;;;;
2026-09-18T13:22:54;FS01;outgoing;8001;;;p.neumann;DEMO;svchost.exe;ldap/dc01.demo.nopcap.net;;;;;;;;;;;C:\Windows\System32\svchost.exe
2026-09-18T13:22:12;DC01;kerberos;4769;;;p.neumann@DEMO.NOPCAP.NET;DEMO;;MSSQLSvc/sql01.demo.nopcap.net:1433;;;;AES256;;;;;;;
2026-09-18T13:20:48;DC01;kerberos;4769;;;k.lorenz@DEMO.NOPCAP.NET;DEMO;;TERMSRV/vdi-broker.demo.nopcap.net;;;;AES256;;;;;;;
2026-09-18T13:20:38;DC01;kerberos;4769;;;svc_monitor@DEMO.NOPCAP.NET;DEMO;;ldap/dc02.demo.nopcap.net;;;;AES256;;;;;;;
2026-09-18T13:18:52;DC01;kerberos;4769;;;m.becker@DEMO.NOPCAP.NET;DEMO;;HOST/app03.demo.nopcap.net;;;;AES256;;;;;;;
2026-09-18T13:18:50;DC01;kerberos;4769;;;VDI-011$@DEMO.NOPCAP.NET;DEMO;;MSSQLSvc/sql01.demo.nopcap.net:1433;;;;AES256;;;;;;;
2026-09-18T13:13:15;FS01;outgoing;8001;;;svc_backup;DEMO;WINWORD.EXE;cifs/fs01.demo.nopcap.net;;;;;;;;;;;C:\Program Files\Microsoft Office\root\Office16\WINWORD.EXE
2026-09-18T13:09:19;DC02;kerberos;4769;;;m.becker@DEMO.NOPCAP.NET;DEMO;;MSSQLSvc/sql01.demo.nopcap.net:1433;;;;AES256;;;;;;;
2026-09-18T13:07:24;DC01;kerberos;4769;;;p.neumann@DEMO.NOPCAP.NET;DEMO;;TERMSRV/vdi-broker.demo.nopcap.net;;;;AES256;;;;;;;
2026-09-18T13:06:07;DC01;domain;8004;;;svc_sql;DEMO;;APP03;VDI-012;;;;;;;;;;
2026-09-18T13:05:41;DC02;kerberos;4769;;;administrator@DEMO.NOPCAP.NET;DEMO;;MSSQLSvc/sql01.demo.nopcap.net:1433;;;;AES256;;;;;;;
2026-09-18T13:04:48;FS01;outgoing;8001;;;a.klein;DEMO;lsass.exe;cifs/nas01;;;;;;;;;;;C:\Windows\System32\lsass.exe
2026-09-18T13:04:05;DC01;ntlmv1sso;4024;NTLMv1;;svc_scan;DEMO;;cifs/fs01.demo.nopcap.net;;;;;;;;;;;
2026-09-18T13:04:02;DC01;kerberos;4769;;;k.lorenz@DEMO.NOPCAP.NET;DEMO;;ldap/dc02.demo.nopcap.net;;;;AES256;;;;;;;
2026-09-18T13:03:49;WKS-0421;outgoing;4020;NTLMv2;Direct;t.hoffmann;DEMO;lsass.exe;cifs/nas01;;;;;Target name could not be resolved by Kerberos;6;Unprotected;None;;;C:\Windows\System32\lsass.exe
2026-09-18T13:02:25;DC01;kerberos;4769;;;VDI-013$@DEMO.NOPCAP.NET;DEMO;;ldap/dc01.demo.nopcap.net;;;;AES256;;;;;;;
2026-09-18T13:01:06;FS01;outgoing;8001;;;a.klein;DEMO;lsass.exe;cifs/nas01;;;;;;;;;;;C:\Windows\System32\lsass.exe
2026-09-18T13:00:15;DC01;kerberos;4769;;;NB-1133$@DEMO.NOPCAP.NET;DEMO;;MSSQLSvc/sql01.demo.nopcap.net:1433;;;;AES256;;;;;;;
2026-09-18T12:58:34;DC01;kerberos;4769;;;m.becker@DEMO.NOPCAP.NET;DEMO;;HOST/app03.demo.nopcap.net;;;;AES256;;;;;;;
2026-09-18T12:58:11;DC02;kerberos;4769;;;d.fischer@DEMO.NOPCAP.NET;DEMO;;HTTP/portal.demo.nopcap.net;;;;AES256;;;;;;;
2026-09-18T12:57:09;DC01;auth;4624;NTLMv1;Direct;svc_scan;DEMO;;;MFP-EG-02;10.14.30.43;3;;;;;;;;
2026-09-18T12:54:08;DC01;kerberos;4769;;;VDI-056$@DEMO.NOPCAP.NET;DEMO;;ldap/dc02.demo.nopcap.net;;;;AES256;;;;;;;
2026-09-18T12:52:52;DC02;kerberos;4769;;;k.lorenz@DEMO.NOPCAP.NET;DEMO;;HTTP/portal.demo.nopcap.net;;;;AES256;;;;;;;
2026-09-18T12:46:45;DC01;kerberos;4769;;;m.becker@DEMO.NOPCAP.NET;DEMO;;ldap/dc02.demo.nopcap.net;;;;AES256;;;;;;;
2026-09-18T12:45:57;FS01;outgoing;8001;;;j.schulz;DEMO;msedge.exe;HTTP/intranet;;;;;;;;;;;C:\Program Files (x86)\Microsoft\Edge\Application\msedge.exe
2026-09-18T12:40:35;DC01;kerberos;4769;;;p.neumann@DEMO.NOPCAP.NET;DEMO;;TERMSRV/vdi-broker.demo.nopcap.net;;;;AES256;;;;;;;
2026-09-18T12:39:49;APP03;outgoing;8001;;;svc_backup;DEMO;wsmprovhost.exe;HOST/app03;;;;;;;;;;;C:\Windows\System32\wsmprovhost.exe
2026-09-18T12:38:28;DC01;kerberos;4769;;;NB-1188$@DEMO.NOPCAP.NET;DEMO;;MSSQLSvc/sql01.demo.nopcap.net:1433;;;;AES256;;;;;;;
2026-09-18T12:35:14;DC01;kerberos;4769;;;administrator@DEMO.NOPCAP.NET;DEMO;;TERMSRV/vdi-broker.demo.nopcap.net;;;;AES256;;;;;;;
2026-09-18T12:35:01;DC01;auth;4624;NTLMv2;Fallback;t.hoffmann;DEMO;;;NB-1264;10.14.25.11;3;;;;;;;;
2026-09-18T12:33:11;DC01;kerberos;4769;;;WKS-0471$@DEMO.NOPCAP.NET;DEMO;;MSSQLSvc/sql01.demo.nopcap.net:1433;;;;AES256;;;;;;;
2026-09-18T12:26:31;DC01;kerberos;4769;;;WKS-0855$@DEMO.NOPCAP.NET;DEMO;;MSSQLSvc/sql01.demo.nopcap.net:1433;;;;AES256;;;;;;;
2026-09-18T12:25:42;DC02;kerberos;4769;;;svc_backup@DEMO.NOPCAP.NET;DEMO;;HOST/app03.demo.nopcap.net;;;;AES256;;;;;;;
2026-09-18T12:23:42;DC02;kerberos;4769;;;svc_monitor@DEMO.NOPCAP.NET;DEMO;;cifs/fs01.demo.nopcap.net;;;;AES256;;;;;;;
2026-09-18T12:17:55;DC01;kerberos;4769;;;svc_backup@DEMO.NOPCAP.NET;DEMO;;ldap/dc01.demo.nopcap.net;;;;AES256;;;;;;;
2026-09-18T12:17:21;DC02;kerberos;4769;;;a.klein@DEMO.NOPCAP.NET;DEMO;;cifs/fs01.demo.nopcap.net;;;;AES256;;;;;;;
2026-09-18T12:11:53;FS01;outgoing;8001;;;svc_web;DEMO;mmc.exe;cifs/10.14.22.31;;;;;;;;;;;C:\Windows\System32\mmc.exe
2026-09-18T12:11:51;DC01;kerberos;4769;;;d.fischer@DEMO.NOPCAP.NET;DEMO;;MSSQLSvc/sql01.demo.nopcap.net:1433;;;;AES256;;;;;;;
2026-09-18T12:09:39;DC02;kerberos;4769;;;k.lorenz@DEMO.NOPCAP.NET;DEMO;;cifs/fs01.demo.nopcap.net;;;;AES256;;;;;;;
2026-09-18T12:08:08;DC01;kerberos;4769;;;WKS-0769$@DEMO.NOPCAP.NET;DEMO;;ldap/dc02.demo.nopcap.net;;;;AES256;;;;;;;
2026-09-18T12:05:20;DC02;auth;4624;NTLMv2;Direct;svc_backup;DEMO;;;NB-1076;10.14.24.33;3;;;;;;;;
2026-09-18T12:03:39;DC01;kerberos;4769;;;NB-1210$@DEMO.NOPCAP.NET;DEMO;;TERMSRV/vdi-broker.demo.nopcap.net;;;;AES256;;;;;;;
2026-09-18T12:02:20;DC01;kerberos;4769;;;NB-1263$@DEMO.NOPCAP.NET;DEMO;;HOST/app03.demo.nopcap.net;;;;AES256;;;;;;;
2026-09-18T11:59:51;DC01;kerberos;4769;;;NB-1025$@DEMO.NOPCAP.NET;DEMO;;HOST/app03.demo.nopcap.net;;;;AES256;;;;;;;
2026-09-18T11:54:06;DC02;kerberos;4769;;;svc_web@DEMO.NOPCAP.NET;DEMO;;MSSQLSvc/sql01.demo.nopcap.net:1433;;;;AES256;;;;;;;
2026-09-18T11:49:48;DC01;auth;4624;NTLMv2;Direct;svc_sql;DEMO;;;WKS-0895;10.14.24.40;3;;;;;;;;
2026-09-18T11:45:07;APP03;outgoing;8001;;;svc_sql;DEMO;lsass.exe;cifs/nas01;;;;;;;;;;;C:\Windows\System32\lsass.exe
2026-09-18T11:44:26;DC01;kerberos;4769;;;j.schulz@DEMO.NOPCAP.NET;DEMO;;HOST/app03.demo.nopcap.net;;;;AES256;;;;;;;
2026-09-18T11:42:30;DC02;kerberos;4769;;;a.klein@DEMO.NOPCAP.NET;DEMO;;ldap/dc02.demo.nopcap.net;;;;AES256;;;;;;;
2026-09-18T11:39:25;FS01;incoming;8003;;;m.becker;DEMO;w3wp.exe;;VDI-012;;3;;;;;;;;
2026-09-18T11:39:17;DC02;kerberos;4769;;;t.hoffmann@DEMO.NOPCAP.NET;DEMO;;HTTP/portal.demo.nopcap.net;;;;AES256;;;;;;;
2026-09-18T11:37:59;DC02;domain;8004;;;svc_monitor;DEMO;;PRINTSRV01;VDI-082;;;;;;;;;;
2026-09-18T11:37:36;DC02;kerberos;4769;;;p.neumann@DEMO.NOPCAP.NET;DEMO;;HOST/app03.demo.nopcap.net;;;;AES256;;;;;;;
2026-09-18T11:36:40;DC01;kerberos;4769;;;WKS-0555$@DEMO.NOPCAP.NET;DEMO;;ldap/dc01.demo.nopcap.net;;;;AES256;;;;;;;
2026-09-18T11:35:44;DC02;kerberos;4769;;;j.schulz@DEMO.NOPCAP.NET;DEMO;;ldap/dc01.demo.nopcap.net;;;;AES256;;;;;;;
2026-09-18T11:35:41;DC01;kerberos;4769;;;WKS-0486$@DEMO.NOPCAP.NET;DEMO;;TERMSRV/vdi-broker.demo.nopcap.net;;;;AES256;;;;;;;
2026-09-18T11:35:01;DC01;kerberos;4769;;;svc_monitor@DEMO.NOPCAP.NET;DEMO;;MSSQLSvc/sql01.demo.nopcap.net:1433;;;;AES256;;;;;;;
2026-09-18T11:33:32;DC01;kerberos;4769;;;VDI-010$@DEMO.NOPCAP.NET;DEMO;;TERMSRV/vdi-broker.demo.nopcap.net;;;;AES256;;;;;;;
2026-09-18T11:32:15;DC01;kerberos;4769;;;a.klein@DEMO.NOPCAP.NET;DEMO;;HTTP/portal.demo.nopcap.net;;;;AES256;;;;;;;
2026-09-18T11:31:48;DC01;kerberos;4769;;;VDI-043$@DEMO.NOPCAP.NET;DEMO;;ldap/dc02.demo.nopcap.net;;;;AES256;;;;;;;
2026-09-18T11:31:21;DC01;kerberos;4769;;;t.hoffmann@DEMO.NOPCAP.NET;DEMO;;HTTP/portal.demo.nopcap.net;;;;AES256;;;;;;;
2026-09-18T11:30:18;FS01;outgoing;8001;;;administrator;DEMO;msedge.exe;HTTP/intranet;;;;;;;;;;;C:\Program Files (x86)\Microsoft\Edge\Application\msedge.exe
2026-09-18T11:28:36;DC02;kerberos;4769;;;svc_sql@DEMO.NOPCAP.NET;DEMO;;ldap/dc01.demo.nopcap.net;;;;AES256;;;;;;;
2026-09-18T11:24:46;DC01;kerberos;4769;;;svc_backup@DEMO.NOPCAP.NET;DEMO;;MSSQLSvc/sql01.demo.nopcap.net:1433;;;;AES256;;;;;;;
2026-09-18T11:23:13;FS01;incoming;8002;;;APP03$;DEMO;System;;;;;;;;;;;;
2026-09-18T11:19:03;DC01;kerberos;4769;;;svc_monitor@DEMO.NOPCAP.NET;DEMO;;HTTP/portal.demo.nopcap.net;;;;AES256;;;;;;;
2026-09-18T11:18:13;DC02;kerberos;4769;;;a.klein@DEMO.NOPCAP.NET;DEMO;;cifs/fs01.demo.nopcap.net;;;;AES256;;;;;;;
2026-09-18T11:16:30;DC02;auth;4624;NTLMv2;Direct;svc_backup;DEMO;;;WKS-0179;10.14.24.3;3;;;;;;;;
2026-09-18T11:05:47;DC01;kerberos;4769;;;s.wagner@DEMO.NOPCAP.NET;DEMO;;cifs/fs01.demo.nopcap.net;;;;AES256;;;;;;;
2026-09-18T11:04:57;FS01;outgoing;8001;;;svc_sql;DEMO;System;cifs/fs01.demo.nopcap.net;;;;;;;;;;;
2026-09-18T11:03:28;DC01;auth;4624;NTLMv2;Fallback;svc_backup;DEMO;;;WKS-0324;10.14.24.204;3;;;;;;;;
2026-09-18T10:59:58;DC01;kerberos;4769;;;VDI-014$@DEMO.NOPCAP.NET;DEMO;;HOST/app03.demo.nopcap.net;;;;AES256;;;;;;;
2026-09-18T10:59:40;DC01;kerberos;4769;;;d.fischer@DEMO.NOPCAP.NET;DEMO;;MSSQLSvc/sql01.demo.nopcap.net:1433;;;;AES256;;;;;;;
2026-09-18T10:59:27;DC01;kerberos;4769;;;VDI-017$@DEMO.NOPCAP.NET;DEMO;;ldap/dc02.demo.nopcap.net;;;;AES256;;;;;;;
2026-09-18T10:58:20;DC02;kerberos;4769;;;p.neumann@DEMO.NOPCAP.NET;DEMO;;TERMSRV/vdi-broker.demo.nopcap.net;;;;AES256;;;;;;;
2026-09-18T10:58:10;DC01;kerberos;4769;;;svc_sql@DEMO.NOPCAP.NET;DEMO;;HOST/app03.demo.nopcap.net;;;;AES256;;;;;;;
2026-09-18T10:57:10;DC01;kerberos;4769;;;VDI-044$@DEMO.NOPCAP.NET;DEMO;;TERMSRV/vdi-broker.demo.nopcap.net;;;;AES256;;;;;;;
2026-09-18T10:54:02;DC01;kerberos;4769;;;s.wagner@DEMO.NOPCAP.NET;DEMO;;MSSQLSvc/sql01.demo.nopcap.net:1433;;;;AES256;;;;;;;
2026-09-18T10:51:28;DC01;auth;4624;NTLMv2;Fallback;svc_backup;DEMO;;;VDI-062;10.14.24.250;3;;;;;;;;
2026-09-18T10:43:43;DC02;kerberos;4769;;;svc_sql@DEMO.NOPCAP.NET;DEMO;;ldap/dc02.demo.nopcap.net;;;;AES256;;;;;;;
2026-09-18T10:40:57;FS01;outgoing;8001;;;s.wagner;DEMO;svchost.exe;ldap/dc01.demo.nopcap.net;;;;;;;;;;;C:\Windows\System32\svchost.exe
2026-09-18T10:37:49;DC01;kerberos;4769;;;NB-1194$@DEMO.NOPCAP.NET;DEMO;;HTTP/portal.demo.nopcap.net;;;;AES256;;;;;;;
2026-09-18T10:32:39;DC02;kerberos;4769;;;svc_backup@DEMO.NOPCAP.NET;DEMO;;ldap/dc02.demo.nopcap.net;;;;AES256;;;;;;;
2026-09-18T10:30:55;WKS-0421;outgoing;4020;NTLMv2;Direct;svc_web;DEMO;System;cifs/fs01.demo.nopcap.net;;;;;Application called NTLM directly;1;Unprotected;None;;;
2026-09-18T10:29:13;APP03;outgoing;8001;;;k.lorenz;DEMO;explorer.exe;cifs/fs01.demo.nopcap.net;;;;;;;;;;;C:\Windows\explorer.exe
2026-09-18T10:28:44;DC01;kerberos;4769;;;WKS-0815$@DEMO.NOPCAP.NET;DEMO;;ldap/dc01.demo.nopcap.net;;;;AES256;;;;;;;
2026-09-18T10:21:43;DC01;kerberos;4769;;;administrator@DEMO.NOPCAP.NET;DEMO;;MSSQLSvc/sql01.demo.nopcap.net:1433;;;;AES256;;;;;;;
2026-09-18T10:19:24;DC02;kerberos;4769;;;svc_web@DEMO.NOPCAP.NET;DEMO;;ldap/dc02.demo.nopcap.net;;;;AES256;;;;;;;
2026-09-18T10:18:44;DC02;kerberos;4769;;;d.fischer@DEMO.NOPCAP.NET;DEMO;;HTTP/portal.demo.nopcap.net;;;;AES256;;;;;;;
2026-09-18T10:16:57;DC02;kerberos;4769;;;k.lorenz@DEMO.NOPCAP.NET;DEMO;;ldap/dc01.demo.nopcap.net;;;;AES256;;;;;;;
2026-09-18T10:12:12;DC01;kerberos;4769;;;VDI-020$@DEMO.NOPCAP.NET;DEMO;;ldap/dc01.demo.nopcap.net;;;;AES256;;;;;;;
2026-09-18T10:10:53;WKS-0421;outgoing;4001;;Blocked;d.fischer;DEMO;lsass.exe;cifs/nas01;;;;;;;;;;;C:\Windows\System32\lsass.exe
2026-09-18T10:08:37;DC01;kerberos;4769;;;svc_sql@DEMO.NOPCAP.NET;DEMO;;MSSQLSvc/sql01.demo.nopcap.net:1433;;;;AES256;;;;;;;
2026-09-18T09:57:38;DC02;kerberos;4769;;;p.neumann@DEMO.NOPCAP.NET;DEMO;;ldap/dc01.demo.nopcap.net;;;;AES256;;;;;;;
2026-09-18T09:57:08;DC02;auth;4624;NTLMv2;Direct;t.hoffmann;DEMO;;;WKS-0344;10.14.20.182;3;;;;;;;;
2026-09-18T09:55:34;DC01;kerberos;4769;;;k.lorenz@DEMO.NOPCAP.NET;DEMO;;MSSQLSvc/sql01.demo.nopcap.net:1433;;;;AES256;;;;;;;
2026-09-18T09:52:34;DC01;incoming;8003;;;administrator;DEMO;w3wp.exe;;NB-1117;;3;;;;;;;;
2026-09-18T09:51:39;DC01;kerberos;4769;;;WKS-0422$@DEMO.NOPCAP.NET;DEMO;;cifs/fs01.demo.nopcap.net;;;;AES256;;;;;;;
2026-09-18T09:49:51;DC01;kerberos;4769;;;NB-1324$@DEMO.NOPCAP.NET;DEMO;;TERMSRV/vdi-broker.demo.nopcap.net;;;;AES256;;;;;;;
2026-09-18T09:45:46;DC01;kerberos;4769;;;a.klein@DEMO.NOPCAP.NET;DEMO;;MSSQLSvc/sql01.demo.nopcap.net:1433;;;;AES256;;;;;;;
2026-09-18T09:45:32;DC02;kerberos;4769;;;p.neumann@DEMO.NOPCAP.NET;DEMO;;HOST/app03.demo.nopcap.net;;;;AES256;;;;;;;
2026-09-18T09:44:38;DC02;kerberos;4769;;;k.lorenz@DEMO.NOPCAP.NET;DEMO;;HOST/app03.demo.nopcap.net;;;;AES256;;;;;;;
2026-09-18T09:43:11;WKS-0421;outgoing;4001;;Blocked;svc_sql;DEMO;msedge.exe;HTTP/intranet;;;;;;;;;;;C:\Program Files (x86)\Microsoft\Edge\Application\msedge.exe
2026-09-18T09:34:56;FS01;outgoing;8001;;;m.becker;DEMO;Veeam.Backup.Service.exe;cifs/nas01;;;;;;;;;;;C:\Program Files\Veeam\Backup and Replication\Backup\Veeam.Backup.Service.exe
2026-09-18T09:30:06;DC01;kerberos;4769;;;j.schulz@DEMO.NOPCAP.NET;DEMO;;cifs/fs01.demo.nopcap.net;;;;AES256;;;;;;;
2026-09-18T09:25:24;DC01;kerberos;4769;;;svc_monitor@DEMO.NOPCAP.NET;DEMO;;ldap/dc02.demo.nopcap.net;;;;AES256;;;;;;;
2026-09-18T09:20:26;FS01;outgoing;8001;;;d.fischer;DEMO;lsass.exe;cifs/nas01;;;;;;;;;;;C:\Windows\System32\lsass.exe
2026-09-18T09:19:30;DC01;kerberos;4769;;;WKS-0716$@DEMO.NOPCAP.NET;DEMO;;MSSQLSvc/sql01.demo.nopcap.net:1433;;;;AES256;;;;;;;
2026-09-18T09:17:53;FS01;outgoing;8001;;;m.becker;DEMO;powershell.exe;cifs/10.14.22.31;;;;;;;;;;;C:\Windows\System32\WindowsPowerShell\v1.0\powershell.exe
2026-09-18T09:16:58;DC02;auth;4624;NTLMv2;Fallback;a.klein;DEMO;;;WKS-0616;10.14.25.234;3;;;;;;;;
2026-09-18T09:08:06;DC01;kerberos;4769;;;VDI-083$@DEMO.NOPCAP.NET;DEMO;;HTTP/portal.demo.nopcap.net;;;;AES256;;;;;;;
2026-09-18T09:05:47;DC01;kerberos;4769;;;svc_web@DEMO.NOPCAP.NET;DEMO;;cifs/fs01.demo.nopcap.net;;;;AES256;;;;;;;
2026-09-18T09:04:50;DC01;kerberos;4769;;;d.fischer@DEMO.NOPCAP.NET;DEMO;;ldap/dc02.demo.nopcap.net;;;;AES256;;;;;;;
2026-09-18T09:01:15;DC01;kerberos;4769;;;administrator@DEMO.NOPCAP.NET;DEMO;;cifs/fs01.demo.nopcap.net;;;;AES256;;;;;;;
2026-09-18T08:58:30;DC02;kerberos;4769;;;a.klein@DEMO.NOPCAP.NET;DEMO;;HTTP/portal.demo.nopcap.net;;;;AES256;;;;;;;
2026-09-18T08:57:50;DC02;kerberos;4769;;;k.lorenz@DEMO.NOPCAP.NET;DEMO;;ldap/dc01.demo.nopcap.net;;;;AES256;;;;;;;
2026-09-18T08:51:40;DC02;kerberos;4769;;;administrator@DEMO.NOPCAP.NET;DEMO;;HTTP/portal.demo.nopcap.net;;;;AES256;;;;;;;
2026-09-18T08:49:37;DC01;auth;4624;NTLMv2;Direct;p.neumann;DEMO;;;NB-1272;10.14.21.18;3;;;;;;;;
2026-09-18T08:48:35;DC01;kerberos;4769;;;j.schulz@DEMO.NOPCAP.NET;DEMO;;cifs/fs01.demo.nopcap.net;;;;AES256;;;;;;;
2026-09-18T08:46:00;DC02;kerberos;4769;;;d.fischer@DEMO.NOPCAP.NET;DEMO;;HTTP/portal.demo.nopcap.net;;;;AES256;;;;;;;
2026-09-18T08:45:24;WKS-0421;outgoing;4020;NTLMv2;Direct;j.schulz;DEMO;spoolsv.exe;cifs/printsrv01;;;;;Target name could not be resolved by Kerberos;6;Unprotected;None;;;C:\Windows\System32\spoolsv.exe
2026-09-18T08:39:09;APP03;outgoing;8001;;;svc_backup;DEMO;System;cifs/fs01.demo.nopcap.net;;;;;;;;;;;
2026-09-18T08:33:23;APP03;outgoing;8001;;;j.schulz;DEMO;Veeam.Backup.Service.exe;cifs/nas01;;;;;;;;;;;C:\Program Files\Veeam\Backup and Replication\Backup\Veeam.Backup.Service.exe
2026-09-18T08:31:57;DC01;kerberos;4769;;;t.hoffmann@DEMO.NOPCAP.NET;DEMO;;HTTP/portal.demo.nopcap.net;;;;AES256;;;;;;;
2026-09-18T08:29:47;DC02;kerberos;4769;;;administrator@DEMO.NOPCAP.NET;DEMO;;TERMSRV/vdi-broker.demo.nopcap.net;;;;AES256;;;;;;;
2026-09-18T08:25:39;DC01;kerberos;4769;;;svc_monitor@DEMO.NOPCAP.NET;DEMO;;cifs/fs01.demo.nopcap.net;;;;AES256;;;;;;;
2026-09-18T08:14:41;DC01;kerberos;4769;;;VDI-035$@DEMO.NOPCAP.NET;DEMO;;TERMSRV/vdi-broker.demo.nopcap.net;;;;AES256;;;;;;;
2026-09-18T08:14:04;DC01;kerberos;4769;;;k.lorenz@DEMO.NOPCAP.NET;DEMO;;HOST/app03.demo.nopcap.net;;;;AES256;;;;;;;
2026-09-18T08:11:18;DC01;kerberos;4769;;;VDI-026$@DEMO.NOPCAP.NET;DEMO;;cifs/fs01.demo.nopcap.net;;;;AES256;;;;;;;
2026-09-18T08:10:31;DC01;kerberos;4769;;;svc_web@DEMO.NOPCAP.NET;DEMO;;HOST/app03.demo.nopcap.net;;;;RC4;;;;;;;
2026-09-18T08:07:51;DC01;kerberos;4769;;;WKS-0108$@DEMO.NOPCAP.NET;DEMO;;TERMSRV/vdi-broker.demo.nopcap.net;;;;AES256;;;;;;;
2026-09-18T08:07:33;DC02;kerberos;4769;;;svc_sql@DEMO.NOPCAP.NET;DEMO;;ldap/dc02.demo.nopcap.net;;;;AES256;;;;;;;
2026-09-18T08:07:27;FS01;outgoing;8001;;;k.lorenz;DEMO;lsass.exe;cifs/nas01;;;;;;;;;;;C:\Windows\System32\lsass.exe
2026-09-18T08:04:00;DC01;kerberos;4769;;;VDI-072$@DEMO.NOPCAP.NET;DEMO;;ldap/dc02.demo.nopcap.net;;;;AES256;;;;;;;
2026-09-18T08:03:35;DC02;kerberos;4769;;;j.schulz@DEMO.NOPCAP.NET;DEMO;;ldap/dc01.demo.nopcap.net;;;;AES256;;;;;;;
2026-09-18T08:01:31;DC01;kerberos;4769;;;a.klein@DEMO.NOPCAP.NET;DEMO;;HTTP/portal.demo.nopcap.net;;;;AES256;;;;;;;
2026-09-17T17:55:25;DC01;kerberos;4769;;;p.neumann@DEMO.NOPCAP.NET;DEMO;;ldap/dc01.demo.nopcap.net;;;;AES256;;;;;;;
2026-09-17T17:53:11;DC01;kerberos;4769;;;NB-1085$@DEMO.NOPCAP.NET;DEMO;;cifs/fs01.demo.nopcap.net;;;;AES256;;;;;;;
2026-09-17T17:50:59;DC02;kerberos;4769;;;d.fischer@DEMO.NOPCAP.NET;DEMO;;MSSQLSvc/sql01.demo.nopcap.net:1433;;;;AES256;;;;;;;
2026-09-17T17:49:12;APP03;outgoing;8001;;;svc_backup;DEMO;java.exe;HTTP/erp-test;;;;;;;;;;;C:\Program Files\Eclipse Adoptium\jdk-17\bin\java.exe
2026-09-17T17:48:32;DC01;kerberos;4769;;;WKS-0632$@DEMO.NOPCAP.NET;DEMO;;MSSQLSvc/sql01.demo.nopcap.net:1433;;;;AES256;;;;;;;
2026-09-17T17:46:08;DC01;kerberos;4769;;;svc_monitor@DEMO.NOPCAP.NET;DEMO;;MSSQLSvc/sql01.demo.nopcap.net:1433;;;;AES256;;;;;;;
2026-09-17T17:45:44;DC02;kerberos;4769;;;svc_monitor@DEMO.NOPCAP.NET;DEMO;;HOST/app03.demo.nopcap.net;;;;AES256;;;;;;;
2026-09-17T17:43:32;DC01;kerberos;4769;;;NB-1229$@DEMO.NOPCAP.NET;DEMO;;cifs/fs01.demo.nopcap.net;;;;AES256;;;;;;;
2026-09-17T17:43:17;DC02;kerberos;4769;;;svc_monitor@DEMO.NOPCAP.NET;DEMO;;TERMSRV/vdi-broker.demo.nopcap.net;;;;AES256;;;;;;;
2026-09-17T17:38:59;WKS-0421;outgoing;4020;NTLMv2;Direct;svc_web;DEMO;mmc.exe;cifs/10.14.22.31;;;;;Target name contains an IP address;7;Unprotected;None;;;C:\Windows\System32\mmc.exe
2026-09-17T17:27:01;DC01;kerberos;4769;;;VDI-063$@DEMO.NOPCAP.NET;DEMO;;HOST/app03.demo.nopcap.net;;;;AES256;;;;;;;
2026-09-17T17:22:13;DC02;kerberos;4769;;;j.schulz@DEMO.NOPCAP.NET;DEMO;;HTTP/portal.demo.nopcap.net;;;;AES256;;;;;;;
2026-09-17T17:20:01;DC01;kerberos;4769;;;WKS-0440$@DEMO.NOPCAP.NET;DEMO;;ldap/dc02.demo.nopcap.net;;;;AES256;;;;;;;
2026-09-17T17:18:46;DC01;incoming;8003;;;j.schulz;DEMO;w3wp.exe;;WKS-0451;;3;;;;;;;;
2026-09-17T17:17:02;DC01;kerberos;4769;;;NB-1284$@DEMO.NOPCAP.NET;DEMO;;MSSQLSvc/sql01.demo.nopcap.net:1433;;;;AES256;;;;;;;
2026-09-17T17:15:02;DC01;kerberos;4769;;;WKS-0388$@DEMO.NOPCAP.NET;DEMO;;cifs/fs01.demo.nopcap.net;;;;AES256;;;;;;;
2026-09-17T17:13:58;DC01;kerberos;4769;;;WKS-0338$@DEMO.NOPCAP.NET;DEMO;;ldap/dc02.demo.nopcap.net;;;;AES256;;;;;;;
2026-09-17T17:13:53;DC01;kerberos;4769;;;p.neumann@DEMO.NOPCAP.NET;DEMO;;ldap/dc02.demo.nopcap.net;;;;AES256;;;;;;;
2026-09-17T17:13:48;DC01;kerberos;4769;;;WKS-0125$@DEMO.NOPCAP.NET;DEMO;;HTTP/portal.demo.nopcap.net;;;;AES256;;;;;;;
2026-09-17T17:03:47;DC01;kerberos;4769;;;m.becker@DEMO.NOPCAP.NET;DEMO;;ldap/dc02.demo.nopcap.net;;;;AES256;;;;;;;
2026-09-17T16:56:44;DC01;kerberos;4769;;;a.klein@DEMO.NOPCAP.NET;DEMO;;cifs/fs01.demo.nopcap.net;;;;AES256;;;;;;;
2026-09-17T16:55:45;DC01;kerberos;4769;;;svc_backup@DEMO.NOPCAP.NET;DEMO;;ldap/dc01.demo.nopcap.net;;;;AES256;;;;;;;
2026-09-17T16:55:27;DC02;kerberos;4769;;;svc_monitor@DEMO.NOPCAP.NET;DEMO;;HTTP/portal.demo.nopcap.net;;;;AES256;;;;;;;
2026-09-17T16:47:55;DC01;kerberos;4769;;;j.schulz@DEMO.NOPCAP.NET;DEMO;;HTTP/portal.demo.nopcap.net;;;;AES256;;;;;;;
2026-09-17T16:47:37;DC01;kerberos;4769;;;t.hoffmann@DEMO.NOPCAP.NET;DEMO;;HTTP/portal.demo.nopcap.net;;;;AES256;;;;;;;
2026-09-17T16:47:19;DC02;kerberos;4769;;;administrator@DEMO.NOPCAP.NET;DEMO;;ldap/dc01.demo.nopcap.net;;;;AES256;;;;;;;
2026-09-17T16:42:48;DC02;kerberos;4769;;;svc_web@DEMO.NOPCAP.NET;DEMO;;HTTP/portal.demo.nopcap.net;;;;AES256;;;;;;;
2026-09-17T16:38:32;DC01;kerberos;4769;;;svc_monitor@DEMO.NOPCAP.NET;DEMO;;ldap/dc01.demo.nopcap.net;;;;AES256;;;;;;;
2026-09-17T16:35:14;DC01;kerberos;4769;;;svc_backup@DEMO.NOPCAP.NET;DEMO;;HTTP/portal.demo.nopcap.net;;;;AES256;;;;;;;
2026-09-17T16:33:31;DC01;kerberos;4769;;;j.schulz@DEMO.NOPCAP.NET;DEMO;;TERMSRV/vdi-broker.demo.nopcap.net;;;;AES256;;;;;;;
2026-09-17T16:26:33;DC01;kerberos;4769;;;svc_backup@DEMO.NOPCAP.NET;DEMO;;ldap/dc02.demo.nopcap.net;;;;AES256;;;;;;;
2026-09-17T16:25:15;DC02;kerberos;4769;;;p.neumann@DEMO.NOPCAP.NET;DEMO;;MSSQLSvc/sql01.demo.nopcap.net:1433;;;;AES256;;;;;;;
2026-09-17T16:24:27;DC01;kerberos;4769;;;d.fischer@DEMO.NOPCAP.NET;DEMO;;ldap/dc01.demo.nopcap.net;;;;AES256;;;;;;;
2026-09-17T16:15:22;DC01;kerberos;4769;;;VDI-039$@DEMO.NOPCAP.NET;DEMO;;ldap/dc01.demo.nopcap.net;;;;AES256;;;;;;;
2026-09-17T16:14:55;DC02;kerberos;4769;;;m.becker@DEMO.NOPCAP.NET;DEMO;;HTTP/portal.demo.nopcap.net;;;;AES256;;;;;;;
2026-09-17T16:13:46;DC02;kerberos;4769;;;s.wagner@DEMO.NOPCAP.NET;DEMO;;ldap/dc01.demo.nopcap.net;;;;AES256;;;;;;;
2026-09-17T16:04:18;WKS-0421;outgoing;4020;NTLMv2;Direct;k.lorenz;DEMO;lsass.exe;cifs/nas01;;;;;Target name could not be resolved by Kerberos;6;Unprotected;None;;;C:\Windows\System32\lsass.exe
2026-09-17T16:02:19;DC01;kerberos;4769;;;VDI-087$@DEMO.NOPCAP.NET;DEMO;;HTTP/portal.demo.nopcap.net;;;;AES256;;;;;;;
2026-09-17T15:59:27;DC01;kerberos;4769;;;j.schulz@DEMO.NOPCAP.NET;DEMO;;ldap/dc02.demo.nopcap.net;;;;AES256;;;;;;;
2026-09-17T15:56:51;DC01;kerberos;4769;;;WKS-0361$@DEMO.NOPCAP.NET;DEMO;;ldap/dc01.demo.nopcap.net;;;;AES256;;;;;;;
2026-09-17T15:52:22;DC01;kerberos;4769;;;VDI-038$@DEMO.NOPCAP.NET;DEMO;;TERMSRV/vdi-broker.demo.nopcap.net;;;;AES256;;;;;;;
2026-09-17T15:51:48;DC02;auth;4624;NTLMv2;Direct;t.hoffmann;DEMO;;;NB-1048;10.14.21.174;3;;;;;;;;
2026-09-17T15:48:01;DC01;auth;4624;NTLMv2;Direct;svc_sql;DEMO;;;NB-1380;10.14.22.126;3;;;;;;;;
2026-09-17T15:45:34;DC01;kerberos;4769;;;a.klein@DEMO.NOPCAP.NET;DEMO;;TERMSRV/vdi-broker.demo.nopcap.net;;;;AES256;;;;;;;
2026-09-17T15:43:18;DC02;kerberos;4769;;;a.klein@DEMO.NOPCAP.NET;DEMO;;HOST/app03.demo.nopcap.net;;;;AES256;;;;;;;
2026-09-17T15:43:07;DC02;kerberos;4769;;;k.lorenz@DEMO.NOPCAP.NET;DEMO;;ldap/dc02.demo.nopcap.net;;;;AES256;;;;;;;
2026-09-17T15:40:05;DC02;kerberos;4769;;;administrator@DEMO.NOPCAP.NET;DEMO;;TERMSRV/vdi-broker.demo.nopcap.net;;;;AES256;;;;;;;
2026-09-17T15:38:46;DC01;kerberos;4769;;;p.neumann@DEMO.NOPCAP.NET;DEMO;;MSSQLSvc/sql01.demo.nopcap.net:1433;;;;AES256;;;;;;;
2026-09-17T15:38:43;DC02;kerberos;4769;;;a.klein@DEMO.NOPCAP.NET;DEMO;;cifs/fs01.demo.nopcap.net;;;;AES256;;;;;;;
2026-09-17T15:37:54;DC01;auth;4624;NTLMv2;Direct;svc_sql;DEMO;;;WKS-0550;10.14.22.228;3;;;;;;;;
2026-09-17T15:33:37;DC02;kerberos;4769;;;a.klein@DEMO.NOPCAP.NET;DEMO;;HTTP/portal.demo.nopcap.net;;;;AES256;;;;;;;
2026-09-17T15:33:32;DC01;kerberos;4769;;;a.klein@DEMO.NOPCAP.NET;DEMO;;cifs/fs01.demo.nopcap.net;;;;AES256;;;;;;;
2026-09-17T15:32:43;DC01;krbfail;4769;;;administrator@DEMO.NOPCAP.NET;DEMO;;HOST/app03.demo.nopcap.net;;;;;;;;;;0x25;
2026-09-17T15:26:25;DC01;kerberos;4769;;;WKS-0456$@DEMO.NOPCAP.NET;DEMO;;ldap/dc01.demo.nopcap.net;;;;AES256;;;;;;;
2026-09-17T15:24:33;DC01;kerberos;4769;;;s.wagner@DEMO.NOPCAP.NET;DEMO;;MSSQLSvc/sql01.demo.nopcap.net:1433;;;;AES256;;;;;;;
2026-09-17T15:15:18;DC01;kerberos;4769;;;VDI-057$@DEMO.NOPCAP.NET;DEMO;;TERMSRV/vdi-broker.demo.nopcap.net;;;;AES256;;;;;;;
2026-09-17T15:12:21;DC01;kerberos;4769;;;m.becker@DEMO.NOPCAP.NET;DEMO;;cifs/fs01.demo.nopcap.net;;;;AES256;;;;;;;
2026-09-17T15:12:04;DC01;kerberos;4769;;;administrator@DEMO.NOPCAP.NET;DEMO;;cifs/fs01.demo.nopcap.net;;;;AES256;;;;;;;
2026-09-17T15:08:48;DC02;kerberos;4769;;;k.lorenz@DEMO.NOPCAP.NET;DEMO;;ldap/dc02.demo.nopcap.net;;;;AES256;;;;;;;
2026-09-17T15:06:32;DC02;kerberos;4769;;;administrator@DEMO.NOPCAP.NET;DEMO;;HTTP/portal.demo.nopcap.net;;;;AES256;;;;;;;
2026-09-17T15:06:06;DC01;kerberos;4769;;;NB-1021$@DEMO.NOPCAP.NET;DEMO;;MSSQLSvc/sql01.demo.nopcap.net:1433;;;;AES256;;;;;;;
2026-09-17T15:05:56;DC02;kerberos;4769;;;d.fischer@DEMO.NOPCAP.NET;DEMO;;HOST/app03.demo.nopcap.net;;;;AES256;;;;;;;
2026-09-17T15:04:52;DC01;kerberos;4769;;;WKS-0399$@DEMO.NOPCAP.NET;DEMO;;ldap/dc01.demo.nopcap.net;;;;AES256;;;;;;;
2026-09-17T15:04:39;DC01;kerberos;4769;;;NB-1152$@DEMO.NOPCAP.NET;DEMO;;MSSQLSvc/sql01.demo.nopcap.net:1433;;;;AES256;;;;;;;
2026-09-17T15:03:32;FS01;outgoing;8001;;;j.schulz;DEMO;System;cifs/fs01.demo.nopcap.net;;;;;;;;;;;
2026-09-17T14:59:12;DC01;kerberos;4769;;;WKS-0655$@DEMO.NOPCAP.NET;DEMO;;MSSQLSvc/sql01.demo.nopcap.net:1433;;;;AES256;;;;;;;
2026-09-17T14:58:37;DC02;kerberos;4769;;;svc_sql@DEMO.NOPCAP.NET;DEMO;;MSSQLSvc/sql01.demo.nopcap.net:1433;;;;AES256;;;;;;;
2026-09-17T14:58:10;DC01;kerberos;4769;;;t.hoffmann@DEMO.NOPCAP.NET;DEMO;;ldap/dc01.demo.nopcap.net;;;;AES256;;;;;;;
2026-09-17T14:56:49;DC02;kerberos;4769;;;svc_sql@DEMO.NOPCAP.NET;DEMO;;HTTP/portal.demo.nopcap.net;;;;AES256;;;;;;;
2026-09-17T14:55:21;DC02;kerberos;4769;;;svc_backup@DEMO.NOPCAP.NET;DEMO;;ldap/dc01.demo.nopcap.net;;;;AES256;;;;;;;
2026-09-17T14:54:00;DC01;kerberos;4769;;;s.wagner@DEMO.NOPCAP.NET;DEMO;;cifs/fs01.demo.nopcap.net;;;;AES256;;;;;;;
2026-09-17T14:52:32;DC01;kerberos;4769;;;WKS-0432$@DEMO.NOPCAP.NET;DEMO;;HOST/app03.demo.nopcap.net;;;;AES256;;;;;;;
2026-09-17T14:50:33;DC01;kerberos;4769;;;m.becker@DEMO.NOPCAP.NET;DEMO;;ldap/dc02.demo.nopcap.net;;;;AES256;;;;;;;
2026-09-17T14:50:18;APP03;outgoing;8001;;;m.becker;DEMO;lsass.exe;cifs/nas01;;;;;;;;;;;C:\Windows\System32\lsass.exe
2026-09-17T14:44:30;DC01;krbfail;4769;;;j.schulz@DEMO.NOPCAP.NET;DEMO;;cifs/nas01;;;;;;;;;;0x7;
2026-09-17T14:42:00;FS01;outgoing;8001;;;d.fischer;DEMO;wsmprovhost.exe;HOST/app03;;;;;;;;;;;C:\Windows\System32\wsmprovhost.exe
2026-09-17T14:40:40;APP03;outgoing;8001;;;m.becker;DEMO;svchost.exe;ldap/dc01.demo.nopcap.net;;;;;;;;;;;C:\Windows\System32\svchost.exe
2026-09-17T14:39:40;DC01;kerberos;4769;;;VDI-031$@DEMO.NOPCAP.NET;DEMO;;ldap/dc01.demo.nopcap.net;;;;AES256;;;;;;;
2026-09-17T14:37:54;DC01;kerberos;4769;;;VDI-035$@DEMO.NOPCAP.NET;DEMO;;cifs/fs01.demo.nopcap.net;;;;AES256;;;;;;;
2026-09-17T14:33:14;DC01;kerberos;4769;;;WKS-0115$@DEMO.NOPCAP.NET;DEMO;;cifs/fs01.demo.nopcap.net;;;;AES256;;;;;;;
2026-09-17T14:31:10;DC01;kerberos;4769;;;WKS-0207$@DEMO.NOPCAP.NET;DEMO;;MSSQLSvc/sql01.demo.nopcap.net:1433;;;;AES256;;;;;;;
2026-09-17T14:26:23;DC02;kerberos;4769;;;svc_backup@DEMO.NOPCAP.NET;DEMO;;cifs/fs01.demo.nopcap.net;;;;AES256;;;;;;;
2026-09-17T14:25:47;DC01;kerberos;4769;;;NB-1262$@DEMO.NOPCAP.NET;DEMO;;TERMSRV/vdi-broker.demo.nopcap.net;;;;AES256;;;;;;;
2026-09-17T14:25:34;DC02;kerberos;4769;;;a.klein@DEMO.NOPCAP.NET;DEMO;;HTTP/portal.demo.nopcap.net;;;;AES256;;;;;;;
2026-09-17T14:25:17;FS01;outgoing;8001;;;a.klein;DEMO;lsass.exe;cifs/nas01;;;;;;;;;;;C:\Windows\System32\lsass.exe
2026-09-17T14:23:55;FS01;outgoing;8001;;;d.fischer;DEMO;lsass.exe;cifs/nas01;;;;;;;;;;;C:\Windows\System32\lsass.exe
2026-09-17T14:22:18;FS01;incoming;8003;;;s.wagner;DEMO;sqlservr.exe;;VDI-020;;3;;;;;;;;
2026-09-17T14:17:18;DC01;kerberos;4769;;;s.wagner@DEMO.NOPCAP.NET;DEMO;;cifs/fs01.demo.nopcap.net;;;;AES256;;;;;;;
2026-09-17T14:13:34;DC01;kerberos;4769;;;svc_web@DEMO.NOPCAP.NET;DEMO;;HOST/app03.demo.nopcap.net;;;;RC4;;;;;;;
2026-09-17T14:08:43;DC02;kerberos;4769;;;d.fischer@DEMO.NOPCAP.NET;DEMO;;HTTP/portal.demo.nopcap.net;;;;AES256;;;;;;;
2026-09-17T14:06:55;DC01;kerberos;4769;;;WKS-0400$@DEMO.NOPCAP.NET;DEMO;;HOST/app03.demo.nopcap.net;;;;AES256;;;;;;;
2026-09-17T14:05:08;FS01;outgoing;8001;;;s.wagner;DEMO;mmc.exe;cifs/10.14.22.31;;;;;;;;;;;C:\Windows\System32\mmc.exe
2026-09-17T14:04:45;WKS-0421;outgoing;4020;NTLMv2;Direct;svc_web;DEMO;lsass.exe;cifs/nas01;;;;;Target name could not be resolved by Kerberos;6;Unprotected;None;;;C:\Windows\System32\lsass.exe
2026-09-17T14:02:42;DC01;kerberos;4769;;;k.lorenz@DEMO.NOPCAP.NET;DEMO;;HOST/app03.demo.nopcap.net;;;;AES256;;;;;;;
2026-09-17T13:56:28;FS01;outgoing;8001;;;k.lorenz;DEMO;mmc.exe;cifs/10.14.22.31;;;;;;;;;;;C:\Windows\System32\mmc.exe
2026-09-17T13:54:42;DC01;kerberos;4769;;;d.fischer@DEMO.NOPCAP.NET;DEMO;;ldap/dc01.demo.nopcap.net;;;;AES256;;;;;;;
2026-09-17T13:48:33;DC02;kerberos;4769;;;p.neumann@DEMO.NOPCAP.NET;DEMO;;HOST/app03.demo.nopcap.net;;;;AES256;;;;;;;
2026-09-17T13:46:07;DC01;kerberos;4769;;;WKS-0498$@DEMO.NOPCAP.NET;DEMO;;ldap/dc02.demo.nopcap.net;;;;AES256;;;;;;;
2026-09-17T13:44:27;WKS-0421;outgoing;8001;;;administrator;DEMO;java.exe;HTTP/erp-test;;;;;;;;;;;C:\Program Files\Eclipse Adoptium\jdk-17\bin\java.exe
2026-09-17T13:43:50;DC01;kerberos;4769;;;WKS-0582$@DEMO.NOPCAP.NET;DEMO;;MSSQLSvc/sql01.demo.nopcap.net:1433;;;;AES256;;;;;;;
2026-09-17T13:43:00;DC01;domain;8004;;;svc_sql;DEMO;;ERP-TEST;NB-1091;;;;;;;;;;
2026-09-17T13:37:45;DC01;kerberos;4769;;;svc_web@DEMO.NOPCAP.NET;DEMO;;ldap/dc02.demo.nopcap.net;;;;AES256;;;;;;;
2026-09-17T13:34:54;DC02;kerberos;4769;;;svc_sql@DEMO.NOPCAP.NET;DEMO;;HOST/app03.demo.nopcap.net;;;;AES256;;;;;;;
2026-09-17T13:28:58;FS01;incoming;8003;;;t.hoffmann;DEMO;sqlservr.exe;;VDI-084;;3;;;;;;;;
2026-09-17T13:23:33;DC01;kerberos;4769;;;a.klein@DEMO.NOPCAP.NET;DEMO;;MSSQLSvc/sql01.demo.nopcap.net:1433;;;;AES256;;;;;;;
2026-09-17T13:16:12;FS01;outgoing;8001;;;svc_web;DEMO;lsass.exe;cifs/nas01;;;;;;;;;;;C:\Windows\System32\lsass.exe
2026-09-17T13:12:08;APP03;outgoing;8001;;;m.becker;DEMO;lsass.exe;cifs/nas01;;;;;;;;;;;C:\Windows\System32\lsass.exe
2026-09-17T13:10:08;DC01;kerberos;4769;;;NB-1165$@DEMO.NOPCAP.NET;DEMO;;cifs/fs01.demo.nopcap.net;;;;AES256;;;;;;;
2026-09-17T13:05:55;DC01;kerberos;4769;;;p.neumann@DEMO.NOPCAP.NET;DEMO;;ldap/dc01.demo.nopcap.net;;;;AES256;;;;;;;
2026-09-17T13:05:26;DC01;kerberos;4769;;;d.fischer@DEMO.NOPCAP.NET;DEMO;;ldap/dc02.demo.nopcap.net;;;;AES256;;;;;;;
2026-09-17T12:59:59;DC02;kerberos;4769;;;p.neumann@DEMO.NOPCAP.NET;DEMO;;HOST/app03.demo.nopcap.net;;;;AES256;;;;;;;
2026-09-17T12:59:05;DC01;kerberos;4769;;;WKS-0315$@DEMO.NOPCAP.NET;DEMO;;TERMSRV/vdi-broker.demo.nopcap.net;;;;AES256;;;;;;;
2026-09-17T12:54:28;DC01;kerberos;4769;;;administrator@DEMO.NOPCAP.NET;DEMO;;MSSQLSvc/sql01.demo.nopcap.net:1433;;;;AES256;;;;;;;
2026-09-17T12:52:53;DC01;kerberos;4769;;;WKS-0495$@DEMO.NOPCAP.NET;DEMO;;TERMSRV/vdi-broker.demo.nopcap.net;;;;AES256;;;;;;;
2026-09-17T12:52:22;DC01;kerberos;4769;;;k.lorenz@DEMO.NOPCAP.NET;DEMO;;cifs/fs01.demo.nopcap.net;;;;AES256;;;;;;;
2026-09-17T12:49:31;DC01;kerberos;4769;;;VDI-020$@DEMO.NOPCAP.NET;DEMO;;MSSQLSvc/sql01.demo.nopcap.net:1433;;;;AES256;;;;;;;
2026-09-17T12:45:23;DC01;kerberos;4769;;;t.hoffmann@DEMO.NOPCAP.NET;DEMO;;HTTP/portal.demo.nopcap.net;;;;AES256;;;;;;;
2026-09-17T12:45:02;DC01;kerberos;4769;;;svc_backup@DEMO.NOPCAP.NET;DEMO;;ldap/dc01.demo.nopcap.net;;;;AES256;;;;;;;
2026-09-17T12:40:50;DC01;kerberos;4769;;;VDI-054$@DEMO.NOPCAP.NET;DEMO;;ldap/dc02.demo.nopcap.net;;;;AES256;;;;;;;
2026-09-17T12:39:33;DC02;kerberos;4769;;;k.lorenz@DEMO.NOPCAP.NET;DEMO;;ldap/dc02.demo.nopcap.net;;;;AES256;;;;;;;
2026-09-17T12:38:37;DC01;auth;4624;NTLMv2;Direct;d.fischer;DEMO;;;NB-1146;10.14.23.139;3;;;;;;;;
2026-09-17T12:36:29;APP03;outgoing;8001;;;svc_monitor;DEMO;System;cifs/fs01.demo.nopcap.net;;;;;;;;;;;
2026-09-17T12:36:23;DC01;kerberos;4769;;;WKS-0753$@DEMO.NOPCAP.NET;DEMO;;HOST/app03.demo.nopcap.net;;;;AES256;;;;;;;
2026-09-17T12:33:50;DC01;kerberos;4769;;;VDI-018$@DEMO.NOPCAP.NET;DEMO;;cifs/fs01.demo.nopcap.net;;;;AES256;;;;;;;
2026-09-17T12:33:35;DC02;kerberos;4769;;;j.schulz@DEMO.NOPCAP.NET;DEMO;;ldap/dc01.demo.nopcap.net;;;;AES256;;;;;;;
2026-09-17T12:33:00;DC01;kerberos;4769;;;t.hoffmann@DEMO.NOPCAP.NET;DEMO;;ldap/dc01.demo.nopcap.net;;;;AES256;;;;;;;
2026-09-17T12:32:30;DC01;kerberos;4769;;;a.klein@DEMO.NOPCAP.NET;DEMO;;HOST/app03.demo.nopcap.net;;;;AES256;;;;;;;
2026-09-17T12:30:49;DC01;kerberos;4769;;;VDI-055$@DEMO.NOPCAP.NET;DEMO;;TERMSRV/vdi-broker.demo.nopcap.net;;;;AES256;;;;;;;
2026-09-17T12:28:05;DC02;kerberos;4769;;;t.hoffmann@DEMO.NOPCAP.NET;DEMO;;TERMSRV/vdi-broker.demo.nopcap.net;;;;AES256;;;;;;;
2026-09-17T12:26:24;DC01;kerberos;4769;;;k.lorenz@DEMO.NOPCAP.NET;DEMO;;HTTP/portal.demo.nopcap.net;;;;AES256;;;;;;;
2026-09-17T12:24:29;DC02;kerberos;4769;;;svc_sql@DEMO.NOPCAP.NET;DEMO;;TERMSRV/vdi-broker.demo.nopcap.net;;;;AES256;;;;;;;
2026-09-17T12:24:19;DC01;kerberos;4769;;;NB-1018$@DEMO.NOPCAP.NET;DEMO;;cifs/fs01.demo.nopcap.net;;;;AES256;;;;;;;
2026-09-17T12:22:19;DC01;kerberos;4769;;;p.neumann@DEMO.NOPCAP.NET;DEMO;;cifs/fs01.demo.nopcap.net;;;;AES256;;;;;;;
2026-09-17T12:17:52;FS01;outgoing;8001;;;a.klein;DEMO;spoolsv.exe;cifs/printsrv01;;;;;;;;;;;C:\Windows\System32\spoolsv.exe
2026-09-17T12:16:43;DC02;domain;8004;;;k.lorenz;DEMO;;FS01;WKS-0243;;;;;;;;;;
2026-09-17T12:15:57;DC01;kerberos;4769;;;NB-1359$@DEMO.NOPCAP.NET;DEMO;;cifs/fs01.demo.nopcap.net;;;;AES256;;;;;;;
2026-09-17T12:14:54;DC01;kerberos;4769;;;d.fischer@DEMO.NOPCAP.NET;DEMO;;cifs/fs01.demo.nopcap.net;;;;AES256;;;;;;;
2026-09-17T12:14:45;DC01;kerberos;4769;;;svc_web@DEMO.NOPCAP.NET;DEMO;;MSSQLSvc/sql01.demo.nopcap.net:1433;;;;RC4;;;;;;;
2026-09-17T12:14:35;DC02;kerberos;4769;;;svc_web@DEMO.NOPCAP.NET;DEMO;;ldap/dc01.demo.nopcap.net;;;;AES256;;;;;;;
2026-09-17T12:11:43;FS01;outgoing;8001;;;p.neumann;DEMO;powershell.exe;cifs/10.14.22.31;;;;;;;;;;;C:\Windows\System32\WindowsPowerShell\v1.0\powershell.exe
2026-09-17T12:11:33;DC02;auth;4624;NTLMv2;Fallback;t.hoffmann;DEMO;;;NB-1133;10.14.24.229;3;;;;;;;;
2026-09-17T12:11:19;DC02;kerberos;4769;;;m.becker@DEMO.NOPCAP.NET;DEMO;;MSSQLSvc/sql01.demo.nopcap.net:1433;;;;AES256;;;;;;;
2026-09-17T12:09:00;DC02;kerberos;4769;;;svc_monitor@DEMO.NOPCAP.NET;DEMO;;HOST/app03.demo.nopcap.net;;;;AES256;;;;;;;
2026-09-17T12:05:33;DC01;kerberos;4769;;;NB-1382$@DEMO.NOPCAP.NET;DEMO;;HOST/app03.demo.nopcap.net;;;;AES256;;;;;;;
2026-09-17T12:00:59;DC01;kerberos;4769;;;s.wagner@DEMO.NOPCAP.NET;DEMO;;cifs/fs01.demo.nopcap.net;;;;AES256;;;;;;;
2026-09-17T12:00:52;DC02;kerberos;4769;;;k.lorenz@DEMO.NOPCAP.NET;DEMO;;MSSQLSvc/sql01.demo.nopcap.net:1433;;;;AES256;;;;;;;
2026-09-17T12:00:42;FS01;outgoing;8001;;;j.schulz;DEMO;System;cifs/fs01.demo.nopcap.net;;;;;;;;;;;
2026-09-17T11:59:55;APP03;outgoing;8001;;;svc_sql;DEMO;msedge.exe;HTTP/intranet;;;;;;;;;;;C:\Program Files (x86)\Microsoft\Edge\Application\msedge.exe
2026-09-17T11:56:45;DC01;kerberos;4769;;;svc_backup@DEMO.NOPCAP.NET;DEMO;;MSSQLSvc/sql01.demo.nopcap.net:1433;;;;AES256;;;;;;;
2026-09-17T11:55:56;DC01;kerberos;4769;;;p.neumann@DEMO.NOPCAP.NET;DEMO;;ldap/dc02.demo.nopcap.net;;;;AES256;;;;;;;
2026-09-17T11:50:22;DC02;kerberos;4769;;;a.klein@DEMO.NOPCAP.NET;DEMO;;TERMSRV/vdi-broker.demo.nopcap.net;;;;AES256;;;;;;;
2026-09-17T11:47:04;DC02;kerberos;4769;;;t.hoffmann@DEMO.NOPCAP.NET;DEMO;;MSSQLSvc/sql01.demo.nopcap.net:1433;;;;AES256;;;;;;;
2026-09-17T11:41:55;DC02;kerberos;4769;;;svc_web@DEMO.NOPCAP.NET;DEMO;;ldap/dc02.demo.nopcap.net;;;;RC4;;;;;;;
2026-09-17T11:41:24;DC02;kerberos;4769;;;t.hoffmann@DEMO.NOPCAP.NET;DEMO;;ldap/dc02.demo.nopcap.net;;;;AES256;;;;;;;
2026-09-17T11:39:16;DC01;kerberos;4769;;;VDI-089$@DEMO.NOPCAP.NET;DEMO;;cifs/fs01.demo.nopcap.net;;;;AES256;;;;;;;
2026-09-17T11:32:49;DC02;kerberos;4769;;;a.klein@DEMO.NOPCAP.NET;DEMO;;ldap/dc01.demo.nopcap.net;;;;AES256;;;;;;;
2026-09-17T11:29:58;DC02;auth;4624;NTLMv2;Direct;k.lorenz;DEMO;;;NB-1374;10.14.20.152;3;;;;;;;;
2026-09-17T11:27:47;DC01;auth;4624;NTLMv2;Direct;m.becker;DEMO;;;VDI-053;10.14.25.115;3;;;;;;;;
2026-09-17T11:25:44;DC02;auth;4624;NTLMv2;Direct;svc_backup;DEMO;;;VDI-054;10.14.24.8;3;;;;;;;;
2026-09-17T11:25:36;DC02;kerberos;4769;;;d.fischer@DEMO.NOPCAP.NET;DEMO;;HOST/app03.demo.nopcap.net;;;;AES256;;;;;;;
2026-09-17T11:25:05;DC01;kerberos;4769;;;VDI-027$@DEMO.NOPCAP.NET;DEMO;;cifs/fs01.demo.nopcap.net;;;;AES256;;;;;;;
2026-09-17T11:20:37;DC02;kerberos;4769;;;k.lorenz@DEMO.NOPCAP.NET;DEMO;;cifs/fs01.demo.nopcap.net;;;;AES256;;;;;;;
2026-09-17T11:19:17;DC01;kerberos;4769;;;svc_backup@DEMO.NOPCAP.NET;DEMO;;TERMSRV/vdi-broker.demo.nopcap.net;;;;AES256;;;;;;;
2026-09-17T11:18:53;FS01;outgoing;8001;;;svc_monitor;DEMO;mmc.exe;cifs/10.14.22.31;;;;;;;;;;;C:\Windows\System32\mmc.exe
2026-09-17T11:16:09;APP03;outgoing;8001;;;k.lorenz;DEMO;lsass.exe;cifs/nas01;;;;;;;;;;;C:\Windows\System32\lsass.exe
2026-09-17T11:13:55;DC02;kerberos;4769;;;svc_web@DEMO.NOPCAP.NET;DEMO;;TERMSRV/vdi-broker.demo.nopcap.net;;;;AES256;;;;;;;
2026-09-17T11:10:59;DC02;auth;4624;NTLMv2;Direct;svc_web;DEMO;;;NB-1041;10.14.20.28;3;;;;;;;;
2026-09-17T11:10:18;DC02;kerberos;4769;;;j.schulz@DEMO.NOPCAP.NET;DEMO;;TERMSRV/vdi-broker.demo.nopcap.net;;;;AES256;;;;;;;
2026-09-17T11:09:41;DC01;incoming;8002;;;WKS-0421$;DEMO;System;;;;;;;;;;;;
2026-09-17T11:07:44;APP03;outgoing;8001;;;j.schulz;DEMO;WINWORD.EXE;cifs/fs01.demo.nopcap.net;;;;;;;;;;;C:\Program Files\Microsoft Office\root\Office16\WINWORD.EXE
2026-09-17T11:02:51;DC01;kerberos;4769;;;m.becker@DEMO.NOPCAP.NET;DEMO;;HOST/app03.demo.nopcap.net;;;;AES256;;;;;;;
2026-09-17T11:01:16;WKS-0421;cgblock;4014;;Blocked;;DEMO;svchost.exe;;;;;;;;;;;;C:\Windows\System32\svchost.exe
2026-09-17T11:00:54;FS01;outgoing;8001;;;svc_backup;DEMO;System;cifs/fs01.demo.nopcap.net;;;;;;;;;;;
2026-09-17T10:59:36;DC02;kerberos;4769;;;j.schulz@DEMO.NOPCAP.NET;DEMO;;ldap/dc02.demo.nopcap.net;;;;AES256;;;;;;;
2026-09-17T10:55:04;DC02;kerberos;4769;;;svc_web@DEMO.NOPCAP.NET;DEMO;;HOST/app03.demo.nopcap.net;;;;RC4;;;;;;;
2026-09-17T10:53:24;DC02;kerberos;4769;;;svc_web@DEMO.NOPCAP.NET;DEMO;;ldap/dc02.demo.nopcap.net;;;;RC4;;;;;;;
2026-09-17T10:51:38;DC02;kerberos;4769;;;k.lorenz@DEMO.NOPCAP.NET;DEMO;;TERMSRV/vdi-broker.demo.nopcap.net;;;;AES256;;;;;;;
2026-09-17T10:49:58;DC01;kerberos;4769;;;NB-1167$@DEMO.NOPCAP.NET;DEMO;;HOST/app03.demo.nopcap.net;;;;AES256;;;;;;;
2026-09-17T10:48:40;DC02;kerberos;4769;;;k.lorenz@DEMO.NOPCAP.NET;DEMO;;TERMSRV/vdi-broker.demo.nopcap.net;;;;AES256;;;;;;;
2026-09-17T10:47:02;DC01;kerberos;4769;;;NB-1311$@DEMO.NOPCAP.NET;DEMO;;HOST/app03.demo.nopcap.net;;;;AES256;;;;;;;
2026-09-17T10:35:07;DC01;kerberos;4769;;;NB-1131$@DEMO.NOPCAP.NET;DEMO;;cifs/fs01.demo.nopcap.net;;;;AES256;;;;;;;
2026-09-17T10:34:48;FS01;outgoing;8001;;;svc_backup;DEMO;lsass.exe;cifs/nas01;;;;;;;;;;;C:\Windows\System32\lsass.exe
2026-09-17T10:26:46;DC01;kerberos;4769;;;administrator@DEMO.NOPCAP.NET;DEMO;;ldap/dc02.demo.nopcap.net;;;;AES256;;;;;;;
2026-09-17T10:25:01;DC02;kerberos;4769;;;j.schulz@DEMO.NOPCAP.NET;DEMO;;MSSQLSvc/sql01.demo.nopcap.net:1433;;;;AES256;;;;;;;
2026-09-17T10:24:28;DC01;kerberos;4769;;;VDI-059$@DEMO.NOPCAP.NET;DEMO;;HTTP/portal.demo.nopcap.net;;;;AES256;;;;;;;
2026-09-17T10:21:27;APP03;outgoing;8001;;;svc_web;DEMO;explorer.exe;cifs/fs01.demo.nopcap.net;;;;;;;;;;;C:\Windows\explorer.exe
2026-09-17T10:19:53;FS01;outgoing;8001;;;administrator;DEMO;mmc.exe;cifs/10.14.22.31;;;;;;;;;;;C:\Windows\System32\mmc.exe
2026-09-17T10:15:51;DC02;domain;8004;;;s.wagner;DEMO;;APP03;NB-1289;;;;;;;;;;
2026-09-17T10:12:19;DC01;domain;8004;;;m.becker;DEMO;;ERP-TEST;NB-1135;;;;;;;;;;
2026-09-17T10:11:12;DC01;kerberos;4769;;;administrator@DEMO.NOPCAP.NET;DEMO;;HTTP/portal.demo.nopcap.net;;;;AES256;;;;;;;
2026-09-17T10:09:53;DC02;kerberos;4769;;;k.lorenz@DEMO.NOPCAP.NET;DEMO;;HOST/app03.demo.nopcap.net;;;;AES256;;;;;;;
2026-09-17T10:08:14;DC02;kerberos;4769;;;svc_backup@DEMO.NOPCAP.NET;DEMO;;HTTP/portal.demo.nopcap.net;;;;AES256;;;;;;;
2026-09-17T10:03:18;APP03;outgoing;8001;;;svc_web;DEMO;explorer.exe;cifs/fs01.demo.nopcap.net;;;;;;;;;;;C:\Windows\explorer.exe
2026-09-17T09:57:40;DC01;kerberos;4769;;;NB-1293$@DEMO.NOPCAP.NET;DEMO;;HTTP/portal.demo.nopcap.net;;;;AES256;;;;;;;
2026-09-17T09:52:36;DC01;kerberos;4769;;;VDI-068$@DEMO.NOPCAP.NET;DEMO;;ldap/dc01.demo.nopcap.net;;;;AES256;;;;;;;
2026-09-17T09:52:09;DC01;kerberos;4769;;;svc_sql@DEMO.NOPCAP.NET;DEMO;;HTTP/portal.demo.nopcap.net;;;;AES256;;;;;;;
2026-09-17T09:51:44;DC02;kerberos;4769;;;svc_monitor@DEMO.NOPCAP.NET;DEMO;;ldap/dc01.demo.nopcap.net;;;;AES256;;;;;;;
2026-09-17T09:50:36;DC01;kerberos;4769;;;k.lorenz@DEMO.NOPCAP.NET;DEMO;;ldap/dc02.demo.nopcap.net;;;;AES256;;;;;;;
2026-09-17T09:47:26;DC01;kerberos;4769;;;WKS-0352$@DEMO.NOPCAP.NET;DEMO;;ldap/dc01.demo.nopcap.net;;;;AES256;;;;;;;
2026-09-17T09:39:20;DC01;kerberos;4769;;;WKS-0624$@DEMO.NOPCAP.NET;DEMO;;ldap/dc01.demo.nopcap.net;;;;AES256;;;;;;;
2026-09-17T09:30:47;DC02;kerberos;4769;;;svc_backup@DEMO.NOPCAP.NET;DEMO;;HTTP/portal.demo.nopcap.net;;;;AES256;;;;;;;
2026-09-17T09:30:44;DC01;kerberos;4769;;;s.wagner@DEMO.NOPCAP.NET;DEMO;;ldap/dc02.demo.nopcap.net;;;;AES256;;;;;;;
2026-09-17T09:27:55;DC02;kerberos;4769;;;p.neumann@DEMO.NOPCAP.NET;DEMO;;ldap/dc02.demo.nopcap.net;;;;AES256;;;;;;;
2026-09-17T09:26:22;DC02;auth;4624;NTLMv2;Fallback;p.neumann;DEMO;;;WKS-0374;10.14.21.21;3;;;;;;;;
2026-09-17T09:25:25;DC01;kerberos;4769;;;a.klein@DEMO.NOPCAP.NET;DEMO;;HOST/app03.demo.nopcap.net;;;;AES256;;;;;;;
2026-09-17T09:24:45;DC01;krbfail;4769;;;administrator@DEMO.NOPCAP.NET;DEMO;;cifs/nas01;;;;;;;;;;0x7;
2026-09-17T09:20:51;DC01;kerberos;4769;;;VDI-033$@DEMO.NOPCAP.NET;DEMO;;HTTP/portal.demo.nopcap.net;;;;AES256;;;;;;;
2026-09-17T09:20:21;DC01;kerberos;4769;;;WKS-0874$@DEMO.NOPCAP.NET;DEMO;;ldap/dc02.demo.nopcap.net;;;;AES256;;;;;;;
2026-09-17T09:17:58;DC02;auth;4624;NTLMv2;Direct;t.hoffmann;DEMO;;;WKS-0558;10.14.23.162;3;;;;;;;;
2026-09-17T09:17:26;DC02;kerberos;4769;;;j.schulz@DEMO.NOPCAP.NET;DEMO;;HOST/app03.demo.nopcap.net;;;;AES256;;;;;;;
2026-09-17T09:15:58;DC02;kerberos;4769;;;svc_web@DEMO.NOPCAP.NET;DEMO;;MSSQLSvc/sql01.demo.nopcap.net:1433;;;;AES256;;;;;;;
2026-09-17T09:15:28;DC01;kerberos;4769;;;VDI-071$@DEMO.NOPCAP.NET;DEMO;;HOST/app03.demo.nopcap.net;;;;AES256;;;;;;;
2026-09-17T09:13:35;DC01;kerberos;4769;;;WKS-0552$@DEMO.NOPCAP.NET;DEMO;;HTTP/portal.demo.nopcap.net;;;;AES256;;;;;;;
2026-09-17T09:11:08;DC01;kerberos;4769;;;p.neumann@DEMO.NOPCAP.NET;DEMO;;MSSQLSvc/sql01.demo.nopcap.net:1433;;;;AES256;;;;;;;
2026-09-17T09:07:41;FS01;outgoing;8001;;;k.lorenz;DEMO;lsass.exe;cifs/nas01;;;;;;;;;;;C:\Windows\System32\lsass.exe
2026-09-17T09:05:16;FS01;outgoing;8001;;;m.becker;DEMO;msedge.exe;HTTP/intranet;;;;;;;;;;;C:\Program Files (x86)\Microsoft\Edge\Application\msedge.exe
2026-09-17T09:02:09;DC01;kerberos;4769;;;NB-1310$@DEMO.NOPCAP.NET;DEMO;;TERMSRV/vdi-broker.demo.nopcap.net;;;;AES256;;;;;;;
2026-09-17T08:53:26;DC01;kerberos;4769;;;VDI-014$@DEMO.NOPCAP.NET;DEMO;;ldap/dc01.demo.nopcap.net;;;;AES256;;;;;;;
2026-09-17T08:49:23;DC01;kerberos;4769;;;d.fischer@DEMO.NOPCAP.NET;DEMO;;MSSQLSvc/sql01.demo.nopcap.net:1433;;;;AES256;;;;;;;
2026-09-17T08:47:13;DC01;kerberos;4769;;;svc_web@DEMO.NOPCAP.NET;DEMO;;TERMSRV/vdi-broker.demo.nopcap.net;;;;RC4;;;;;;;
2026-09-17T08:42:40;DC01;kerberos;4769;;;s.wagner@DEMO.NOPCAP.NET;DEMO;;HTTP/portal.demo.nopcap.net;;;;AES256;;;;;;;
2026-09-17T08:37:59;APP03;outgoing;8001;;;p.neumann;DEMO;mmc.exe;cifs/10.14.22.31;;;;;;;;;;;C:\Windows\System32\mmc.exe
2026-09-17T08:33:29;DC01;kerberos;4769;;;VDI-032$@DEMO.NOPCAP.NET;DEMO;;ldap/dc01.demo.nopcap.net;;;;AES256;;;;;;;
2026-09-17T08:32:27;DC02;kerberos;4769;;;d.fischer@DEMO.NOPCAP.NET;DEMO;;HOST/app03.demo.nopcap.net;;;;AES256;;;;;;;
2026-09-17T08:31:00;DC01;kerberos;4769;;;NB-1177$@DEMO.NOPCAP.NET;DEMO;;TERMSRV/vdi-broker.demo.nopcap.net;;;;AES256;;;;;;;
2026-09-17T08:13:26;DC02;kerberos;4769;;;administrator@DEMO.NOPCAP.NET;DEMO;;MSSQLSvc/sql01.demo.nopcap.net:1433;;;;AES256;;;;;;;
2026-09-17T08:12:28;DC02;kerberos;4769;;;svc_web@DEMO.NOPCAP.NET;DEMO;;MSSQLSvc/sql01.demo.nopcap.net:1433;;;;AES256;;;;;;;
2026-09-17T08:03:29;DC01;kerberos;4769;;;p.neumann@DEMO.NOPCAP.NET;DEMO;;ldap/dc02.demo.nopcap.net;;;;AES256;;;;;;;
2026-09-17T08:03:25;DC01;kerberos;4769;;;NB-1005$@DEMO.NOPCAP.NET;DEMO;;ldap/dc02.demo.nopcap.net;;;;AES256;;;;;;;
2026-09-16T17:59:45;FS01;incoming;8003;;;d.fischer;DEMO;w3wp.exe;;NB-1057;;3;;;;;;;;
2026-09-16T17:56:53;DC01;kerberos;4769;;;m.becker@DEMO.NOPCAP.NET;DEMO;;MSSQLSvc/sql01.demo.nopcap.net:1433;;;;AES256;;;;;;;
2026-09-16T17:54:23;WKS-0421;outgoing;8001;;;k.lorenz;DEMO;spoolsv.exe;cifs/printsrv01;;;;;;;;;;;C:\Windows\System32\spoolsv.exe
2026-09-16T17:50:31;DC02;kerberos;4769;;;administrator@DEMO.NOPCAP.NET;DEMO;;cifs/fs01.demo.nopcap.net;;;;AES256;;;;;;;
2026-09-16T17:50:02;DC01;kerberos;4769;;;NB-1341$@DEMO.NOPCAP.NET;DEMO;;ldap/dc01.demo.nopcap.net;;;;AES256;;;;;;;
2026-09-16T17:46:40;APP03;outgoing;8001;;;d.fischer;DEMO;lsass.exe;cifs/nas01;;;;;;;;;;;C:\Windows\System32\lsass.exe
2026-09-16T17:39:48;DC01;kerberos;4769;;;NB-1312$@DEMO.NOPCAP.NET;DEMO;;TERMSRV/vdi-broker.demo.nopcap.net;;;;AES256;;;;;;;
2026-09-16T17:34:09;DC01;kerberos;4769;;;s.wagner@DEMO.NOPCAP.NET;DEMO;;MSSQLSvc/sql01.demo.nopcap.net:1433;;;;AES256;;;;;;;
2026-09-16T17:32:04;DC02;kerberos;4769;;;a.klein@DEMO.NOPCAP.NET;DEMO;;MSSQLSvc/sql01.demo.nopcap.net:1433;;;;AES256;;;;;;;
2026-09-16T17:30:23;DC02;kerberos;4769;;;svc_backup@DEMO.NOPCAP.NET;DEMO;;cifs/fs01.demo.nopcap.net;;;;AES256;;;;;;;
2026-09-16T17:28:15;DC01;kerberos;4769;;;t.hoffmann@DEMO.NOPCAP.NET;DEMO;;HTTP/portal.demo.nopcap.net;;;;AES256;;;;;;;
2026-09-16T17:26:45;DC02;kerberos;4769;;;j.schulz@DEMO.NOPCAP.NET;DEMO;;MSSQLSvc/sql01.demo.nopcap.net:1433;;;;AES256;;;;;;;
2026-09-16T17:22:39;DC01;domain;8004;;;j.schulz;DEMO;;FS01;VDI-073;;;;;;;;;;
2026-09-16T17:18:12;DC02;kerberos;4769;;;s.wagner@DEMO.NOPCAP.NET;DEMO;;TERMSRV/vdi-broker.demo.nopcap.net;;;;AES256;;;;;;;
2026-09-16T17:12:10;FS01;incoming;8002;;;WKS-0421$;DEMO;svchost.exe;;;;;;;;;;;;
2026-09-16T17:11:44;DC01;kerberos;4769;;;p.neumann@DEMO.NOPCAP.NET;DEMO;;ldap/dc02.demo.nopcap.net;;;;AES256;;;;;;;
2026-09-16T17:03:36;DC01;kerberos;4769;;;k.lorenz@DEMO.NOPCAP.NET;DEMO;;cifs/fs01.demo.nopcap.net;;;;AES256;;;;;;;
2026-09-16T17:03:19;DC01;kerberos;4769;;;NB-1103$@DEMO.NOPCAP.NET;DEMO;;TERMSRV/vdi-broker.demo.nopcap.net;;;;AES256;;;;;;;
2026-09-16T16:52:01;DC02;kerberos;4769;;;s.wagner@DEMO.NOPCAP.NET;DEMO;;cifs/fs01.demo.nopcap.net;;;;AES256;;;;;;;
2026-09-16T16:50:53;DC01;kerberos;4769;;;NB-1332$@DEMO.NOPCAP.NET;DEMO;;ldap/dc01.demo.nopcap.net;;;;AES256;;;;;;;
2026-09-16T16:50:09;DC02;domain;8004;;;svc_sql;DEMO;;FS01;NB-1310;;;;;;;;;;
2026-09-16T16:49:00;DC01;kerberos;4769;;;NB-1093$@DEMO.NOPCAP.NET;DEMO;;cifs/fs01.demo.nopcap.net;;;;AES256;;;;;;;
2026-09-16T16:48:35;WKS-0421;cgblock;4014;;Blocked;;DEMO;svchost.exe;;;;;;;;;;;;C:\Windows\System32\svchost.exe
2026-09-16T16:42:30;DC01;kerberos;4769;;;k.lorenz@DEMO.NOPCAP.NET;DEMO;;cifs/fs01.demo.nopcap.net;;;;AES256;;;;;;;
2026-09-16T16:41:32;DC01;kerberos;4769;;;svc_backup@DEMO.NOPCAP.NET;DEMO;;ldap/dc02.demo.nopcap.net;;;;AES256;;;;;;;
2026-09-16T16:37:30;DC01;kerberos;4769;;;NB-1108$@DEMO.NOPCAP.NET;DEMO;;HTTP/portal.demo.nopcap.net;;;;AES256;;;;;;;
2026-09-16T16:28:33;DC01;kerberos;4769;;;WKS-0751$@DEMO.NOPCAP.NET;DEMO;;cifs/fs01.demo.nopcap.net;;;;AES256;;;;;;;
2026-09-16T16:26:42;DC01;kerberos;4769;;;VDI-081$@DEMO.NOPCAP.NET;DEMO;;HTTP/portal.demo.nopcap.net;;;;AES256;;;;;;;
2026-09-16T16:23:56;DC01;kerberos;4769;;;k.lorenz@DEMO.NOPCAP.NET;DEMO;;ldap/dc01.demo.nopcap.net;;;;AES256;;;;;;;
2026-09-16T16:20:07;DC02;kerberos;4769;;;svc_sql@DEMO.NOPCAP.NET;DEMO;;HTTP/portal.demo.nopcap.net;;;;AES256;;;;;;;
2026-09-16T16:20:07;DC01;kerberos;4769;;;p.neumann@DEMO.NOPCAP.NET;DEMO;;ldap/dc01.demo.nopcap.net;;;;AES256;;;;;;;
2026-09-16T16:17:21;DC02;kerberos;4769;;;p.neumann@DEMO.NOPCAP.NET;DEMO;;MSSQLSvc/sql01.demo.nopcap.net:1433;;;;AES256;;;;;;;
2026-09-16T16:16:47;DC01;auth;4624;NTLMv2;Direct;administrator;DEMO;;;NB-1098;10.14.21.100;3;;;;;;;;
2026-09-16T16:15:28;DC01;kerberos;4769;;;VDI-019$@DEMO.NOPCAP.NET;DEMO;;cifs/fs01.demo.nopcap.net;;;;AES256;;;;;;;
2026-09-16T16:12:26;DC01;kerberos;4769;;;WKS-0570$@DEMO.NOPCAP.NET;DEMO;;ldap/dc02.demo.nopcap.net;;;;AES256;;;;;;;
2026-09-16T16:11:37;DC01;kerberos;4769;;;d.fischer@DEMO.NOPCAP.NET;DEMO;;MSSQLSvc/sql01.demo.nopcap.net:1433;;;;AES256;;;;;;;
2026-09-16T16:05:03;DC01;kerberos;4769;;;VDI-013$@DEMO.NOPCAP.NET;DEMO;;cifs/fs01.demo.nopcap.net;;;;AES256;;;;;;;
2026-09-16T16:04:01;DC01;kerberos;4769;;;p.neumann@DEMO.NOPCAP.NET;DEMO;;ldap/dc02.demo.nopcap.net;;;;AES256;;;;;;;
2026-09-16T16:04:00;DC02;kerberos;4769;;;j.schulz@DEMO.NOPCAP.NET;DEMO;;HOST/app03.demo.nopcap.net;;;;AES256;;;;;;;
2026-09-16T16:03:52;DC01;kerberos;4769;;;m.becker@DEMO.NOPCAP.NET;DEMO;;ldap/dc01.demo.nopcap.net;;;;AES256;;;;;;;
2026-09-16T15:58:11;DC02;kerberos;4769;;;a.klein@DEMO.NOPCAP.NET;DEMO;;TERMSRV/vdi-broker.demo.nopcap.net;;;;AES256;;;;;;;
2026-09-16T15:47:45;DC01;kerberos;4769;;;s.wagner@DEMO.NOPCAP.NET;DEMO;;HOST/app03.demo.nopcap.net;;;;AES256;;;;;;;
2026-09-16T15:46:11;DC01;kerberos;4769;;;d.fischer@DEMO.NOPCAP.NET;DEMO;;HOST/app03.demo.nopcap.net;;;;AES256;;;;;;;
2026-09-16T15:44:57;APP03;outgoing;8001;;;m.becker;DEMO;wsmprovhost.exe;HOST/app03;;;;;;;;;;;C:\Windows\System32\wsmprovhost.exe
2026-09-16T15:44:26;DC01;domain;4032;NTLMv2;;j.schulz;DEMO;;APP03;VDI-052;;;;;;;;Windows Server 2016 Standard;;
2026-09-16T15:43:30;APP03;incoming;8002;;;APP03$;DEMO;sqlservr.exe;;;;;;;;;;;;
2026-09-16T15:41:29;DC02;kerberos;4769;;;j.schulz@DEMO.NOPCAP.NET;DEMO;;cifs/fs01.demo.nopcap.net;;;;AES256;;;;;;;
2026-09-16T15:41:11;DC02;kerberos;4769;;;a.klein@DEMO.NOPCAP.NET;DEMO;;HOST/app03.demo.nopcap.net;;;;AES256;;;;;;;
2026-09-16T15:32:27;WKS-0421;outgoing;4001;;Blocked;svc_sql;DEMO;powershell.exe;cifs/10.14.22.31;;;;;;;;;;;C:\Windows\System32\WindowsPowerShell\v1.0\powershell.exe
2026-09-16T15:29:37;DC02;kerberos;4769;;;s.wagner@DEMO.NOPCAP.NET;DEMO;;ldap/dc01.demo.nopcap.net;;;;AES256;;;;;;;
2026-09-16T15:28:05;DC02;kerberos;4769;;;m.becker@DEMO.NOPCAP.NET;DEMO;;TERMSRV/vdi-broker.demo.nopcap.net;;;;AES256;;;;;;;
2026-09-16T15:20:05;DC01;kerberos;4769;;;k.lorenz@DEMO.NOPCAP.NET;DEMO;;ldap/dc02.demo.nopcap.net;;;;AES256;;;;;;;
2026-09-16T15:17:36;DC01;kerberos;4769;;;WKS-0814$@DEMO.NOPCAP.NET;DEMO;;ldap/dc01.demo.nopcap.net;;;;AES256;;;;;;;
2026-09-16T15:16:26;FS01;outgoing;8001;;;t.hoffmann;DEMO;lsass.exe;cifs/nas01;;;;;;;;;;;C:\Windows\System32\lsass.exe
2026-09-16T15:15:59;DC01;kerberos;4769;;;svc_backup@DEMO.NOPCAP.NET;DEMO;;HOST/app03.demo.nopcap.net;;;;AES256;;;;;;;
2026-09-16T15:12:24;DC02;kerberos;4769;;;svc_backup@DEMO.NOPCAP.NET;DEMO;;HTTP/portal.demo.nopcap.net;;;;AES256;;;;;;;
2026-09-16T15:11:47;DC02;kerberos;4769;;;svc_monitor@DEMO.NOPCAP.NET;DEMO;;HTTP/portal.demo.nopcap.net;;;;AES256;;;;;;;
2026-09-16T15:10:59;DC01;kerberos;4769;;;WKS-0774$@DEMO.NOPCAP.NET;DEMO;;ldap/dc01.demo.nopcap.net;;;;AES256;;;;;;;
2026-09-16T15:06:51;DC01;kerberos;4769;;;k.lorenz@DEMO.NOPCAP.NET;DEMO;;HOST/app03.demo.nopcap.net;;;;AES256;;;;;;;
2026-09-16T15:05:49;DC02;krbfail;4769;;;s.wagner@DEMO.NOPCAP.NET;DEMO;;cifs/nas01;;;;;;;;;;0x7;
2026-09-16T15:03:47;APP03;outgoing;8001;;;p.neumann;DEMO;mmc.exe;cifs/10.14.22.31;;;;;;;;;;;C:\Windows\System32\mmc.exe
2026-09-16T15:00:55;DC02;auth;4624;NTLMv2;Fallback;svc_web;DEMO;;;VDI-010;10.14.21.18;3;;;;;;;;
2026-09-16T14:56:44;DC01;kerberos;4769;;;d.fischer@DEMO.NOPCAP.NET;DEMO;;ldap/dc01.demo.nopcap.net;;;;AES256;;;;;;;
2026-09-16T14:53:46;DC01;kerberos;4769;;;WKS-0534$@DEMO.NOPCAP.NET;DEMO;;ldap/dc02.demo.nopcap.net;;;;AES256;;;;;;;
2026-09-16T14:51:31;APP03;outgoing;8001;;;j.schulz;DEMO;explorer.exe;cifs/fs01.demo.nopcap.net;;;;;;;;;;;C:\Windows\explorer.exe
2026-09-16T14:49:50;FS01;outgoing;8001;;;t.hoffmann;DEMO;msedge.exe;HTTP/intranet;;;;;;;;;;;C:\Program Files (x86)\Microsoft\Edge\Application\msedge.exe
2026-09-16T14:49:45;DC01;kerberos;4769;;;m.becker@DEMO.NOPCAP.NET;DEMO;;HTTP/portal.demo.nopcap.net;;;;AES256;;;;;;;
2026-09-16T14:48:52;FS01;outgoing;8001;;;svc_monitor;DEMO;Veeam.Backup.Service.exe;cifs/nas01;;;;;;;;;;;C:\Program Files\Veeam\Backup and Replication\Backup\Veeam.Backup.Service.exe
2026-09-16T14:46:37;FS01;outgoing;8001;;;k.lorenz;DEMO;robocopy.exe;cifs/archive01;;;;;;;;;;;C:\Windows\System32\robocopy.exe
2026-09-16T14:45:50;DC01;kerberos;4769;;;m.becker@DEMO.NOPCAP.NET;DEMO;;TERMSRV/vdi-broker.demo.nopcap.net;;;;AES256;;;;;;;
2026-09-16T14:45:34;DC02;kerberos;4769;;;j.schulz@DEMO.NOPCAP.NET;DEMO;;ldap/dc02.demo.nopcap.net;;;;AES256;;;;;;;
2026-09-16T14:42:22;FS01;outgoing;8001;;;administrator;DEMO;explorer.exe;cifs/fs01.demo.nopcap.net;;;;;;;;;;;C:\Windows\explorer.exe
2026-09-16T14:39:15;DC01;kerberos;4769;;;d.fischer@DEMO.NOPCAP.NET;DEMO;;cifs/fs01.demo.nopcap.net;;;;AES256;;;;;;;
2026-09-16T14:36:44;DC01;kerberos;4769;;;WKS-0336$@DEMO.NOPCAP.NET;DEMO;;ldap/dc02.demo.nopcap.net;;;;AES256;;;;;;;
2026-09-16T14:33:53;APP03;outgoing;8001;;;svc_monitor;DEMO;svchost.exe;ldap/dc01.demo.nopcap.net;;;;;;;;;;;C:\Windows\System32\svchost.exe
2026-09-16T14:33:05;DC01;kerberos;4769;;;WKS-0854$@DEMO.NOPCAP.NET;DEMO;;TERMSRV/vdi-broker.demo.nopcap.net;;;;AES256;;;;;;;
2026-09-16T14:30:18;DC01;krbfail;4769;;;t.hoffmann@DEMO.NOPCAP.NET;DEMO;;cifs/nas01;;;;;;;;;;0x7;
2026-09-16T14:29:58;APP03;outgoing;8001;;;svc_backup;DEMO;explorer.exe;cifs/fs01.demo.nopcap.net;;;;;;;;;;;C:\Windows\explorer.exe
2026-09-16T14:26:00;DC01;auth;4624;NTLMv2;Direct;d.fischer;DEMO;;;NB-1343;10.14.24.241;3;;;;;;;;
2026-09-16T14:25:11;DC01;kerberos;4769;;;WKS-0837$@DEMO.NOPCAP.NET;DEMO;;ldap/dc01.demo.nopcap.net;;;;AES256;;;;;;;
2026-09-16T14:19:08;DC02;auth;4624;NTLMv2;Direct;m.becker;DEMO;;;VDI-027;10.14.24.127;3;;;;;;;;
2026-09-16T14:18:02;DC01;kerberos;4769;;;p.neumann@DEMO.NOPCAP.NET;DEMO;;MSSQLSvc/sql01.demo.nopcap.net:1433;;;;AES256;;;;;;;
2026-09-16T14:17:29;DC02;kerberos;4769;;;svc_backup@DEMO.NOPCAP.NET;DEMO;;cifs/fs01.demo.nopcap.net;;;;AES256;;;;;;;
2026-09-16T14:16:23;DC02;kerberos;4769;;;a.klein@DEMO.NOPCAP.NET;DEMO;;HTTP/portal.demo.nopcap.net;;;;AES256;;;;;;;
2026-09-16T14:15:35;APP03;outgoing;8001;;;svc_backup;DEMO;lsass.exe;cifs/nas01;;;;;;;;;;;C:\Windows\System32\lsass.exe
2026-09-16T14:13:36;DC02;auth;4624;NTLMv2;Direct;s.wagner;DEMO;;;VDI-064;10.14.22.243;3;;;;;;;;
2026-09-16T14:09:17;DC01;kerberos;4769;;;NB-1062$@DEMO.NOPCAP.NET;DEMO;;ldap/dc01.demo.nopcap.net;;;;AES256;;;;;;;
2026-09-16T14:08:39;DC01;kerberos;4769;;;NB-1175$@DEMO.NOPCAP.NET;DEMO;;MSSQLSvc/sql01.demo.nopcap.net:1433;;;;AES256;;;;;;;
2026-09-16T14:06:06;DC01;kerberos;4769;;;svc_backup@DEMO.NOPCAP.NET;DEMO;;ldap/dc01.demo.nopcap.net;;;;AES256;;;;;;;
2026-09-16T14:04:53;DC01;kerberos;4769;;;p.neumann@DEMO.NOPCAP.NET;DEMO;;ldap/dc01.demo.nopcap.net;;;;AES256;;;;;;;
2026-09-16T14:01:28;DC01;auth;4624;NTLMv2;Direct;j.schulz;DEMO;;;WKS-0650;10.14.22.190;3;;;;;;;;
2026-09-16T14:00:47;DC01;kerberos;4769;;;WKS-0431$@DEMO.NOPCAP.NET;DEMO;;HOST/app03.demo.nopcap.net;;;;AES256;;;;;;;
2026-09-16T13:57:38;DC01;kerberos;4769;;;svc_web@DEMO.NOPCAP.NET;DEMO;;HTTP/portal.demo.nopcap.net;;;;RC4;;;;;;;
2026-09-16T13:57:37;DC01;kerberos;4769;;;NB-1007$@DEMO.NOPCAP.NET;DEMO;;ldap/dc01.demo.nopcap.net;;;;AES256;;;;;;;
2026-09-16T13:56:25;WKS-0421;outgoing;4001;;Blocked;j.schulz;DEMO;robocopy.exe;cifs/archive01;;;;;;;;;;;C:\Windows\System32\robocopy.exe
2026-09-16T13:56:18;DC01;kerberos;4769;;;k.lorenz@DEMO.NOPCAP.NET;DEMO;;MSSQLSvc/sql01.demo.nopcap.net:1433;;;;AES256;;;;;;;
2026-09-16T13:51:46;WKS-0421;outgoing;8001;;;svc_backup;DEMO;lsass.exe;cifs/nas01;;;;;;;;;;;C:\Windows\System32\lsass.exe
2026-09-16T13:50:01;DC01;kerberos;4769;;;t.hoffmann@DEMO.NOPCAP.NET;DEMO;;MSSQLSvc/sql01.demo.nopcap.net:1433;;;;AES256;;;;;;;
2026-09-16T13:43:10;FS01;outgoing;8001;;;svc_web;DEMO;EXCEL.EXE;cifs/fs01.demo.nopcap.net;;;;;;;;;;;C:\Program Files\Microsoft Office\root\Office16\EXCEL.EXE
2026-09-16T13:40:10;DC01;kerberos;4769;;;a.klein@DEMO.NOPCAP.NET;DEMO;;HOST/app03.demo.nopcap.net;;;;AES256;;;;;;;
2026-09-16T13:38:34;DC02;kerberos;4769;;;svc_web@DEMO.NOPCAP.NET;DEMO;;cifs/fs01.demo.nopcap.net;;;;RC4;;;;;;;
2026-09-16T13:35:16;DC01;kerberos;4769;;;svc_sql@DEMO.NOPCAP.NET;DEMO;;ldap/dc02.demo.nopcap.net;;;;AES256;;;;;;;
2026-09-16T13:28:47;DC02;kerberos;4769;;;administrator@DEMO.NOPCAP.NET;DEMO;;TERMSRV/vdi-broker.demo.nopcap.net;;;;AES256;;;;;;;
2026-09-16T13:26:19;DC02;kerberos;4769;;;s.wagner@DEMO.NOPCAP.NET;DEMO;;ldap/dc02.demo.nopcap.net;;;;AES256;;;;;;;
2026-09-16T13:23:42;DC01;kerberos;4769;;;administrator@DEMO.NOPCAP.NET;DEMO;;HTTP/portal.demo.nopcap.net;;;;AES256;;;;;;;
2026-09-16T13:21:36;DC01;kerberos;4769;;;m.becker@DEMO.NOPCAP.NET;DEMO;;ldap/dc01.demo.nopcap.net;;;;AES256;;;;;;;
2026-09-16T13:20:59;APP03;outgoing;8001;;;p.neumann;DEMO;mmc.exe;cifs/10.14.22.31;;;;;;;;;;;C:\Windows\System32\mmc.exe
2026-09-16T13:19:55;DC01;kerberos;4769;;;VDI-063$@DEMO.NOPCAP.NET;DEMO;;HTTP/portal.demo.nopcap.net;;;;AES256;;;;;;;
2026-09-16T13:19:40;DC01;kerberos;4769;;;p.neumann@DEMO.NOPCAP.NET;DEMO;;ldap/dc01.demo.nopcap.net;;;;AES256;;;;;;;
2026-09-16T13:15:39;FS01;outgoing;8001;;;j.schulz;DEMO;EXCEL.EXE;cifs/fs01.demo.nopcap.net;;;;;;;;;;;C:\Program Files\Microsoft Office\root\Office16\EXCEL.EXE
2026-09-16T13:13:30;DC01;kerberos;4769;;;m.becker@DEMO.NOPCAP.NET;DEMO;;cifs/fs01.demo.nopcap.net;;;;AES256;;;;;;;
2026-09-16T13:09:43;DC02;kerberos;4769;;;administrator@DEMO.NOPCAP.NET;DEMO;;TERMSRV/vdi-broker.demo.nopcap.net;;;;AES256;;;;;;;
2026-09-16T13:08:54;WKS-0421;outgoing;4001;;Blocked;svc_monitor;DEMO;msedge.exe;HTTP/intranet;;;;;;;;;;;C:\Program Files (x86)\Microsoft\Edge\Application\msedge.exe
2026-09-16T13:08:07;DC01;kerberos;4769;;;WKS-0102$@DEMO.NOPCAP.NET;DEMO;;ldap/dc01.demo.nopcap.net;;;;AES256;;;;;;;
2026-09-16T13:00:46;DC01;kerberos;4769;;;svc_sql@DEMO.NOPCAP.NET;DEMO;;ldap/dc01.demo.nopcap.net;;;;AES256;;;;;;;
2026-09-16T12:59:31;DC01;kerberos;4769;;;j.schulz@DEMO.NOPCAP.NET;DEMO;;HOST/app03.demo.nopcap.net;;;;AES256;;;;;;;
2026-09-16T12:57:01;FS01;outgoing;8001;;;svc_backup;DEMO;java.exe;HTTP/erp-test;;;;;;;;;;;C:\Program Files\Eclipse Adoptium\jdk-17\bin\java.exe
2026-09-16T12:56:36;DC02;kerberos;4769;;;m.becker@DEMO.NOPCAP.NET;DEMO;;HTTP/portal.demo.nopcap.net;;;;AES256;;;;;;;
2026-09-16T12:53:09;DC01;kerberos;4769;;;NB-1284$@DEMO.NOPCAP.NET;DEMO;;MSSQLSvc/sql01.demo.nopcap.net:1433;;;;AES256;;;;;;;
2026-09-16T12:48:36;DC02;kerberos;4769;;;s.wagner@DEMO.NOPCAP.NET;DEMO;;TERMSRV/vdi-broker.demo.nopcap.net;;;;AES256;;;;;;;
2026-09-16T12:42:40;DC01;kerberos;4769;;;svc_backup@DEMO.NOPCAP.NET;DEMO;;HOST/app03.demo.nopcap.net;;;;AES256;;;;;;;
2026-09-16T12:38:53;DC02;kerberos;4769;;;j.schulz@DEMO.NOPCAP.NET;DEMO;;HTTP/portal.demo.nopcap.net;;;;AES256;;;;;;;
2026-09-16T12:38:34;DC02;kerberos;4769;;;d.fischer@DEMO.NOPCAP.NET;DEMO;;HOST/app03.demo.nopcap.net;;;;AES256;;;;;;;
2026-09-16T12:36:27;DC01;kerberos;4769;;;k.lorenz@DEMO.NOPCAP.NET;DEMO;;ldap/dc02.demo.nopcap.net;;;;AES256;;;;;;;
2026-09-16T12:36:05;DC02;kerberos;4769;;;svc_sql@DEMO.NOPCAP.NET;DEMO;;ldap/dc01.demo.nopcap.net;;;;AES256;;;;;;;
2026-09-16T12:32:30;FS01;outgoing;8001;;;j.schulz;DEMO;explorer.exe;cifs/fs01.demo.nopcap.net;;;;;;;;;;;C:\Windows\explorer.exe
2026-09-16T12:27:54;DC01;kerberos;4769;;;t.hoffmann@DEMO.NOPCAP.NET;DEMO;;ldap/dc02.demo.nopcap.net;;;;AES256;;;;;;;
2026-09-16T12:25:57;DC01;kerberos;4769;;;WKS-0136$@DEMO.NOPCAP.NET;DEMO;;ldap/dc02.demo.nopcap.net;;;;AES256;;;;;;;
2026-09-16T12:25:55;DC01;kerberos;4769;;;t.hoffmann@DEMO.NOPCAP.NET;DEMO;;HOST/app03.demo.nopcap.net;;;;AES256;;;;;;;
2026-09-16T12:23:42;DC01;kerberos;4769;;;m.becker@DEMO.NOPCAP.NET;DEMO;;MSSQLSvc/sql01.demo.nopcap.net:1433;;;;AES256;;;;;;;
2026-09-16T12:23:21;DC01;kerberos;4769;;;WKS-0175$@DEMO.NOPCAP.NET;DEMO;;HTTP/portal.demo.nopcap.net;;;;AES256;;;;;;;
2026-09-16T12:21:15;DC01;kerberos;4769;;;s.wagner@DEMO.NOPCAP.NET;DEMO;;ldap/dc01.demo.nopcap.net;;;;AES256;;;;;;;
2026-09-16T12:14:05;APP03;outgoing;8001;;;k.lorenz;DEMO;lsass.exe;cifs/nas01;;;;;;;;;;;C:\Windows\System32\lsass.exe
2026-09-16T12:10:52;DC01;kerberos;4769;;;d.fischer@DEMO.NOPCAP.NET;DEMO;;HTTP/portal.demo.nopcap.net;;;;AES256;;;;;;;
2026-09-16T12:05:27;DC02;kerberos;4769;;;d.fischer@DEMO.NOPCAP.NET;DEMO;;ldap/dc02.demo.nopcap.net;;;;AES256;;;;;;;
2026-09-16T11:56:33;DC01;kerberos;4769;;;WKS-0176$@DEMO.NOPCAP.NET;DEMO;;TERMSRV/vdi-broker.demo.nopcap.net;;;;AES256;;;;;;;
2026-09-16T11:54:49;DC01;kerberos;4769;;;WKS-0119$@DEMO.NOPCAP.NET;DEMO;;ldap/dc02.demo.nopcap.net;;;;AES256;;;;;;;
2026-09-16T11:49:03;DC01;kerberos;4769;;;svc_monitor@DEMO.NOPCAP.NET;DEMO;;ldap/dc02.demo.nopcap.net;;;;AES256;;;;;;;
2026-09-16T11:45:59;DC01;kerberos;4769;;;administrator@DEMO.NOPCAP.NET;DEMO;;TERMSRV/vdi-broker.demo.nopcap.net;;;;AES256;;;;;;;
2026-09-16T11:40:00;DC01;kerberos;4769;;;svc_backup@DEMO.NOPCAP.NET;DEMO;;cifs/fs01.demo.nopcap.net;;;;AES256;;;;;;;
2026-09-16T11:39:13;DC01;kerberos;4769;;;VDI-024$@DEMO.NOPCAP.NET;DEMO;;HOST/app03.demo.nopcap.net;;;;AES256;;;;;;;
2026-09-16T11:33:19;DC01;kerberos;4769;;;VDI-048$@DEMO.NOPCAP.NET;DEMO;;ldap/dc01.demo.nopcap.net;;;;AES256;;;;;;;
2026-09-16T11:27:51;DC01;kerberos;4769;;;m.becker@DEMO.NOPCAP.NET;DEMO;;ldap/dc01.demo.nopcap.net;;;;AES256;;;;;;;
2026-09-16T11:23:11;DC01;kerberos;4769;;;svc_sql@DEMO.NOPCAP.NET;DEMO;;HOST/app03.demo.nopcap.net;;;;AES256;;;;;;;
2026-09-16T11:14:36;WKS-0421;outgoing;4020;NTLMv2;Direct;svc_web;DEMO;spoolsv.exe;cifs/printsrv01;;;;;Target name could not be resolved by Kerberos;6;Unprotected;None;;;C:\Windows\System32\spoolsv.exe
2026-09-16T11:14:10;DC02;kerberos;4769;;;d.fischer@DEMO.NOPCAP.NET;DEMO;;HOST/app03.demo.nopcap.net;;;;AES256;;;;;;;
2026-09-16T11:10:59;DC01;domain;8004;;;d.fischer;DEMO;;PRINTSRV01;WKS-0459;;;;;;;;;;
2026-09-16T11:10:52;FS01;incoming;8003;;;s.wagner;DEMO;w3wp.exe;;WKS-0624;;3;;;;;;;;
2026-09-16T11:04:08;DC01;kerberos;4769;;;VDI-070$@DEMO.NOPCAP.NET;DEMO;;HTTP/portal.demo.nopcap.net;;;;AES256;;;;;;;
2026-09-16T11:01:21;DC01;kerberos;4769;;;NB-1009$@DEMO.NOPCAP.NET;DEMO;;ldap/dc01.demo.nopcap.net;;;;AES256;;;;;;;
2026-09-16T11:01:01;DC02;kerberos;4769;;;administrator@DEMO.NOPCAP.NET;DEMO;;ldap/dc01.demo.nopcap.net;;;;AES256;;;;;;;
2026-09-16T10:58:52;DC01;kerberos;4769;;;VDI-031$@DEMO.NOPCAP.NET;DEMO;;cifs/fs01.demo.nopcap.net;;;;AES256;;;;;;;
2026-09-16T10:58:14;DC01;domain;8004;;;svc_sql;DEMO;;ARCHIVE01;NB-1341;;;;;;;;;;
2026-09-16T10:56:45;WKS-0421;cgblock;4014;;Blocked;;DEMO;svchost.exe;;;;;;;;;;;;C:\Windows\System32\svchost.exe
2026-09-16T10:56:19;DC02;kerberos;4769;;;d.fischer@DEMO.NOPCAP.NET;DEMO;;ldap/dc02.demo.nopcap.net;;;;AES256;;;;;;;
2026-09-16T10:55:39;DC01;kerberos;4769;;;p.neumann@DEMO.NOPCAP.NET;DEMO;;ldap/dc01.demo.nopcap.net;;;;AES256;;;;;;;
2026-09-16T10:53:13;FS01;incoming;8002;;;FS01$;DEMO;svchost.exe;;;;;;;;;;;;
2026-09-16T10:46:20;DC01;kerberos;4769;;;NB-1152$@DEMO.NOPCAP.NET;DEMO;;TERMSRV/vdi-broker.demo.nopcap.net;;;;AES256;;;;;;;
2026-09-16T10:44:34;DC01;kerberos;4769;;;NB-1030$@DEMO.NOPCAP.NET;DEMO;;MSSQLSvc/sql01.demo.nopcap.net:1433;;;;AES256;;;;;;;
2026-09-16T10:44:34;DC01;kerberos;4769;;;VDI-063$@DEMO.NOPCAP.NET;DEMO;;ldap/dc02.demo.nopcap.net;;;;AES256;;;;;;;
2026-09-16T10:41:17;DC01;kerberos;4769;;;s.wagner@DEMO.NOPCAP.NET;DEMO;;TERMSRV/vdi-broker.demo.nopcap.net;;;;AES256;;;;;;;
2026-09-16T10:39:58;DC02;kerberos;4769;;;svc_backup@DEMO.NOPCAP.NET;DEMO;;HTTP/portal.demo.nopcap.net;;;;AES256;;;;;;;
2026-09-16T10:38:36;DC02;kerberos;4769;;;svc_web@DEMO.NOPCAP.NET;DEMO;;MSSQLSvc/sql01.demo.nopcap.net:1433;;;;RC4;;;;;;;
2026-09-16T10:33:47;DC01;kerberos;4769;;;svc_monitor@DEMO.NOPCAP.NET;DEMO;;MSSQLSvc/sql01.demo.nopcap.net:1433;;;;AES256;;;;;;;
2026-09-16T10:33:38;DC01;kerberos;4769;;;NB-1276$@DEMO.NOPCAP.NET;DEMO;;ldap/dc01.demo.nopcap.net;;;;AES256;;;;;;;
2026-09-16T10:33:16;DC01;kerberos;4769;;;NB-1150$@DEMO.NOPCAP.NET;DEMO;;ldap/dc02.demo.nopcap.net;;;;AES256;;;;;;;
2026-09-16T10:28:46;DC02;kerberos;4769;;;a.klein@DEMO.NOPCAP.NET;DEMO;;ldap/dc01.demo.nopcap.net;;;;AES256;;;;;;;
2026-09-16T10:28:31;DC01;kerberos;4769;;;WKS-0151$@DEMO.NOPCAP.NET;DEMO;;TERMSRV/vdi-broker.demo.nopcap.net;;;;AES256;;;;;;;
2026-09-16T10:22:34;APP03;outgoing;8001;;;svc_sql;DEMO;java.exe;HTTP/erp-test;;;;;;;;;;;C:\Program Files\Eclipse Adoptium\jdk-17\bin\java.exe
2026-09-16T10:22:31;DC02;domain;8004;;;s.wagner;DEMO;;ARCHIVE01;VDI-019;;;;;;;;;;
2026-09-16T10:16:09;DC02;kerberos;4769;;;svc_web@DEMO.NOPCAP.NET;DEMO;;MSSQLSvc/sql01.demo.nopcap.net:1433;;;;RC4;;;;;;;
2026-09-16T10:14:49;DC01;kerberos;4769;;;a.klein@DEMO.NOPCAP.NET;DEMO;;HTTP/portal.demo.nopcap.net;;;;AES256;;;;;;;
2026-09-16T10:08:09;DC02;kerberos;4769;;;svc_monitor@DEMO.NOPCAP.NET;DEMO;;MSSQLSvc/sql01.demo.nopcap.net:1433;;;;AES256;;;;;;;
2026-09-16T10:04:46;DC02;kerberos;4769;;;svc_sql@DEMO.NOPCAP.NET;DEMO;;ldap/dc01.demo.nopcap.net;;;;AES256;;;;;;;
2026-09-16T10:04:36;DC02;kerberos;4769;;;p.neumann@DEMO.NOPCAP.NET;DEMO;;TERMSRV/vdi-broker.demo.nopcap.net;;;;AES256;;;;;;;
2026-09-16T09:56:28;WKS-0421;outgoing;4020;NTLMv2;Direct;p.neumann;DEMO;lsass.exe;cifs/nas01;;;;;Target name could not be resolved by Kerberos;6;Unprotected;None;;;C:\Windows\System32\lsass.exe
2026-09-16T09:53:50;DC01;kerberos;4769;;;k.lorenz@DEMO.NOPCAP.NET;DEMO;;HTTP/portal.demo.nopcap.net;;;;AES256;;;;;;;
2026-09-16T09:53:43;DC01;kerberos;4769;;;svc_sql@DEMO.NOPCAP.NET;DEMO;;TERMSRV/vdi-broker.demo.nopcap.net;;;;AES256;;;;;;;
2026-09-16T09:52:16;DC02;kerberos;4769;;;administrator@DEMO.NOPCAP.NET;DEMO;;TERMSRV/vdi-broker.demo.nopcap.net;;;;AES256;;;;;;;
2026-09-16T09:50:43;DC02;kerberos;4769;;;m.becker@DEMO.NOPCAP.NET;DEMO;;MSSQLSvc/sql01.demo.nopcap.net:1433;;;;AES256;;;;;;;
2026-09-16T09:48:05;DC01;kerberos;4769;;;WKS-0268$@DEMO.NOPCAP.NET;DEMO;;TERMSRV/vdi-broker.demo.nopcap.net;;;;AES256;;;;;;;
2026-09-16T09:39:10;DC02;kerberos;4769;;;svc_sql@DEMO.NOPCAP.NET;DEMO;;MSSQLSvc/sql01.demo.nopcap.net:1433;;;;AES256;;;;;;;
2026-09-16T09:37:32;DC01;kerberos;4769;;;svc_web@DEMO.NOPCAP.NET;DEMO;;cifs/fs01.demo.nopcap.net;;;;RC4;;;;;;;
2026-09-16T09:36:40;DC01;kerberos;4769;;;svc_monitor@DEMO.NOPCAP.NET;DEMO;;MSSQLSvc/sql01.demo.nopcap.net:1433;;;;AES256;;;;;;;
2026-09-16T09:33:52;DC01;kerberos;4769;;;NB-1119$@DEMO.NOPCAP.NET;DEMO;;HOST/app03.demo.nopcap.net;;;;AES256;;;;;;;
2026-09-16T09:27:52;APP03;outgoing;8001;;;t.hoffmann;DEMO;WINWORD.EXE;cifs/fs01.demo.nopcap.net;;;;;;;;;;;C:\Program Files\Microsoft Office\root\Office16\WINWORD.EXE
2026-09-16T09:23:44;DC01;kerberos;4769;;;NB-1142$@DEMO.NOPCAP.NET;DEMO;;cifs/fs01.demo.nopcap.net;;;;AES256;;;;;;;
2026-09-16T09:22:47;DC02;kerberos;4769;;;administrator@DEMO.NOPCAP.NET;DEMO;;TERMSRV/vdi-broker.demo.nopcap.net;;;;AES256;;;;;;;
2026-09-16T09:21:48;DC02;kerberos;4769;;;administrator@DEMO.NOPCAP.NET;DEMO;;HTTP/portal.demo.nopcap.net;;;;AES256;;;;;;;
2026-09-16T09:21:18;DC01;kerberos;4769;;;NB-1118$@DEMO.NOPCAP.NET;DEMO;;cifs/fs01.demo.nopcap.net;;;;AES256;;;;;;;
2026-09-16T09:20:43;DC01;kerberos;4769;;;NB-1328$@DEMO.NOPCAP.NET;DEMO;;MSSQLSvc/sql01.demo.nopcap.net:1433;;;;AES256;;;;;;;
2026-09-16T09:09:01;DC01;kerberos;4769;;;m.becker@DEMO.NOPCAP.NET;DEMO;;HTTP/portal.demo.nopcap.net;;;;AES256;;;;;;;
2026-09-16T09:05:21;DC01;kerberos;4769;;;administrator@DEMO.NOPCAP.NET;DEMO;;MSSQLSvc/sql01.demo.nopcap.net:1433;;;;AES256;;;;;;;
2026-09-16T08:47:22;FS01;incoming;8002;;;APP03$;DEMO;System;;;;;;;;;;;;
2026-09-16T08:41:36;WKS-0421;outgoing;4020;NTLMv2;Direct;svc_backup;DEMO;lsass.exe;cifs/nas01;;;;;Target name could not be resolved by Kerberos;6;Unprotected;None;;;C:\Windows\System32\lsass.exe
2026-09-16T08:38:50;DC01;kerberos;4769;;;VDI-072$@DEMO.NOPCAP.NET;DEMO;;ldap/dc01.demo.nopcap.net;;;;AES256;;;;;;;
2026-09-16T08:32:58;DC01;domain;8004;;;svc_backup;DEMO;;ARCHIVE01;NB-1395;;;;;;;;;;
2026-09-16T08:29:15;DC01;krbfail;4769;;;k.lorenz@DEMO.NOPCAP.NET;DEMO;;ldap/dc01.demo.nopcap.net;;;;;;;;;;0xe;
2026-09-16T08:15:42;DC02;kerberos;4769;;;svc_monitor@DEMO.NOPCAP.NET;DEMO;;MSSQLSvc/sql01.demo.nopcap.net:1433;;;;AES256;;;;;;;
2026-09-16T08:12:10;FS01;outgoing;8001;;;svc_monitor;DEMO;System;cifs/fs01.demo.nopcap.net;;;;;;;;;;;
2026-09-16T08:05:42;DC02;kerberos;4769;;;a.klein@DEMO.NOPCAP.NET;DEMO;;HOST/app03.demo.nopcap.net;;;;AES256;;;;;;;
2026-09-16T08:00:35;DC02;auth;4624;NTLMv2;Direct;svc_web;DEMO;;;WKS-0781;10.14.24.242;3;;;;;;;;
2026-09-15T17:59:04;DC01;auth;4624;NTLMv2;Direct;svc_backup;DEMO;;;WKS-0509;10.14.20.11;3;;;;;;;;
2026-09-15T17:48:39;DC01;kerberos;4769;;;m.becker@DEMO.NOPCAP.NET;DEMO;;MSSQLSvc/sql01.demo.nopcap.net:1433;;;;AES256;;;;;;;
2026-09-15T17:47:47;DC01;kerberos;4769;;;NB-1146$@DEMO.NOPCAP.NET;DEMO;;ldap/dc02.demo.nopcap.net;;;;AES256;;;;;;;
2026-09-15T17:42:46;DC01;kerberos;4769;;;VDI-022$@DEMO.NOPCAP.NET;DEMO;;MSSQLSvc/sql01.demo.nopcap.net:1433;;;;AES256;;;;;;;
2026-09-15T17:38:45;APP03;outgoing;8001;;;s.wagner;DEMO;explorer.exe;cifs/fs01.demo.nopcap.net;;;;;;;;;;;C:\Windows\explorer.exe
2026-09-15T17:33:32;DC01;kerberos;4769;;;j.schulz@DEMO.NOPCAP.NET;DEMO;;ldap/dc02.demo.nopcap.net;;;;AES256;;;;;;;
2026-09-15T17:21:02;DC01;kerberos;4769;;;NB-1119$@DEMO.NOPCAP.NET;DEMO;;ldap/dc01.demo.nopcap.net;;;;AES256;;;;;;;
2026-09-15T17:13:03;DC01;kerberos;4769;;;NB-1196$@DEMO.NOPCAP.NET;DEMO;;ldap/dc01.demo.nopcap.net;;;;AES256;;;;;;;
2026-09-15T17:07:01;DC01;kerberos;4769;;;svc_backup@DEMO.NOPCAP.NET;DEMO;;HTTP/portal.demo.nopcap.net;;;;AES256;;;;;;;
2026-09-15T17:00:55;DC02;kerberos;4769;;;a.klein@DEMO.NOPCAP.NET;DEMO;;HTTP/portal.demo.nopcap.net;;;;AES256;;;;;;;
2026-09-15T16:54:26;DC01;kerberos;4769;;;WKS-0358$@DEMO.NOPCAP.NET;DEMO;;MSSQLSvc/sql01.demo.nopcap.net:1433;;;;AES256;;;;;;;
2026-09-15T16:53:12;DC01;kerberos;4769;;;svc_web@DEMO.NOPCAP.NET;DEMO;;HTTP/portal.demo.nopcap.net;;;;RC4;;;;;;;
2026-09-15T16:51:12;DC01;kerberos;4769;;;m.becker@DEMO.NOPCAP.NET;DEMO;;MSSQLSvc/sql01.demo.nopcap.net:1433;;;;AES256;;;;;;;
2026-09-15T16:50:42;DC02;auth;4624;NTLMv2;Direct;svc_monitor;DEMO;;;NB-1315;10.14.25.154;3;;;;;;;;
2026-09-15T16:48:29;DC01;kerberos;4769;;;svc_sql@DEMO.NOPCAP.NET;DEMO;;HTTP/portal.demo.nopcap.net;;;;AES256;;;;;;;
2026-09-15T16:46:22;DC02;kerberos;4769;;;a.klein@DEMO.NOPCAP.NET;DEMO;;HOST/app03.demo.nopcap.net;;;;AES256;;;;;;;
2026-09-15T16:45:03;DC02;kerberos;4769;;;svc_monitor@DEMO.NOPCAP.NET;DEMO;;ldap/dc01.demo.nopcap.net;;;;AES256;;;;;;;
2026-09-15T16:42:20;DC01;auth;4624;NTLMv1;Direct;svc_scan;DEMO;;;MFP-EG-05;10.14.30.45;3;;;;;;;;
2026-09-15T16:40:27;DC01;kerberos;4769;;;m.becker@DEMO.NOPCAP.NET;DEMO;;cifs/fs01.demo.nopcap.net;;;;AES256;;;;;;;
2026-09-15T16:37:54;DC02;kerberos;4769;;;s.wagner@DEMO.NOPCAP.NET;DEMO;;TERMSRV/vdi-broker.demo.nopcap.net;;;;AES256;;;;;;;
2026-09-15T16:35:40;DC02;kerberos;4769;;;svc_backup@DEMO.NOPCAP.NET;DEMO;;HTTP/portal.demo.nopcap.net;;;;AES256;;;;;;;
2026-09-15T16:35:37;DC01;kerberos;4769;;;svc_backup@DEMO.NOPCAP.NET;DEMO;;ldap/dc01.demo.nopcap.net;;;;AES256;;;;;;;
2026-09-15T16:34:29;APP03;outgoing;8001;;;s.wagner;DEMO;mmc.exe;cifs/10.14.22.31;;;;;;;;;;;C:\Windows\System32\mmc.exe
2026-09-15T16:33:31;DC01;kerberos;4769;;;svc_web@DEMO.NOPCAP.NET;DEMO;;MSSQLSvc/sql01.demo.nopcap.net:1433;;;;AES256;;;;;;;
2026-09-15T16:30:18;FS01;outgoing;8001;;;d.fischer;DEMO;svchost.exe;ldap/dc01.demo.nopcap.net;;;;;;;;;;;C:\Windows\System32\svchost.exe
2026-09-15T16:29:21;DC01;kerberos;4769;;;k.lorenz@DEMO.NOPCAP.NET;DEMO;;ldap/dc02.demo.nopcap.net;;;;AES256;;;;;;;
2026-09-15T16:29:11;DC02;kerberos;4769;;;svc_sql@DEMO.NOPCAP.NET;DEMO;;ldap/dc02.demo.nopcap.net;;;;AES256;;;;;;;
2026-09-15T16:27:44;DC02;krbfail;4769;;;a.klein@DEMO.NOPCAP.NET;DEMO;;cifs/fs01.demo.nopcap.net;;;;;;;;;;0xe;
2026-09-15T16:19:35;DC01;kerberos;4769;;;d.fischer@DEMO.NOPCAP.NET;DEMO;;ldap/dc02.demo.nopcap.net;;;;AES256;;;;;;;
2026-09-15T16:18:37;DC01;kerberos;4769;;;NB-1364$@DEMO.NOPCAP.NET;DEMO;;HTTP/portal.demo.nopcap.net;;;;AES256;;;;;;;
2026-09-15T16:15:37;DC02;kerberos;4769;;;s.wagner@DEMO.NOPCAP.NET;DEMO;;HTTP/portal.demo.nopcap.net;;;;AES256;;;;;;;
2026-09-15T16:15:02;DC01;kerberos;4769;;;NB-1007$@DEMO.NOPCAP.NET;DEMO;;ldap/dc01.demo.nopcap.net;;;;AES256;;;;;;;
2026-09-15T16:14:08;DC01;kerberos;4769;;;t.hoffmann@DEMO.NOPCAP.NET;DEMO;;TERMSRV/vdi-broker.demo.nopcap.net;;;;AES256;;;;;;;
2026-09-15T16:12:31;APP03;outgoing;8001;;;d.fischer;DEMO;mmc.exe;cifs/10.14.22.31;;;;;;;;;;;C:\Windows\System32\mmc.exe
2026-09-15T16:12:05;APP03;outgoing;8001;;;administrator;DEMO;lsass.exe;cifs/nas01;;;;;;;;;;;C:\Windows\System32\lsass.exe
2026-09-15T16:12:02;DC01;kerberos;4769;;;VDI-024$@DEMO.NOPCAP.NET;DEMO;;TERMSRV/vdi-broker.demo.nopcap.net;;;;AES256;;;;;;;
2026-09-15T16:10:45;DC01;kerberos;4769;;;k.lorenz@DEMO.NOPCAP.NET;DEMO;;TERMSRV/vdi-broker.demo.nopcap.net;;;;AES256;;;;;;;
2026-09-15T16:04:25;DC01;kerberos;4769;;;WKS-0168$@DEMO.NOPCAP.NET;DEMO;;cifs/fs01.demo.nopcap.net;;;;AES256;;;;;;;
2026-09-15T15:57:37;FS01;outgoing;8001;;;svc_web;DEMO;java.exe;HTTP/erp-test;;;;;;;;;;;C:\Program Files\Eclipse Adoptium\jdk-17\bin\java.exe
2026-09-15T15:57:35;DC01;kerberos;4769;;;WKS-0758$@DEMO.NOPCAP.NET;DEMO;;HTTP/portal.demo.nopcap.net;;;;AES256;;;;;;;
2026-09-15T15:56:34;FS01;incoming;8003;;;j.schulz;DEMO;w3wp.exe;;NB-1267;;3;;;;;;;;
2026-09-15T15:54:23;DC01;kerberos;4769;;;WKS-0163$@DEMO.NOPCAP.NET;DEMO;;MSSQLSvc/sql01.demo.nopcap.net:1433;;;;AES256;;;;;;;
2026-09-15T15:54:06;DC02;kerberos;4769;;;administrator@DEMO.NOPCAP.NET;DEMO;;TERMSRV/vdi-broker.demo.nopcap.net;;;;AES256;;;;;;;
2026-09-15T15:51:21;DC01;kerberos;4769;;;s.wagner@DEMO.NOPCAP.NET;DEMO;;HTTP/portal.demo.nopcap.net;;;;AES256;;;;;;;
2026-09-15T15:50:08;DC02;kerberos;4769;;;p.neumann@DEMO.NOPCAP.NET;DEMO;;ldap/dc02.demo.nopcap.net;;;;AES256;;;;;;;
2026-09-15T15:49:57;DC01;auth;4624;NTLMv1;Direct;svc_scan;DEMO;;;MFP-EG-02;10.14.30.42;3;;;;;;;;
2026-09-15T15:49:08;DC01;kerberos;4769;;;administrator@DEMO.NOPCAP.NET;DEMO;;ldap/dc02.demo.nopcap.net;;;;AES256;;;;;;;
2026-09-15T15:46:27;DC02;kerberos;4769;;;j.schulz@DEMO.NOPCAP.NET;DEMO;;HOST/app03.demo.nopcap.net;;;;AES256;;;;;;;
2026-09-15T15:42:27;DC01;kerberos;4769;;;WKS-0260$@DEMO.NOPCAP.NET;DEMO;;MSSQLSvc/sql01.demo.nopcap.net:1433;;;;AES256;;;;;;;
2026-09-15T15:42:22;DC01;kerberos;4769;;;svc_monitor@DEMO.NOPCAP.NET;DEMO;;cifs/fs01.demo.nopcap.net;;;;AES256;;;;;;;
2026-09-15T15:35:29;DC01;kerberos;4769;;;svc_monitor@DEMO.NOPCAP.NET;DEMO;;ldap/dc02.demo.nopcap.net;;;;AES256;;;;;;;
2026-09-15T15:28:25;DC01;auth;4624;NTLMv1;Direct;svc_scan;DEMO;;;MFP-EG-02;10.14.30.41;3;;;;;;;;
2026-09-15T15:28:22;DC01;kerberos;4769;;;svc_sql@DEMO.NOPCAP.NET;DEMO;;cifs/fs01.demo.nopcap.net;;;;AES256;;;;;;;
2026-09-15T15:22:06;DC02;kerberos;4769;;;j.schulz@DEMO.NOPCAP.NET;DEMO;;HOST/app03.demo.nopcap.net;;;;AES256;;;;;;;
2026-09-15T15:19:13;WKS-0421;outgoing;4020;NTLMv2;Direct;s.wagner;DEMO;svchost.exe;ldap/dc01.demo.nopcap.net;;;;;Application called NTLM directly;1;Unprotected;None;;;C:\Windows\System32\svchost.exe
2026-09-15T15:18:22;DC01;kerberos;4769;;;p.neumann@DEMO.NOPCAP.NET;DEMO;;MSSQLSvc/sql01.demo.nopcap.net:1433;;;;AES256;;;;;;;
2026-09-15T15:14:10;DC01;kerberos;4769;;;a.klein@DEMO.NOPCAP.NET;DEMO;;HTTP/portal.demo.nopcap.net;;;;AES256;;;;;;;
2026-09-15T15:12:54;WKS-0421;outgoing;4020;NTLMv2;Direct;t.hoffmann;DEMO;lsass.exe;cifs/nas01;;;;;Target name could not be resolved by Kerberos;6;Unprotected;None;;;C:\Windows\System32\lsass.exe
2026-09-15T15:10:13;DC01;kerberos;4769;;;NB-1309$@DEMO.NOPCAP.NET;DEMO;;MSSQLSvc/sql01.demo.nopcap.net:1433;;;;AES256;;;;;;;
2026-09-15T15:09:54;DC02;kerberos;4769;;;t.hoffmann@DEMO.NOPCAP.NET;DEMO;;cifs/fs01.demo.nopcap.net;;;;AES256;;;;;;;
2026-09-15T15:09:44;DC02;kerberos;4769;;;svc_backup@DEMO.NOPCAP.NET;DEMO;;MSSQLSvc/sql01.demo.nopcap.net:1433;;;;AES256;;;;;;;
2026-09-15T15:08:36;FS01;outgoing;8001;;;svc_sql;DEMO;explorer.exe;cifs/fs01.demo.nopcap.net;;;;;;;;;;;C:\Windows\explorer.exe
2026-09-15T15:01:01;DC01;kerberos;4769;;;VDI-043$@DEMO.NOPCAP.NET;DEMO;;TERMSRV/vdi-broker.demo.nopcap.net;;;;AES256;;;;;;;
2026-09-15T14:59:09;DC01;kerberos;4769;;;WKS-0511$@DEMO.NOPCAP.NET;DEMO;;ldap/dc02.demo.nopcap.net;;;;AES256;;;;;;;
2026-09-15T14:56:27;DC01;kerberos;4769;;;s.wagner@DEMO.NOPCAP.NET;DEMO;;ldap/dc01.demo.nopcap.net;;;;AES256;;;;;;;
2026-09-15T14:54:27;DC01;kerberos;4769;;;p.neumann@DEMO.NOPCAP.NET;DEMO;;TERMSRV/vdi-broker.demo.nopcap.net;;;;AES256;;;;;;;
2026-09-15T14:53:41;DC01;kerberos;4769;;;svc_web@DEMO.NOPCAP.NET;DEMO;;cifs/fs01.demo.nopcap.net;;;;RC4;;;;;;;
2026-09-15T14:47:32;DC01;kerberos;4769;;;svc_backup@DEMO.NOPCAP.NET;DEMO;;TERMSRV/vdi-broker.demo.nopcap.net;;;;AES256;;;;;;;
2026-09-15T14:46:55;DC02;kerberos;4769;;;a.klein@DEMO.NOPCAP.NET;DEMO;;ldap/dc02.demo.nopcap.net;;;;AES256;;;;;;;
2026-09-15T14:42:04;DC01;auth;4624;NTLMv2;Direct;m.becker;DEMO;;;WKS-0743;10.14.23.91;3;;;;;;;;
2026-09-15T14:40:28;DC01;kerberos;4769;;;NB-1127$@DEMO.NOPCAP.NET;DEMO;;TERMSRV/vdi-broker.demo.nopcap.net;;;;AES256;;;;;;;
2026-09-15T14:40:23;DC01;kerberos;4769;;;VDI-076$@DEMO.NOPCAP.NET;DEMO;;ldap/dc02.demo.nopcap.net;;;;AES256;;;;;;;
2026-09-15T14:32:56;DC01;kerberos;4769;;;NB-1300$@DEMO.NOPCAP.NET;DEMO;;ldap/dc01.demo.nopcap.net;;;;AES256;;;;;;;
2026-09-15T14:16:24;DC02;kerberos;4769;;;p.neumann@DEMO.NOPCAP.NET;DEMO;;MSSQLSvc/sql01.demo.nopcap.net:1433;;;;AES256;;;;;;;
2026-09-15T14:13:43;DC02;kerberos;4769;;;svc_backup@DEMO.NOPCAP.NET;DEMO;;ldap/dc02.demo.nopcap.net;;;;AES256;;;;;;;
2026-09-15T14:13:35;DC02;auth;4624;NTLMv2;Direct;d.fischer;DEMO;;;VDI-015;10.14.23.57;3;;;;;;;;
2026-09-15T14:09:29;DC01;kerberos;4769;;;NB-1301$@DEMO.NOPCAP.NET;DEMO;;ldap/dc02.demo.nopcap.net;;;;AES256;;;;;;;
2026-09-15T14:09:04;APP03;incoming;8002;;;FS01$;DEMO;sqlservr.exe;;;;;;;;;;;;
2026-09-15T14:03:42;DC01;kerberos;4769;;;a.klein@DEMO.NOPCAP.NET;DEMO;;TERMSRV/vdi-broker.demo.nopcap.net;;;;AES256;;;;;;;
2026-09-15T14:03:07;DC02;kerberos;4769;;;a.klein@DEMO.NOPCAP.NET;DEMO;;cifs/fs01.demo.nopcap.net;;;;AES256;;;;;;;
2026-09-15T13:58:30;DC02;kerberos;4769;;;p.neumann@DEMO.NOPCAP.NET;DEMO;;HOST/app03.demo.nopcap.net;;;;AES256;;;;;;;
2026-09-15T13:47:52;DC02;kerberos;4769;;;t.hoffmann@DEMO.NOPCAP.NET;DEMO;;ldap/dc01.demo.nopcap.net;;;;AES256;;;;;;;
2026-09-15T13:44:29;DC02;kerberos;4769;;;t.hoffmann@DEMO.NOPCAP.NET;DEMO;;MSSQLSvc/sql01.demo.nopcap.net:1433;;;;AES256;;;;;;;
2026-09-15T13:42:02;DC01;kerberos;4769;;;svc_monitor@DEMO.NOPCAP.NET;DEMO;;cifs/fs01.demo.nopcap.net;;;;AES256;;;;;;;
2026-09-15T13:31:34;DC01;auth;4624;NTLMv2;Direct;p.neumann;DEMO;;;WKS-0796;10.14.22.129;3;;;;;;;;
2026-09-15T13:31:31;DC01;auth;4624;NTLMv2;Direct;p.neumann;DEMO;;;NB-1341;10.14.24.64;3;;;;;;;;
2026-09-15T13:28:56;DC01;kerberos;4769;;;NB-1363$@DEMO.NOPCAP.NET;DEMO;;TERMSRV/vdi-broker.demo.nopcap.net;;;;AES256;;;;;;;
2026-09-15T13:28:39;FS01;outgoing;8001;;;k.lorenz;DEMO;mmc.exe;cifs/10.14.22.31;;;;;;;;;;;C:\Windows\System32\mmc.exe
2026-09-15T13:18:21;DC01;kerberos;4769;;;svc_web@DEMO.NOPCAP.NET;DEMO;;cifs/fs01.demo.nopcap.net;;;;AES256;;;;;;;
2026-09-15T13:17:32;DC01;kerberos;4769;;;d.fischer@DEMO.NOPCAP.NET;DEMO;;cifs/fs01.demo.nopcap.net;;;;AES256;;;;;;;
2026-09-15T13:15:38;FS01;outgoing;8001;;;svc_monitor;DEMO;System;cifs/fs01.demo.nopcap.net;;;;;;;;;;;
2026-09-15T13:10:37;DC01;kerberos;4769;;;NB-1105$@DEMO.NOPCAP.NET;DEMO;;HTTP/portal.demo.nopcap.net;;;;AES256;;;;;;;
2026-09-15T13:04:04;DC02;kerberos;4769;;;a.klein@DEMO.NOPCAP.NET;DEMO;;cifs/fs01.demo.nopcap.net;;;;AES256;;;;;;;
2026-09-15T13:00:26;WKS-0421;outgoing;4020;NTLMv2;Direct;k.lorenz;DEMO;lsass.exe;cifs/nas01;;;;;Target name could not be resolved by Kerberos;6;Unprotected;None;;;C:\Windows\System32\lsass.exe
2026-09-15T12:59:11;DC01;kerberos;4769;;;NB-1383$@DEMO.NOPCAP.NET;DEMO;;HTTP/portal.demo.nopcap.net;;;;AES256;;;;;;;
2026-09-15T12:56:07;DC01;kerberos;4769;;;WKS-0607$@DEMO.NOPCAP.NET;DEMO;;TERMSRV/vdi-broker.demo.nopcap.net;;;;AES256;;;;;;;
2026-09-15T12:52:57;DC01;kerberos;4769;;;VDI-044$@DEMO.NOPCAP.NET;DEMO;;TERMSRV/vdi-broker.demo.nopcap.net;;;;AES256;;;;;;;
2026-09-15T12:50:45;DC01;kerberos;4769;;;WKS-0793$@DEMO.NOPCAP.NET;DEMO;;TERMSRV/vdi-broker.demo.nopcap.net;;;;AES256;;;;;;;
2026-09-15T12:50:11;DC01;kerberos;4769;;;s.wagner@DEMO.NOPCAP.NET;DEMO;;ldap/dc01.demo.nopcap.net;;;;AES256;;;;;;;
2026-09-15T12:49:33;DC01;domain;8004;;;svc_web;DEMO;;FS01;NB-1013;;;;;;;;;;
2026-09-15T12:49:10;DC01;kerberos;4769;;;WKS-0749$@DEMO.NOPCAP.NET;DEMO;;HTTP/portal.demo.nopcap.net;;;;AES256;;;;;;;
2026-09-15T12:38:38;DC01;kerberos;4769;;;WKS-0112$@DEMO.NOPCAP.NET;DEMO;;ldap/dc02.demo.nopcap.net;;;;AES256;;;;;;;
2026-09-15T12:35:21;DC02;domain;8004;;;svc_monitor;DEMO;;ARCHIVE01;WKS-0726;;;;;;;;;;
2026-09-15T12:35:20;DC02;kerberos;4769;;;j.schulz@DEMO.NOPCAP.NET;DEMO;;HOST/app03.demo.nopcap.net;;;;AES256;;;;;;;
2026-09-15T12:35:11;DC02;kerberos;4769;;;m.becker@DEMO.NOPCAP.NET;DEMO;;TERMSRV/vdi-broker.demo.nopcap.net;;;;AES256;;;;;;;
2026-09-15T12:34:49;DC01;kerberos;4769;;;j.schulz@DEMO.NOPCAP.NET;DEMO;;ldap/dc02.demo.nopcap.net;;;;AES256;;;;;;;
2026-09-15T12:34:02;APP03;outgoing;8001;;;d.fischer;DEMO;explorer.exe;cifs/fs01.demo.nopcap.net;;;;;;;;;;;C:\Windows\explorer.exe
2026-09-15T12:31:39;DC01;kerberos;4769;;;VDI-029$@DEMO.NOPCAP.NET;DEMO;;ldap/dc02.demo.nopcap.net;;;;AES256;;;;;;;
2026-09-15T12:29:50;DC01;kerberos;4769;;;s.wagner@DEMO.NOPCAP.NET;DEMO;;ldap/dc01.demo.nopcap.net;;;;AES256;;;;;;;
2026-09-15T12:26:57;APP03;outgoing;8001;;;s.wagner;DEMO;System;cifs/fs01.demo.nopcap.net;;;;;;;;;;;
2026-09-15T12:25:40;DC01;kerberos;4769;;;WKS-0206$@DEMO.NOPCAP.NET;DEMO;;cifs/fs01.demo.nopcap.net;;;;AES256;;;;;;;
2026-09-15T12:21:10;DC01;kerberos;4769;;;svc_backup@DEMO.NOPCAP.NET;DEMO;;MSSQLSvc/sql01.demo.nopcap.net:1433;;;;AES256;;;;;;;
2026-09-15T12:20:12;DC01;kerberos;4769;;;WKS-0864$@DEMO.NOPCAP.NET;DEMO;;MSSQLSvc/sql01.demo.nopcap.net:1433;;;;AES256;;;;;;;
2026-09-15T12:18:19;DC01;kerberos;4769;;;NB-1393$@DEMO.NOPCAP.NET;DEMO;;HTTP/portal.demo.nopcap.net;;;;AES256;;;;;;;
2026-09-15T12:16:54;DC01;auth;4624;NTLMv2;Direct;svc_monitor;DEMO;;;VDI-029;10.14.21.223;3;;;;;;;;
2026-09-15T12:15:02;APP03;outgoing;8001;;;svc_monitor;DEMO;lsass.exe;cifs/nas01;;;;;;;;;;;C:\Windows\System32\lsass.exe
2026-09-15T12:13:03;DC01;domain;8004;;;a.klein;DEMO;;FS01;VDI-084;;;;;;;;;;
2026-09-15T12:12:19;DC01;kerberos;4769;;;WKS-0751$@DEMO.NOPCAP.NET;DEMO;;HTTP/portal.demo.nopcap.net;;;;AES256;;;;;;;
2026-09-15T12:09:53;DC02;kerberos;4769;;;m.becker@DEMO.NOPCAP.NET;DEMO;;cifs/fs01.demo.nopcap.net;;;;AES256;;;;;;;
2026-09-15T12:08:32;WKS-0421;outgoing;4020;NTLMv2;Direct;m.becker;DEMO;java.exe;HTTP/erp-test;;;;;Target name could not be resolved by Kerberos;6;Unprotected;None;;;C:\Program Files\Eclipse Adoptium\jdk-17\bin\java.exe
2026-09-15T12:08:06;DC02;kerberos;4769;;;j.schulz@DEMO.NOPCAP.NET;DEMO;;HTTP/portal.demo.nopcap.net;;;;AES256;;;;;;;
2026-09-15T11:59:23;DC01;kerberos;4769;;;d.fischer@DEMO.NOPCAP.NET;DEMO;;cifs/fs01.demo.nopcap.net;;;;AES256;;;;;;;
2026-09-15T11:55:06;DC01;kerberos;4769;;;p.neumann@DEMO.NOPCAP.NET;DEMO;;HTTP/portal.demo.nopcap.net;;;;AES256;;;;;;;
2026-09-15T11:53:58;WKS-0421;outgoing;4020;NTLMv2;Direct;s.wagner;DEMO;System;cifs/fs01.demo.nopcap.net;;;;;Application called NTLM directly;1;Unprotected;None;;;
2026-09-15T11:52:28;DC02;kerberos;4769;;;s.wagner@DEMO.NOPCAP.NET;DEMO;;TERMSRV/vdi-broker.demo.nopcap.net;;;;AES256;;;;;;;
2026-09-15T11:52:02;WKS-0421;outgoing;4020;NTLMv2;Direct;svc_sql;DEMO;svchost.exe;ldap/dc01.demo.nopcap.net;;;;;Application called NTLM directly;1;Unprotected;None;;;C:\Windows\System32\svchost.exe
2026-09-15T11:48:25;APP03;outgoing;8001;;;svc_backup;DEMO;explorer.exe;cifs/fs01.demo.nopcap.net;;;;;;;;;;;C:\Windows\explorer.exe
2026-09-15T11:36:30;DC02;kerberos;4769;;;t.hoffmann@DEMO.NOPCAP.NET;DEMO;;MSSQLSvc/sql01.demo.nopcap.net:1433;;;;AES256;;;;;;;
2026-09-15T11:36:23;DC02;domain;8004;;;svc_backup;DEMO;;NAS01;VDI-014;;;;;;;;;;
2026-09-15T11:36:05;DC01;domain;8004;;;administrator;DEMO;;NAS01;VDI-053;;;;;;;;;;
2026-09-15T11:34:15;DC02;kerberos;4769;;;d.fischer@DEMO.NOPCAP.NET;DEMO;;TERMSRV/vdi-broker.demo.nopcap.net;;;;AES256;;;;;;;
2026-09-15T11:33:06;DC02;auth;4624;NTLMv2;Direct;p.neumann;DEMO;;;WKS-0791;10.14.25.80;3;;;;;;;;
2026-09-15T11:32:53;DC01;kerberos;4769;;;WKS-0643$@DEMO.NOPCAP.NET;DEMO;;TERMSRV/vdi-broker.demo.nopcap.net;;;;AES256;;;;;;;
2026-09-15T11:30:45;APP03;outgoing;8001;;;j.schulz;DEMO;spoolsv.exe;cifs/printsrv01;;;;;;;;;;;C:\Windows\System32\spoolsv.exe
2026-09-15T11:28:10;DC02;kerberos;4769;;;administrator@DEMO.NOPCAP.NET;DEMO;;cifs/fs01.demo.nopcap.net;;;;AES256;;;;;;;
2026-09-15T11:26:30;DC01;kerberos;4769;;;svc_sql@DEMO.NOPCAP.NET;DEMO;;TERMSRV/vdi-broker.demo.nopcap.net;;;;AES256;;;;;;;
2026-09-15T11:23:49;DC01;kerberos;4769;;;WKS-0742$@DEMO.NOPCAP.NET;DEMO;;HOST/app03.demo.nopcap.net;;;;AES256;;;;;;;
2026-09-15T11:18:13;DC01;kerberos;4769;;;NB-1042$@DEMO.NOPCAP.NET;DEMO;;ldap/dc02.demo.nopcap.net;;;;AES256;;;;;;;
2026-09-15T11:16:36;DC01;domain;8004;;;svc_backup;DEMO;;APP03;NB-1224;;;;;;;;;;
2026-09-15T11:15:08;DC01;kerberos;4769;;;VDI-052$@DEMO.NOPCAP.NET;DEMO;;HTTP/portal.demo.nopcap.net;;;;AES256;;;;;;;
2026-09-15T11:14:40;DC01;kerberos;4769;;;s.wagner@DEMO.NOPCAP.NET;DEMO;;MSSQLSvc/sql01.demo.nopcap.net:1433;;;;AES256;;;;;;;
2026-09-15T11:13:54;DC01;kerberos;4769;;;NB-1329$@DEMO.NOPCAP.NET;DEMO;;ldap/dc02.demo.nopcap.net;;;;AES256;;;;;;;
2026-09-15T11:13:46;DC01;krbfail;4769;;;k.lorenz@DEMO.NOPCAP.NET;DEMO;;cifs/nas01;;;;;;;;;;0x7;
2026-09-15T11:11:53;DC01;kerberos;4769;;;m.becker@DEMO.NOPCAP.NET;DEMO;;HOST/app03.demo.nopcap.net;;;;AES256;;;;;;;
2026-09-15T11:09:56;DC01;kerberos;4769;;;svc_backup@DEMO.NOPCAP.NET;DEMO;;MSSQLSvc/sql01.demo.nopcap.net:1433;;;;AES256;;;;;;;
2026-09-15T11:09:54;DC02;kerberos;4769;;;k.lorenz@DEMO.NOPCAP.NET;DEMO;;ldap/dc01.demo.nopcap.net;;;;AES256;;;;;;;
2026-09-15T11:08:46;DC02;kerberos;4769;;;svc_sql@DEMO.NOPCAP.NET;DEMO;;TERMSRV/vdi-broker.demo.nopcap.net;;;;AES256;;;;;;;
2026-09-15T11:08:32;DC01;kerberos;4769;;;m.becker@DEMO.NOPCAP.NET;DEMO;;cifs/fs01.demo.nopcap.net;;;;AES256;;;;;;;
2026-09-15T11:08:10;WKS-0421;outgoing;8001;;;administrator;DEMO;EXCEL.EXE;cifs/fs01.demo.nopcap.net;;;;;;;;;;;C:\Program Files\Microsoft Office\root\Office16\EXCEL.EXE
2026-09-15T11:06:26;DC02;kerberos;4769;;;s.wagner@DEMO.NOPCAP.NET;DEMO;;ldap/dc02.demo.nopcap.net;;;;AES256;;;;;;;
2026-09-15T11:05:11;WKS-0421;outgoing;4020;NTLMv2;Direct;a.klein;DEMO;robocopy.exe;cifs/archive01;;;;;Target name could not be resolved by Kerberos;6;Unprotected;None;;;C:\Windows\System32\robocopy.exe
2026-09-15T11:02:16;DC02;auth;4624;NTLMv2;Fallback;d.fischer;DEMO;;;NB-1135;10.14.22.75;3;;;;;;;;
2026-09-15T11:01:20;DC02;kerberos;4769;;;svc_sql@DEMO.NOPCAP.NET;DEMO;;TERMSRV/vdi-broker.demo.nopcap.net;;;;AES256;;;;;;;
2026-09-15T11:00:57;DC02;kerberos;4769;;;d.fischer@DEMO.NOPCAP.NET;DEMO;;MSSQLSvc/sql01.demo.nopcap.net:1433;;;;AES256;;;;;;;
2026-09-15T10:56:37;DC01;kerberos;4769;;;svc_web@DEMO.NOPCAP.NET;DEMO;;TERMSRV/vdi-broker.demo.nopcap.net;;;;RC4;;;;;;;
2026-09-15T10:51:37;FS01;outgoing;8001;;;p.neumann;DEMO;mmc.exe;cifs/10.14.22.31;;;;;;;;;;;C:\Windows\System32\mmc.exe
2026-09-15T10:46:06;DC01;kerberos;4769;;;WKS-0717$@DEMO.NOPCAP.NET;DEMO;;HOST/app03.demo.nopcap.net;;;;AES256;;;;;;;
2026-09-15T10:44:21;DC02;domain;8004;;;j.schulz;DEMO;;FS01;NB-1320;;;;;;;;;;
2026-09-15T10:42:27;DC01;kerberos;4769;;;NB-1398$@DEMO.NOPCAP.NET;DEMO;;ldap/dc01.demo.nopcap.net;;;;AES256;;;;;;;
2026-09-15T10:33:07;DC02;auth;4624;NTLMv2;Direct;k.lorenz;DEMO;;;NB-1129;10.14.20.182;3;;;;;;;;
2026-09-15T10:32:01;DC01;kerberos;4769;;;s.wagner@DEMO.NOPCAP.NET;DEMO;;cifs/fs01.demo.nopcap.net;;;;AES256;;;;;;;
2026-09-15T10:30:24;APP03;outgoing;8001;;;j.schulz;DEMO;msedge.exe;HTTP/intranet;;;;;;;;;;;C:\Program Files (x86)\Microsoft\Edge\Application\msedge.exe
2026-09-15T10:29:18;DC01;kerberos;4769;;;m.becker@DEMO.NOPCAP.NET;DEMO;;TERMSRV/vdi-broker.demo.nopcap.net;;;;AES256;;;;;;;
2026-09-15T10:29:04;DC01;kerberos;4769;;;svc_backup@DEMO.NOPCAP.NET;DEMO;;ldap/dc01.demo.nopcap.net;;;;AES256;;;;;;;
2026-09-15T10:26:27;DC01;kerberos;4769;;;m.becker@DEMO.NOPCAP.NET;DEMO;;HOST/app03.demo.nopcap.net;;;;AES256;;;;;;;
2026-09-15T10:23:18;DC01;kerberos;4769;;;VDI-057$@DEMO.NOPCAP.NET;DEMO;;ldap/dc01.demo.nopcap.net;;;;AES256;;;;;;;
2026-09-15T10:20:20;DC01;kerberos;4769;;;WKS-0651$@DEMO.NOPCAP.NET;DEMO;;MSSQLSvc/sql01.demo.nopcap.net:1433;;;;AES256;;;;;;;
2026-09-15T10:19:16;FS01;outgoing;8001;;;svc_backup;DEMO;lsass.exe;cifs/nas01;;;;;;;;;;;C:\Windows\System32\lsass.exe
2026-09-15T10:19:16;FS01;outgoing;8001;;;t.hoffmann;DEMO;lsass.exe;cifs/nas01;;;;;;;;;;;C:\Windows\System32\lsass.exe
2026-09-15T10:17:49;DC02;kerberos;4769;;;s.wagner@DEMO.NOPCAP.NET;DEMO;;cifs/fs01.demo.nopcap.net;;;;AES256;;;;;;;
2026-09-15T10:13:54;DC02;kerberos;4769;;;a.klein@DEMO.NOPCAP.NET;DEMO;;MSSQLSvc/sql01.demo.nopcap.net:1433;;;;AES256;;;;;;;
2026-09-15T10:09:29;DC01;kerberos;4769;;;svc_web@DEMO.NOPCAP.NET;DEMO;;ldap/dc01.demo.nopcap.net;;;;AES256;;;;;;;
2026-09-15T10:09:27;DC02;kerberos;4769;;;k.lorenz@DEMO.NOPCAP.NET;DEMO;;MSSQLSvc/sql01.demo.nopcap.net:1433;;;;AES256;;;;;;;
2026-09-15T10:08:55;DC01;kerberos;4769;;;NB-1354$@DEMO.NOPCAP.NET;DEMO;;TERMSRV/vdi-broker.demo.nopcap.net;;;;AES256;;;;;;;
2026-09-15T10:07:14;DC01;kerberos;4769;;;NB-1182$@DEMO.NOPCAP.NET;DEMO;;HTTP/portal.demo.nopcap.net;;;;AES256;;;;;;;
2026-09-15T10:05:08;DC01;krbfail;4769;;;administrator@DEMO.NOPCAP.NET;DEMO;;cifs/nas01;;;;;;;;;;0x7;
2026-09-15T10:04:53;DC02;kerberos;4769;;;m.becker@DEMO.NOPCAP.NET;DEMO;;ldap/dc01.demo.nopcap.net;;;;AES256;;;;;;;
2026-09-15T10:02:10;DC02;kerberos;4769;;;a.klein@DEMO.NOPCAP.NET;DEMO;;ldap/dc02.demo.nopcap.net;;;;AES256;;;;;;;
2026-09-15T10:01:49;DC01;incoming;8002;;;FS01$;DEMO;w3wp.exe;;;;;;;;;;;;
2026-09-15T10:00:54;WKS-0421;outgoing;4020;NTLMv2;Direct;k.lorenz;DEMO;lsass.exe;cifs/nas01;;;;;Target name could not be resolved by Kerberos;6;Unprotected;None;;;C:\Windows\System32\lsass.exe
2026-09-15T10:00:50;FS01;outgoing;8001;;;svc_sql;DEMO;WINWORD.EXE;cifs/fs01.demo.nopcap.net;;;;;;;;;;;C:\Program Files\Microsoft Office\root\Office16\WINWORD.EXE
2026-09-15T09:48:48;DC01;kerberos;4769;;;t.hoffmann@DEMO.NOPCAP.NET;DEMO;;HTTP/portal.demo.nopcap.net;;;;AES256;;;;;;;
2026-09-15T09:48:02;DC01;kerberos;4769;;;svc_backup@DEMO.NOPCAP.NET;DEMO;;HOST/app03.demo.nopcap.net;;;;AES256;;;;;;;
2026-09-15T09:43:54;DC01;domain;8004;;;k.lorenz;DEMO;;ERP-TEST;WKS-0616;;;;;;;;;;
2026-09-15T09:43:36;DC01;kerberos;4769;;;NB-1264$@DEMO.NOPCAP.NET;DEMO;;cifs/fs01.demo.nopcap.net;;;;AES256;;;;;;;
2026-09-15T09:43:29;DC01;kerberos;4769;;;svc_sql@DEMO.NOPCAP.NET;DEMO;;HTTP/portal.demo.nopcap.net;;;;AES256;;;;;;;
2026-09-15T09:42:36;DC02;kerberos;4769;;;svc_backup@DEMO.NOPCAP.NET;DEMO;;ldap/dc01.demo.nopcap.net;;;;AES256;;;;;;;
2026-09-15T09:41:18;DC01;auth;4624;NTLMv2;Direct;j.schulz;DEMO;;;VDI-021;10.14.25.148;3;;;;;;;;
2026-09-15T09:37:44;DC02;kerberos;4769;;;svc_web@DEMO.NOPCAP.NET;DEMO;;TERMSRV/vdi-broker.demo.nopcap.net;;;;RC4;;;;;;;
2026-09-15T09:37:27;DC01;kerberos;4769;;;j.schulz@DEMO.NOPCAP.NET;DEMO;;HTTP/portal.demo.nopcap.net;;;;AES256;;;;;;;
2026-09-15T09:33:21;DC01;kerberos;4769;;;s.wagner@DEMO.NOPCAP.NET;DEMO;;HOST/app03.demo.nopcap.net;;;;AES256;;;;;;;
2026-09-15T09:25:43;WKS-0421;outgoing;8001;;;svc_monitor;DEMO;lsass.exe;cifs/nas01;;;;;;;;;;;C:\Windows\System32\lsass.exe
2026-09-15T09:24:30;DC02;kerberos;4769;;;administrator@DEMO.NOPCAP.NET;DEMO;;TERMSRV/vdi-broker.demo.nopcap.net;;;;AES256;;;;;;;
2026-09-15T09:23:11;DC01;kerberos;4769;;;administrator@DEMO.NOPCAP.NET;DEMO;;HTTP/portal.demo.nopcap.net;;;;AES256;;;;;;;
2026-09-15T09:21:10;DC02;kerberos;4769;;;t.hoffmann@DEMO.NOPCAP.NET;DEMO;;ldap/dc02.demo.nopcap.net;;;;AES256;;;;;;;
2026-09-15T09:20:20;DC01;kerberos;4769;;;VDI-041$@DEMO.NOPCAP.NET;DEMO;;TERMSRV/vdi-broker.demo.nopcap.net;;;;AES256;;;;;;;
2026-09-15T09:19:34;DC01;kerberos;4769;;;VDI-077$@DEMO.NOPCAP.NET;DEMO;;HOST/app03.demo.nopcap.net;;;;AES256;;;;;;;
2026-09-15T09:11:13;DC02;kerberos;4769;;;a.klein@DEMO.NOPCAP.NET;DEMO;;MSSQLSvc/sql01.demo.nopcap.net:1433;;;;AES256;;;;;;;
2026-09-15T09:09:17;DC01;kerberos;4769;;;NB-1339$@DEMO.NOPCAP.NET;DEMO;;ldap/dc02.demo.nopcap.net;;;;AES256;;;;;;;
2026-09-15T09:08:18;APP03;outgoing;8001;;;svc_monitor;DEMO;lsass.exe;cifs/nas01;;;;;;;;;;;C:\Windows\System32\lsass.exe
2026-09-15T08:54:12;DC01;kerberos;4769;;;NB-1047$@DEMO.NOPCAP.NET;DEMO;;HOST/app03.demo.nopcap.net;;;;AES256;;;;;;;
2026-09-15T08:39:54;WKS-0421;outgoing;4001;;Blocked;j.schulz;DEMO;lsass.exe;cifs/nas01;;;;;;;;;;;C:\Windows\System32\lsass.exe
2026-09-15T08:38:31;DC01;kerberos;4769;;;t.hoffmann@DEMO.NOPCAP.NET;DEMO;;ldap/dc02.demo.nopcap.net;;;;AES256;;;;;;;
2026-09-15T08:34:29;FS01;outgoing;8001;;;s.wagner;DEMO;Veeam.Backup.Service.exe;cifs/nas01;;;;;;;;;;;C:\Program Files\Veeam\Backup and Replication\Backup\Veeam.Backup.Service.exe
2026-09-15T08:28:06;DC01;kerberos;4769;;;WKS-0738$@DEMO.NOPCAP.NET;DEMO;;HTTP/portal.demo.nopcap.net;;;;AES256;;;;;;;
2026-09-15T08:19:24;DC01;kerberos;4769;;;d.fischer@DEMO.NOPCAP.NET;DEMO;;HTTP/portal.demo.nopcap.net;;;;AES256;;;;;;;
2026-09-15T08:15:36;DC02;kerberos;4769;;;p.neumann@DEMO.NOPCAP.NET;DEMO;;HTTP/portal.demo.nopcap.net;;;;AES256;;;;;;;
2026-09-15T08:12:23;APP03;outgoing;8001;;;j.schulz;DEMO;Veeam.Backup.Service.exe;cifs/nas01;;;;;;;;;;;C:\Program Files\Veeam\Backup and Replication\Backup\Veeam.Backup.Service.exe
2026-09-15T08:09:03;DC01;kerberos;4769;;;NB-1277$@DEMO.NOPCAP.NET;DEMO;;ldap/dc01.demo.nopcap.net;;;;AES256;;;;;;;
2026-09-15T08:08:16;DC01;kerberos;4769;;;a.klein@DEMO.NOPCAP.NET;DEMO;;HTTP/portal.demo.nopcap.net;;;;AES256;;;;;;;
2026-09-14T17:52:53;DC02;kerberos;4769;;;k.lorenz@DEMO.NOPCAP.NET;DEMO;;ldap/dc02.demo.nopcap.net;;;;AES256;;;;;;;
2026-09-14T17:52:37;DC02;kerberos;4769;;;svc_web@DEMO.NOPCAP.NET;DEMO;;HOST/app03.demo.nopcap.net;;;;AES256;;;;;;;
2026-09-14T17:51:59;DC01;auth;4624;NTLMv2;Direct;p.neumann;DEMO;;;NB-1071;10.14.25.198;3;;;;;;;;
2026-09-14T17:49:34;DC02;kerberos;4769;;;svc_monitor@DEMO.NOPCAP.NET;DEMO;;cifs/fs01.demo.nopcap.net;;;;AES256;;;;;;;
2026-09-14T17:49:05;DC01;kerberos;4769;;;j.schulz@DEMO.NOPCAP.NET;DEMO;;ldap/dc01.demo.nopcap.net;;;;AES256;;;;;;;
2026-09-14T17:34:04;DC01;kerberos;4769;;;NB-1187$@DEMO.NOPCAP.NET;DEMO;;cifs/fs01.demo.nopcap.net;;;;AES256;;;;;;;
2026-09-14T17:19:26;DC01;kerberos;4769;;;VDI-032$@DEMO.NOPCAP.NET;DEMO;;ldap/dc02.demo.nopcap.net;;;;AES256;;;;;;;
2026-09-14T17:17:20;DC02;kerberos;4769;;;t.hoffmann@DEMO.NOPCAP.NET;DEMO;;ldap/dc02.demo.nopcap.net;;;;AES256;;;;;;;
2026-09-14T17:06:53;DC02;kerberos;4769;;;svc_backup@DEMO.NOPCAP.NET;DEMO;;cifs/fs01.demo.nopcap.net;;;;AES256;;;;;;;
2026-09-14T16:53:25;DC01;kerberos;4769;;;VDI-076$@DEMO.NOPCAP.NET;DEMO;;MSSQLSvc/sql01.demo.nopcap.net:1433;;;;AES256;;;;;;;
2026-09-14T16:51:38;DC01;kerberos;4769;;;svc_web@DEMO.NOPCAP.NET;DEMO;;MSSQLSvc/sql01.demo.nopcap.net:1433;;;;RC4;;;;;;;
2026-09-14T16:49:50;DC02;kerberos;4769;;;t.hoffmann@DEMO.NOPCAP.NET;DEMO;;ldap/dc02.demo.nopcap.net;;;;AES256;;;;;;;
2026-09-14T16:46:22;DC02;kerberos;4769;;;p.neumann@DEMO.NOPCAP.NET;DEMO;;ldap/dc01.demo.nopcap.net;;;;AES256;;;;;;;
2026-09-14T16:46:00;DC02;kerberos;4769;;;d.fischer@DEMO.NOPCAP.NET;DEMO;;HTTP/portal.demo.nopcap.net;;;;AES256;;;;;;;
2026-09-14T16:44:34;APP03;outgoing;8001;;;j.schulz;DEMO;lsass.exe;cifs/nas01;;;;;;;;;;;C:\Windows\System32\lsass.exe
2026-09-14T16:43:09;DC01;kerberos;4769;;;k.lorenz@DEMO.NOPCAP.NET;DEMO;;HOST/app03.demo.nopcap.net;;;;AES256;;;;;;;
2026-09-14T16:41:22;DC02;kerberos;4769;;;s.wagner@DEMO.NOPCAP.NET;DEMO;;HOST/app03.demo.nopcap.net;;;;AES256;;;;;;;
2026-09-14T16:37:46;DC01;kerberos;4769;;;WKS-0615$@DEMO.NOPCAP.NET;DEMO;;HOST/app03.demo.nopcap.net;;;;AES256;;;;;;;
2026-09-14T16:37:01;DC01;kerberos;4769;;;k.lorenz@DEMO.NOPCAP.NET;DEMO;;ldap/dc01.demo.nopcap.net;;;;AES256;;;;;;;
2026-09-14T16:36:55;DC01;kerberos;4769;;;WKS-0829$@DEMO.NOPCAP.NET;DEMO;;HTTP/portal.demo.nopcap.net;;;;AES256;;;;;;;
2026-09-14T16:35:46;DC02;auth;4624;NTLMv2;Fallback;t.hoffmann;DEMO;;;WKS-0251;10.14.22.25;3;;;;;;;;
2026-09-14T16:34:57;DC01;kerberos;4769;;;VDI-014$@DEMO.NOPCAP.NET;DEMO;;HTTP/portal.demo.nopcap.net;;;;AES256;;;;;;;
2026-09-14T16:32:54;DC01;kerberos;4769;;;VDI-044$@DEMO.NOPCAP.NET;DEMO;;TERMSRV/vdi-broker.demo.nopcap.net;;;;AES256;;;;;;;
2026-09-14T16:31:55;DC01;kerberos;4769;;;k.lorenz@DEMO.NOPCAP.NET;DEMO;;cifs/fs01.demo.nopcap.net;;;;AES256;;;;;;;
2026-09-14T16:31:31;DC01;kerberos;4769;;;VDI-049$@DEMO.NOPCAP.NET;DEMO;;ldap/dc02.demo.nopcap.net;;;;AES256;;;;;;;
2026-09-14T16:31:23;DC01;kerberos;4769;;;svc_sql@DEMO.NOPCAP.NET;DEMO;;ldap/dc01.demo.nopcap.net;;;;AES256;;;;;;;
2026-09-14T16:31:03;DC02;kerberos;4769;;;t.hoffmann@DEMO.NOPCAP.NET;DEMO;;ldap/dc01.demo.nopcap.net;;;;AES256;;;;;;;
2026-09-14T16:25:56;DC01;kerberos;4769;;;NB-1387$@DEMO.NOPCAP.NET;DEMO;;MSSQLSvc/sql01.demo.nopcap.net:1433;;;;AES256;;;;;;;
2026-09-14T16:25:25;DC02;kerberos;4769;;;k.lorenz@DEMO.NOPCAP.NET;DEMO;;MSSQLSvc/sql01.demo.nopcap.net:1433;;;;AES256;;;;;;;
2026-09-14T16:24:37;DC02;kerberos;4769;;;t.hoffmann@DEMO.NOPCAP.NET;DEMO;;MSSQLSvc/sql01.demo.nopcap.net:1433;;;;AES256;;;;;;;
2026-09-14T16:23:22;FS01;outgoing;8001;;;svc_sql;DEMO;lsass.exe;cifs/nas01;;;;;;;;;;;C:\Windows\System32\lsass.exe
2026-09-14T16:19:48;DC01;kerberos;4769;;;WKS-0435$@DEMO.NOPCAP.NET;DEMO;;HOST/app03.demo.nopcap.net;;;;AES256;;;;;;;
2026-09-14T16:19:28;DC02;krbfail;4769;;;t.hoffmann@DEMO.NOPCAP.NET;DEMO;;cifs/nas01;;;;;;;;;;0x7;
2026-09-14T16:16:18;DC01;kerberos;4769;;;VDI-041$@DEMO.NOPCAP.NET;DEMO;;ldap/dc02.demo.nopcap.net;;;;AES256;;;;;;;
2026-09-14T16:13:33;DC02;kerberos;4769;;;t.hoffmann@DEMO.NOPCAP.NET;DEMO;;TERMSRV/vdi-broker.demo.nopcap.net;;;;AES256;;;;;;;
2026-09-14T16:07:41;DC02;kerberos;4769;;;m.becker@DEMO.NOPCAP.NET;DEMO;;HOST/app03.demo.nopcap.net;;;;AES256;;;;;;;
2026-09-14T16:06:46;DC01;kerberos;4769;;;WKS-0698$@DEMO.NOPCAP.NET;DEMO;;MSSQLSvc/sql01.demo.nopcap.net:1433;;;;AES256;;;;;;;
2026-09-14T16:05:18;DC02;kerberos;4769;;;d.fischer@DEMO.NOPCAP.NET;DEMO;;cifs/fs01.demo.nopcap.net;;;;AES256;;;;;;;
2026-09-14T16:04:57;DC01;kerberos;4769;;;administrator@DEMO.NOPCAP.NET;DEMO;;HOST/app03.demo.nopcap.net;;;;AES256;;;;;;;
2026-09-14T16:04:22;DC01;kerberos;4769;;;VDI-015$@DEMO.NOPCAP.NET;DEMO;;MSSQLSvc/sql01.demo.nopcap.net:1433;;;;AES256;;;;;;;
2026-09-14T16:04:15;DC02;kerberos;4769;;;administrator@DEMO.NOPCAP.NET;DEMO;;ldap/dc01.demo.nopcap.net;;;;AES256;;;;;;;
2026-09-14T16:04:07;DC02;auth;4624;NTLMv2;Direct;d.fischer;DEMO;;;VDI-066;10.14.25.48;3;;;;;;;;
2026-09-14T15:58:12;DC01;kerberos;4769;;;j.schulz@DEMO.NOPCAP.NET;DEMO;;TERMSRV/vdi-broker.demo.nopcap.net;;;;AES256;;;;;;;
2026-09-14T15:54:06;DC02;kerberos;4769;;;m.becker@DEMO.NOPCAP.NET;DEMO;;HOST/app03.demo.nopcap.net;;;;AES256;;;;;;;
2026-09-14T15:51:46;DC02;kerberos;4769;;;s.wagner@DEMO.NOPCAP.NET;DEMO;;cifs/fs01.demo.nopcap.net;;;;AES256;;;;;;;
2026-09-14T15:45:06;FS01;outgoing;8001;;;t.hoffmann;DEMO;mmc.exe;cifs/10.14.22.31;;;;;;;;;;;C:\Windows\System32\mmc.exe
2026-09-14T15:41:31;DC01;domain;8004;;;svc_monitor;DEMO;;FS01;WKS-0473;;;;;;;;;;
2026-09-14T15:39:27;FS01;outgoing;8001;;;svc_sql;DEMO;lsass.exe;cifs/nas01;;;;;;;;;;;C:\Windows\System32\lsass.exe
2026-09-14T15:38:32;WKS-0421;outgoing;4020;NTLMv2;Direct;a.klein;DEMO;mmc.exe;cifs/10.14.22.31;;;;;Target name contains an IP address;7;Unprotected;None;;;C:\Windows\System32\mmc.exe
2026-09-14T15:35:40;WKS-0421;outgoing;4001;;Blocked;administrator;DEMO;EXCEL.EXE;cifs/fs01.demo.nopcap.net;;;;;;;;;;;C:\Program Files\Microsoft Office\root\Office16\EXCEL.EXE
2026-09-14T15:30:02;DC01;kerberos;4769;;;svc_monitor@DEMO.NOPCAP.NET;DEMO;;MSSQLSvc/sql01.demo.nopcap.net:1433;;;;AES256;;;;;;;
2026-09-14T15:28:24;DC02;kerberos;4769;;;d.fischer@DEMO.NOPCAP.NET;DEMO;;TERMSRV/vdi-broker.demo.nopcap.net;;;;AES256;;;;;;;
2026-09-14T15:27:29;DC01;kerberos;4769;;;NB-1309$@DEMO.NOPCAP.NET;DEMO;;ldap/dc01.demo.nopcap.net;;;;AES256;;;;;;;
2026-09-14T15:18:31;FS01;outgoing;8001;;;administrator;DEMO;mmc.exe;cifs/10.14.22.31;;;;;;;;;;;C:\Windows\System32\mmc.exe
2026-09-14T15:16:19;DC01;kerberos;4769;;;svc_web@DEMO.NOPCAP.NET;DEMO;;MSSQLSvc/sql01.demo.nopcap.net:1433;;;;RC4;;;;;;;
2026-09-14T15:14:33;DC01;kerberos;4769;;;VDI-067$@DEMO.NOPCAP.NET;DEMO;;HTTP/portal.demo.nopcap.net;;;;AES256;;;;;;;
2026-09-14T15:04:23;DC02;auth;4624;NTLMv2;Direct;s.wagner;DEMO;;;WKS-0840;10.14.25.241;3;;;;;;;;
2026-09-14T15:04:19;DC02;kerberos;4769;;;p.neumann@DEMO.NOPCAP.NET;DEMO;;HOST/app03.demo.nopcap.net;;;;AES256;;;;;;;
2026-09-14T15:01:32;DC02;kerberos;4769;;;m.becker@DEMO.NOPCAP.NET;DEMO;;ldap/dc02.demo.nopcap.net;;;;AES256;;;;;;;
2026-09-14T14:59:27;DC02;kerberos;4769;;;p.neumann@DEMO.NOPCAP.NET;DEMO;;HTTP/portal.demo.nopcap.net;;;;AES256;;;;;;;
2026-09-14T14:58:18;DC01;kerberos;4769;;;WKS-0681$@DEMO.NOPCAP.NET;DEMO;;ldap/dc02.demo.nopcap.net;;;;AES256;;;;;;;
2026-09-14T14:58:02;DC01;kerberos;4769;;;WKS-0869$@DEMO.NOPCAP.NET;DEMO;;ldap/dc02.demo.nopcap.net;;;;AES256;;;;;;;
2026-09-14T14:56:53;APP03;outgoing;8001;;;t.hoffmann;DEMO;mmc.exe;cifs/10.14.22.31;;;;;;;;;;;C:\Windows\System32\mmc.exe
2026-09-14T14:55:30;DC01;kerberos;4769;;;t.hoffmann@DEMO.NOPCAP.NET;DEMO;;HOST/app03.demo.nopcap.net;;;;AES256;;;;;;;
2026-09-14T14:55:11;DC01;kerberos;4769;;;s.wagner@DEMO.NOPCAP.NET;DEMO;;HTTP/portal.demo.nopcap.net;;;;AES256;;;;;;;
2026-09-14T14:54:06;WKS-0421;outgoing;4020;NTLMv2;Direct;svc_backup;DEMO;lsass.exe;cifs/nas01;;;;;Target name could not be resolved by Kerberos;6;Unprotected;None;;;C:\Windows\System32\lsass.exe
2026-09-14T14:52:54;DC01;kerberos;4769;;;t.hoffmann@DEMO.NOPCAP.NET;DEMO;;ldap/dc01.demo.nopcap.net;;;;AES256;;;;;;;
2026-09-14T14:52:19;DC01;kerberos;4769;;;VDI-076$@DEMO.NOPCAP.NET;DEMO;;ldap/dc02.demo.nopcap.net;;;;AES256;;;;;;;
2026-09-14T14:51:40;WKS-0421;outgoing;4020;NTLMv2;Direct;s.wagner;DEMO;msedge.exe;HTTP/intranet;;;;;Target name could not be resolved by Kerberos;6;Unprotected;None;;;C:\Program Files (x86)\Microsoft\Edge\Application\msedge.exe
2026-09-14T14:51:10;DC02;auth;4624;NTLMv2;Direct;m.becker;DEMO;;;WKS-0178;10.14.24.112;3;;;;;;;;
2026-09-14T14:49:06;DC02;kerberos;4769;;;d.fischer@DEMO.NOPCAP.NET;DEMO;;cifs/fs01.demo.nopcap.net;;;;AES256;;;;;;;
2026-09-14T14:46:51;DC02;kerberos;4769;;;svc_backup@DEMO.NOPCAP.NET;DEMO;;TERMSRV/vdi-broker.demo.nopcap.net;;;;AES256;;;;;;;
2026-09-14T14:44:53;DC01;kerberos;4769;;;svc_web@DEMO.NOPCAP.NET;DEMO;;TERMSRV/vdi-broker.demo.nopcap.net;;;;RC4;;;;;;;
2026-09-14T14:43:57;DC02;auth;4624;NTLMv2;Direct;k.lorenz;DEMO;;;NB-1342;10.14.25.199;3;;;;;;;;
2026-09-14T14:43:57;APP03;outgoing;8001;;;m.becker;DEMO;System;cifs/fs01.demo.nopcap.net;;;;;;;;;;;
2026-09-14T14:43:17;FS01;incoming;8003;;;p.neumann;DEMO;sqlservr.exe;;WKS-0480;;3;;;;;;;;
2026-09-14T14:42:52;DC02;kerberos;4769;;;d.fischer@DEMO.NOPCAP.NET;DEMO;;cifs/fs01.demo.nopcap.net;;;;AES256;;;;;;;
2026-09-14T14:41:35;DC01;kerberos;4769;;;VDI-045$@DEMO.NOPCAP.NET;DEMO;;HOST/app03.demo.nopcap.net;;;;AES256;;;;;;;
2026-09-14T14:38:39;DC01;domain;8004;;;m.becker;DEMO;;ARCHIVE01;NB-1285;;;;;;;;;;
2026-09-14T14:36:49;DC02;kerberos;4769;;;m.becker@DEMO.NOPCAP.NET;DEMO;;TERMSRV/vdi-broker.demo.nopcap.net;;;;AES256;;;;;;;
2026-09-14T14:34:30;DC01;kerberos;4769;;;t.hoffmann@DEMO.NOPCAP.NET;DEMO;;ldap/dc01.demo.nopcap.net;;;;AES256;;;;;;;
2026-09-14T14:27:35;DC02;kerberos;4769;;;p.neumann@DEMO.NOPCAP.NET;DEMO;;ldap/dc02.demo.nopcap.net;;;;AES256;;;;;;;
2026-09-14T14:23:55;DC02;kerberos;4769;;;svc_web@DEMO.NOPCAP.NET;DEMO;;cifs/fs01.demo.nopcap.net;;;;AES256;;;;;;;
2026-09-14T14:23:33;APP03;outgoing;8001;;;t.hoffmann;DEMO;java.exe;HTTP/erp-test;;;;;;;;;;;C:\Program Files\Eclipse Adoptium\jdk-17\bin\java.exe
2026-09-14T14:22:29;DC02;kerberos;4769;;;svc_web@DEMO.NOPCAP.NET;DEMO;;TERMSRV/vdi-broker.demo.nopcap.net;;;;RC4;;;;;;;
2026-09-14T14:20:47;DC02;kerberos;4769;;;administrator@DEMO.NOPCAP.NET;DEMO;;MSSQLSvc/sql01.demo.nopcap.net:1433;;;;AES256;;;;;;;
2026-09-14T14:17:40;DC02;auth;4624;NTLMv2;Direct;svc_monitor;DEMO;;;WKS-0701;10.14.24.227;3;;;;;;;;
2026-09-14T14:14:50;DC01;kerberos;4769;;;NB-1109$@DEMO.NOPCAP.NET;DEMO;;HOST/app03.demo.nopcap.net;;;;AES256;;;;;;;
2026-09-14T14:07:54;FS01;outgoing;8001;;;a.klein;DEMO;mmc.exe;cifs/10.14.22.31;;;;;;;;;;;C:\Windows\System32\mmc.exe
2026-09-14T14:07:22;DC01;kerberos;4769;;;j.schulz@DEMO.NOPCAP.NET;DEMO;;TERMSRV/vdi-broker.demo.nopcap.net;;;;AES256;;;;;;;
2026-09-14T14:06:52;DC01;kerberos;4769;;;WKS-0588$@DEMO.NOPCAP.NET;DEMO;;MSSQLSvc/sql01.demo.nopcap.net:1433;;;;AES256;;;;;;;
2026-09-14T14:04:52;DC01;kerberos;4769;;;svc_sql@DEMO.NOPCAP.NET;DEMO;;HTTP/portal.demo.nopcap.net;;;;AES256;;;;;;;
2026-09-14T14:00:47;DC02;auth;4624;NTLMv2;Direct;j.schulz;DEMO;;;WKS-0754;10.14.22.115;3;;;;;;;;
2026-09-14T13:53:43;FS01;outgoing;8001;;;administrator;DEMO;svchost.exe;ldap/dc01.demo.nopcap.net;;;;;;;;;;;C:\Windows\System32\svchost.exe
2026-09-14T13:50:12;DC01;domain;4032;NTLMv2;;j.schulz;DEMO;;APP03;NB-1013;;;;;;;;Windows Server 2016 Standard;;
2026-09-14T13:48:42;FS01;outgoing;8001;;;t.hoffmann;DEMO;svchost.exe;ldap/dc01.demo.nopcap.net;;;;;;;;;;;C:\Windows\System32\svchost.exe
2026-09-14T13:41:18;DC01;kerberos;4769;;;NB-1129$@DEMO.NOPCAP.NET;DEMO;;HOST/app03.demo.nopcap.net;;;;AES256;;;;;;;
2026-09-14T13:38:06;DC01;kerberos;4769;;;m.becker@DEMO.NOPCAP.NET;DEMO;;HOST/app03.demo.nopcap.net;;;;AES256;;;;;;;
2026-09-14T13:28:51;DC01;kerberos;4769;;;VDI-085$@DEMO.NOPCAP.NET;DEMO;;cifs/fs01.demo.nopcap.net;;;;AES256;;;;;;;
2026-09-14T13:21:51;DC02;kerberos;4769;;;t.hoffmann@DEMO.NOPCAP.NET;DEMO;;ldap/dc01.demo.nopcap.net;;;;AES256;;;;;;;
2026-09-14T13:18:20;DC01;kerberos;4769;;;VDI-086$@DEMO.NOPCAP.NET;DEMO;;ldap/dc02.demo.nopcap.net;;;;AES256;;;;;;;
2026-09-14T13:17:00;DC01;kerberos;4769;;;WKS-0141$@DEMO.NOPCAP.NET;DEMO;;MSSQLSvc/sql01.demo.nopcap.net:1433;;;;AES256;;;;;;;
2026-09-14T13:16:01;DC01;kerberos;4769;;;NB-1058$@DEMO.NOPCAP.NET;DEMO;;MSSQLSvc/sql01.demo.nopcap.net:1433;;;;AES256;;;;;;;
2026-09-14T13:14:50;DC01;kerberos;4769;;;svc_sql@DEMO.NOPCAP.NET;DEMO;;TERMSRV/vdi-broker.demo.nopcap.net;;;;AES256;;;;;;;
2026-09-14T13:12:10;DC02;kerberos;4769;;;svc_monitor@DEMO.NOPCAP.NET;DEMO;;TERMSRV/vdi-broker.demo.nopcap.net;;;;AES256;;;;;;;
2026-09-14T13:11:08;DC01;kerberos;4769;;;svc_web@DEMO.NOPCAP.NET;DEMO;;cifs/fs01.demo.nopcap.net;;;;AES256;;;;;;;
2026-09-14T13:08:53;DC01;kerberos;4769;;;m.becker@DEMO.NOPCAP.NET;DEMO;;MSSQLSvc/sql01.demo.nopcap.net:1433;;;;AES256;;;;;;;
2026-09-14T13:05:55;DC01;kerberos;4769;;;WKS-0711$@DEMO.NOPCAP.NET;DEMO;;ldap/dc02.demo.nopcap.net;;;;AES256;;;;;;;
2026-09-14T13:05:22;DC01;kerberos;4769;;;NB-1362$@DEMO.NOPCAP.NET;DEMO;;cifs/fs01.demo.nopcap.net;;;;AES256;;;;;;;
2026-09-14T13:00:00;DC01;kerberos;4769;;;NB-1303$@DEMO.NOPCAP.NET;DEMO;;ldap/dc02.demo.nopcap.net;;;;AES256;;;;;;;
2026-09-14T12:55:48;FS01;outgoing;8001;;;administrator;DEMO;wsmprovhost.exe;HOST/app03;;;;;;;;;;;C:\Windows\System32\wsmprovhost.exe
2026-09-14T12:55:12;DC01;kerberos;4769;;;k.lorenz@DEMO.NOPCAP.NET;DEMO;;cifs/fs01.demo.nopcap.net;;;;AES256;;;;;;;
2026-09-14T12:54:43;DC01;kerberos;4769;;;WKS-0152$@DEMO.NOPCAP.NET;DEMO;;MSSQLSvc/sql01.demo.nopcap.net:1433;;;;AES256;;;;;;;
2026-09-14T12:48:14;DC01;kerberos;4769;;;VDI-080$@DEMO.NOPCAP.NET;DEMO;;ldap/dc01.demo.nopcap.net;;;;AES256;;;;;;;
2026-09-14T12:48:01;DC01;kerberos;4769;;;VDI-042$@DEMO.NOPCAP.NET;DEMO;;ldap/dc02.demo.nopcap.net;;;;AES256;;;;;;;
2026-09-14T12:47:15;FS01;incoming;8003;;;a.klein;DEMO;w3wp.exe;;WKS-0722;;3;;;;;;;;
2026-09-14T12:44:47;DC01;kerberos;4769;;;WKS-0271$@DEMO.NOPCAP.NET;DEMO;;ldap/dc02.demo.nopcap.net;;;;AES256;;;;;;;
2026-09-14T12:43:32;DC01;kerberos;4769;;;svc_web@DEMO.NOPCAP.NET;DEMO;;cifs/fs01.demo.nopcap.net;;;;RC4;;;;;;;
2026-09-14T12:38:46;FS01;outgoing;8001;;;svc_backup;DEMO;svchost.exe;ldap/dc01.demo.nopcap.net;;;;;;;;;;;C:\Windows\System32\svchost.exe
2026-09-14T12:36:16;DC01;kerberos;4769;;;m.becker@DEMO.NOPCAP.NET;DEMO;;MSSQLSvc/sql01.demo.nopcap.net:1433;;;;AES256;;;;;;;
2026-09-14T12:34:59;DC01;kerberos;4769;;;administrator@DEMO.NOPCAP.NET;DEMO;;TERMSRV/vdi-broker.demo.nopcap.net;;;;AES256;;;;;;;
2026-09-14T12:33:27;DC01;kerberos;4769;;;svc_web@DEMO.NOPCAP.NET;DEMO;;HOST/app03.demo.nopcap.net;;;;RC4;;;;;;;
2026-09-14T12:26:10;DC01;kerberos;4769;;;NB-1276$@DEMO.NOPCAP.NET;DEMO;;cifs/fs01.demo.nopcap.net;;;;AES256;;;;;;;
2026-09-14T12:17:54;DC02;kerberos;4769;;;svc_sql@DEMO.NOPCAP.NET;DEMO;;cifs/fs01.demo.nopcap.net;;;;AES256;;;;;;;
2026-09-14T12:17:17;DC01;kerberos;4769;;;svc_monitor@DEMO.NOPCAP.NET;DEMO;;cifs/fs01.demo.nopcap.net;;;;AES256;;;;;;;
2026-09-14T12:12:45;DC01;kerberos;4769;;;s.wagner@DEMO.NOPCAP.NET;DEMO;;ldap/dc01.demo.nopcap.net;;;;AES256;;;;;;;
2026-09-14T12:10:25;DC01;kerberos;4769;;;VDI-018$@DEMO.NOPCAP.NET;DEMO;;HOST/app03.demo.nopcap.net;;;;AES256;;;;;;;
2026-09-14T12:09:41;DC01;kerberos;4769;;;WKS-0410$@DEMO.NOPCAP.NET;DEMO;;HTTP/portal.demo.nopcap.net;;;;AES256;;;;;;;
2026-09-14T12:05:55;DC01;kerberos;4769;;;p.neumann@DEMO.NOPCAP.NET;DEMO;;HTTP/portal.demo.nopcap.net;;;;AES256;;;;;;;
2026-09-14T12:02:52;DC01;kerberos;4769;;;svc_backup@DEMO.NOPCAP.NET;DEMO;;cifs/fs01.demo.nopcap.net;;;;AES256;;;;;;;
2026-09-14T11:59:04;DC01;kerberos;4769;;;m.becker@DEMO.NOPCAP.NET;DEMO;;ldap/dc02.demo.nopcap.net;;;;AES256;;;;;;;
2026-09-14T11:53:34;DC01;kerberos;4769;;;t.hoffmann@DEMO.NOPCAP.NET;DEMO;;MSSQLSvc/sql01.demo.nopcap.net:1433;;;;AES256;;;;;;;
2026-09-14T11:50:18;DC01;kerberos;4769;;;NB-1055$@DEMO.NOPCAP.NET;DEMO;;ldap/dc02.demo.nopcap.net;;;;AES256;;;;;;;
2026-09-14T11:50:17;DC01;kerberos;4769;;;WKS-0229$@DEMO.NOPCAP.NET;DEMO;;MSSQLSvc/sql01.demo.nopcap.net:1433;;;;AES256;;;;;;;
2026-09-14T11:48:32;FS01;outgoing;8001;;;j.schulz;DEMO;lsass.exe;cifs/nas01;;;;;;;;;;;C:\Windows\System32\lsass.exe
2026-09-14T11:44:29;DC02;domain;8004;;;m.becker;DEMO;;ARCHIVE01;VDI-069;;;;;;;;;;
2026-09-14T11:38:05;DC02;kerberos;4769;;;a.klein@DEMO.NOPCAP.NET;DEMO;;TERMSRV/vdi-broker.demo.nopcap.net;;;;AES256;;;;;;;
2026-09-14T11:37:38;DC01;kerberos;4769;;;svc_monitor@DEMO.NOPCAP.NET;DEMO;;ldap/dc01.demo.nopcap.net;;;;AES256;;;;;;;
2026-09-14T11:36:38;DC01;kerberos;4769;;;d.fischer@DEMO.NOPCAP.NET;DEMO;;HTTP/portal.demo.nopcap.net;;;;AES256;;;;;;;
2026-09-14T11:32:25;WKS-0421;outgoing;4001;;Blocked;p.neumann;DEMO;mmc.exe;cifs/10.14.22.31;;;;;;;;;;;C:\Windows\System32\mmc.exe
2026-09-14T11:30:07;DC01;kerberos;4769;;;svc_backup@DEMO.NOPCAP.NET;DEMO;;MSSQLSvc/sql01.demo.nopcap.net:1433;;;;AES256;;;;;;;
2026-09-14T11:25:06;DC01;kerberos;4769;;;svc_backup@DEMO.NOPCAP.NET;DEMO;;cifs/fs01.demo.nopcap.net;;;;AES256;;;;;;;
2026-09-14T11:24:41;DC01;kerberos;4769;;;j.schulz@DEMO.NOPCAP.NET;DEMO;;cifs/fs01.demo.nopcap.net;;;;AES256;;;;;;;
2026-09-14T11:23:27;DC02;kerberos;4769;;;d.fischer@DEMO.NOPCAP.NET;DEMO;;cifs/fs01.demo.nopcap.net;;;;AES256;;;;;;;
2026-09-14T11:21:58;FS01;outgoing;8001;;;j.schulz;DEMO;msedge.exe;HTTP/intranet;;;;;;;;;;;C:\Program Files (x86)\Microsoft\Edge\Application\msedge.exe
2026-09-14T11:19:20;DC01;kerberos;4769;;;WKS-0375$@DEMO.NOPCAP.NET;DEMO;;ldap/dc02.demo.nopcap.net;;;;AES256;;;;;;;
2026-09-14T11:12:17;DC01;kerberos;4769;;;j.schulz@DEMO.NOPCAP.NET;DEMO;;TERMSRV/vdi-broker.demo.nopcap.net;;;;AES256;;;;;;;
2026-09-14T11:07:47;DC01;kerberos;4769;;;WKS-0737$@DEMO.NOPCAP.NET;DEMO;;HOST/app03.demo.nopcap.net;;;;AES256;;;;;;;
2026-09-14T11:07:17;APP03;outgoing;8001;;;svc_backup;DEMO;robocopy.exe;cifs/archive01;;;;;;;;;;;C:\Windows\System32\robocopy.exe
2026-09-14T11:05:47;DC02;kerberos;4769;;;j.schulz@DEMO.NOPCAP.NET;DEMO;;HTTP/portal.demo.nopcap.net;;;;AES256;;;;;;;
2026-09-14T11:01:32;DC01;kerberos;4769;;;WKS-0281$@DEMO.NOPCAP.NET;DEMO;;cifs/fs01.demo.nopcap.net;;;;AES256;;;;;;;
2026-09-14T10:55:38;DC01;kerberos;4769;;;p.neumann@DEMO.NOPCAP.NET;DEMO;;TERMSRV/vdi-broker.demo.nopcap.net;;;;AES256;;;;;;;
2026-09-14T10:55:08;DC01;kerberos;4769;;;WKS-0170$@DEMO.NOPCAP.NET;DEMO;;cifs/fs01.demo.nopcap.net;;;;AES256;;;;;;;
2026-09-14T10:54:28;DC01;kerberos;4769;;;WKS-0862$@DEMO.NOPCAP.NET;DEMO;;HTTP/portal.demo.nopcap.net;;;;AES256;;;;;;;
2026-09-14T10:48:14;DC01;kerberos;4769;;;VDI-089$@DEMO.NOPCAP.NET;DEMO;;MSSQLSvc/sql01.demo.nopcap.net:1433;;;;AES256;;;;;;;
2026-09-14T10:46:37;APP03;outgoing;8001;;;t.hoffmann;DEMO;msedge.exe;HTTP/intranet;;;;;;;;;;;C:\Program Files (x86)\Microsoft\Edge\Application\msedge.exe
2026-09-14T10:46:24;DC01;kerberos;4769;;;WKS-0847$@DEMO.NOPCAP.NET;DEMO;;HOST/app03.demo.nopcap.net;;;;AES256;;;;;;;
2026-09-14T10:45:56;DC01;kerberos;4769;;;svc_web@DEMO.NOPCAP.NET;DEMO;;HOST/app03.demo.nopcap.net;;;;RC4;;;;;;;
2026-09-14T10:43:31;DC02;kerberos;4769;;;d.fischer@DEMO.NOPCAP.NET;DEMO;;HTTP/portal.demo.nopcap.net;;;;AES256;;;;;;;
2026-09-14T10:41:31;WKS-0421;outgoing;4001;;Blocked;svc_backup;DEMO;lsass.exe;cifs/nas01;;;;;;;;;;;C:\Windows\System32\lsass.exe
2026-09-14T10:40:54;DC01;kerberos;4769;;;svc_backup@DEMO.NOPCAP.NET;DEMO;;HTTP/portal.demo.nopcap.net;;;;AES256;;;;;;;
2026-09-14T10:38:07;DC02;kerberos;4769;;;p.neumann@DEMO.NOPCAP.NET;DEMO;;cifs/fs01.demo.nopcap.net;;;;AES256;;;;;;;
2026-09-14T10:36:37;DC01;auth;4624;NTLMv2;Direct;k.lorenz;DEMO;;;WKS-0299;10.14.21.121;3;;;;;;;;
2026-09-14T10:34:21;DC02;kerberos;4769;;;s.wagner@DEMO.NOPCAP.NET;DEMO;;MSSQLSvc/sql01.demo.nopcap.net:1433;;;;AES256;;;;;;;
2026-09-14T10:33:01;DC02;kerberos;4769;;;t.hoffmann@DEMO.NOPCAP.NET;DEMO;;HTTP/portal.demo.nopcap.net;;;;AES256;;;;;;;
2026-09-14T10:32:18;DC02;kerberos;4769;;;a.klein@DEMO.NOPCAP.NET;DEMO;;ldap/dc01.demo.nopcap.net;;;;AES256;;;;;;;
2026-09-14T10:27:33;DC01;kerberos;4769;;;j.schulz@DEMO.NOPCAP.NET;DEMO;;HTTP/portal.demo.nopcap.net;;;;AES256;;;;;;;
2026-09-14T10:26:55;DC01;kerberos;4769;;;WKS-0840$@DEMO.NOPCAP.NET;DEMO;;cifs/fs01.demo.nopcap.net;;;;AES256;;;;;;;
2026-09-14T10:24:18;DC02;kerberos;4769;;;svc_backup@DEMO.NOPCAP.NET;DEMO;;HOST/app03.demo.nopcap.net;;;;AES256;;;;;;;
2026-09-14T10:20:06;DC02;kerberos;4769;;;p.neumann@DEMO.NOPCAP.NET;DEMO;;HOST/app03.demo.nopcap.net;;;;AES256;;;;;;;
2026-09-14T10:12:31;DC01;kerberos;4769;;;p.neumann@DEMO.NOPCAP.NET;DEMO;;TERMSRV/vdi-broker.demo.nopcap.net;;;;AES256;;;;;;;
2026-09-14T10:11:04;DC01;kerberos;4769;;;WKS-0286$@DEMO.NOPCAP.NET;DEMO;;HTTP/portal.demo.nopcap.net;;;;AES256;;;;;;;
2026-09-14T10:09:12;DC01;kerberos;4769;;;VDI-080$@DEMO.NOPCAP.NET;DEMO;;ldap/dc02.demo.nopcap.net;;;;AES256;;;;;;;
2026-09-14T10:09:10;DC02;domain;8004;;;j.schulz;DEMO;;ARCHIVE01;NB-1082;;;;;;;;;;
2026-09-14T09:57:07;DC02;kerberos;4769;;;j.schulz@DEMO.NOPCAP.NET;DEMO;;cifs/fs01.demo.nopcap.net;;;;AES256;;;;;;;
2026-09-14T09:55:43;DC02;kerberos;4769;;;administrator@DEMO.NOPCAP.NET;DEMO;;HTTP/portal.demo.nopcap.net;;;;AES256;;;;;;;
2026-09-14T09:52:47;DC01;kerberos;4769;;;VDI-058$@DEMO.NOPCAP.NET;DEMO;;HOST/app03.demo.nopcap.net;;;;AES256;;;;;;;
2026-09-14T09:46:53;DC01;kerberos;4769;;;VDI-086$@DEMO.NOPCAP.NET;DEMO;;MSSQLSvc/sql01.demo.nopcap.net:1433;;;;AES256;;;;;;;
2026-09-14T09:43:14;WKS-0421;outgoing;8001;;;administrator;DEMO;System;cifs/fs01.demo.nopcap.net;;;;;;;;;;;
2026-09-14T09:41:16;APP03;outgoing;8001;;;svc_monitor;DEMO;lsass.exe;cifs/nas01;;;;;;;;;;;C:\Windows\System32\lsass.exe
2026-09-14T09:38:47;DC01;kerberos;4769;;;NB-1234$@DEMO.NOPCAP.NET;DEMO;;ldap/dc02.demo.nopcap.net;;;;AES256;;;;;;;
2026-09-14T09:37:33;DC01;kerberos;4769;;;VDI-034$@DEMO.NOPCAP.NET;DEMO;;MSSQLSvc/sql01.demo.nopcap.net:1433;;;;AES256;;;;;;;
2026-09-14T09:35:34;APP03;outgoing;8001;;;administrator;DEMO;lsass.exe;cifs/nas01;;;;;;;;;;;C:\Windows\System32\lsass.exe
2026-09-14T09:35:19;DC01;kerberos;4769;;;s.wagner@DEMO.NOPCAP.NET;DEMO;;ldap/dc01.demo.nopcap.net;;;;AES256;;;;;;;
2026-09-14T09:32:57;FS01;outgoing;8001;;;svc_sql;DEMO;spoolsv.exe;cifs/printsrv01;;;;;;;;;;;C:\Windows\System32\spoolsv.exe
2026-09-14T09:32:43;DC02;kerberos;4769;;;j.schulz@DEMO.NOPCAP.NET;DEMO;;ldap/dc01.demo.nopcap.net;;;;AES256;;;;;;;
2026-09-14T09:30:17;DC02;kerberos;4769;;;a.klein@DEMO.NOPCAP.NET;DEMO;;MSSQLSvc/sql01.demo.nopcap.net:1433;;;;AES256;;;;;;;
2026-09-14T09:29:11;DC01;kerberos;4769;;;a.klein@DEMO.NOPCAP.NET;DEMO;;HTTP/portal.demo.nopcap.net;;;;AES256;;;;;;;
2026-09-14T09:23:26;DC01;kerberos;4769;;;WKS-0613$@DEMO.NOPCAP.NET;DEMO;;cifs/fs01.demo.nopcap.net;;;;AES256;;;;;;;
2026-09-14T09:14:16;DC01;kerberos;4769;;;WKS-0896$@DEMO.NOPCAP.NET;DEMO;;cifs/fs01.demo.nopcap.net;;;;AES256;;;;;;;
2026-09-14T09:08:41;DC01;kerberos;4769;;;s.wagner@DEMO.NOPCAP.NET;DEMO;;MSSQLSvc/sql01.demo.nopcap.net:1433;;;;AES256;;;;;;;
2026-09-14T09:08:24;DC02;kerberos;4769;;;s.wagner@DEMO.NOPCAP.NET;DEMO;;ldap/dc02.demo.nopcap.net;;;;AES256;;;;;;;
2026-09-14T09:08:05;DC01;kerberos;4769;;;administrator@DEMO.NOPCAP.NET;DEMO;;HTTP/portal.demo.nopcap.net;;;;AES256;;;;;;;
2026-09-14T09:06:16;DC01;kerberos;4769;;;j.schulz@DEMO.NOPCAP.NET;DEMO;;ldap/dc01.demo.nopcap.net;;;;AES256;;;;;;;
2026-09-14T09:05:06;APP03;outgoing;8001;;;a.klein;DEMO;msedge.exe;HTTP/intranet;;;;;;;;;;;C:\Program Files (x86)\Microsoft\Edge\Application\msedge.exe
2026-09-14T09:01:05;DC01;kerberos;4769;;;VDI-020$@DEMO.NOPCAP.NET;DEMO;;ldap/dc01.demo.nopcap.net;;;;AES256;;;;;;;
2026-09-14T09:00:59;DC01;kerberos;4769;;;VDI-067$@DEMO.NOPCAP.NET;DEMO;;HOST/app03.demo.nopcap.net;;;;AES256;;;;;;;
2026-09-14T09:00:47;DC02;kerberos;4769;;;s.wagner@DEMO.NOPCAP.NET;DEMO;;HTTP/portal.demo.nopcap.net;;;;AES256;;;;;;;
2026-09-14T08:58:53;DC01;kerberos;4769;;;WKS-0208$@DEMO.NOPCAP.NET;DEMO;;HOST/app03.demo.nopcap.net;;;;AES256;;;;;;;
2026-09-14T08:53:37;FS01;outgoing;8001;;;svc_backup;DEMO;mmc.exe;cifs/10.14.22.31;;;;;;;;;;;C:\Windows\System32\mmc.exe
2026-09-14T08:51:55;DC01;kerberos;4769;;;t.hoffmann@DEMO.NOPCAP.NET;DEMO;;cifs/fs01.demo.nopcap.net;;;;AES256;;;;;;;
2026-09-14T08:50:28;DC02;auth;4624;NTLMv2;Fallback;p.neumann;DEMO;;;VDI-049;10.14.22.55;3;;;;;;;;
2026-09-14T08:45:34;FS01;outgoing;8001;;;a.klein;DEMO;lsass.exe;cifs/nas01;;;;;;;;;;;C:\Windows\System32\lsass.exe
2026-09-14T08:38:42;DC01;kerberos;4769;;;p.neumann@DEMO.NOPCAP.NET;DEMO;;cifs/fs01.demo.nopcap.net;;;;AES256;;;;;;;
2026-09-14T08:34:53;DC02;kerberos;4769;;;svc_backup@DEMO.NOPCAP.NET;DEMO;;MSSQLSvc/sql01.demo.nopcap.net:1433;;;;AES256;;;;;;;
2026-09-14T08:33:02;DC01;incoming;8003;;;d.fischer;DEMO;w3wp.exe;;NB-1326;;3;;;;;;;;
2026-09-14T08:23:26;DC01;kerberos;4769;;;svc_backup@DEMO.NOPCAP.NET;DEMO;;MSSQLSvc/sql01.demo.nopcap.net:1433;;;;AES256;;;;;;;
2026-09-14T08:23:16;DC01;kerberos;4769;;;svc_monitor@DEMO.NOPCAP.NET;DEMO;;TERMSRV/vdi-broker.demo.nopcap.net;;;;AES256;;;;;;;
2026-09-14T08:21:06;FS01;outgoing;8001;;;a.klein;DEMO;lsass.exe;cifs/nas01;;;;;;;;;;;C:\Windows\System32\lsass.exe
2026-09-14T08:13:37;DC01;kerberos;4769;;;svc_backup@DEMO.NOPCAP.NET;DEMO;;MSSQLSvc/sql01.demo.nopcap.net:1433;;;;AES256;;;;;;;
2026-09-14T08:08:58;DC01;kerberos;4769;;;svc_monitor@DEMO.NOPCAP.NET;DEMO;;ldap/dc01.demo.nopcap.net;;;;AES256;;;;;;;
2026-09-14T08:05:11;DC02;kerberos;4769;;;m.becker@DEMO.NOPCAP.NET;DEMO;;MSSQLSvc/sql01.demo.nopcap.net:1433;;;;AES256;;;;;;;
2026-09-14T08:00:20;WKS-0421;outgoing;4020;NTLMv2;Direct;m.becker;DEMO;svchost.exe;ldap/dc01.demo.nopcap.net;;;;;Application called NTLM directly;1;Unprotected;None;;;C:\Windows\System32\svchost.exe
2026-09-13T17:42:08;DC01;kerberos;4769;;;NB-1242$@DEMO.NOPCAP.NET;DEMO;;HOST/app03.demo.nopcap.net;;;;AES256;;;;;;;
2026-09-13T17:31:34;DC01;kerberos;4769;;;WKS-0628$@DEMO.NOPCAP.NET;DEMO;;ldap/dc01.demo.nopcap.net;;;;AES256;;;;;;;
2026-09-13T17:16:32;APP03;outgoing;8001;;;s.wagner;DEMO;System;cifs/fs01.demo.nopcap.net;;;;;;;;;;;
2026-09-13T16:58:04;DC02;kerberos;4769;;;j.schulz@DEMO.NOPCAP.NET;DEMO;;TERMSRV/vdi-broker.demo.nopcap.net;;;;AES256;;;;;;;
2026-09-13T16:42:48;DC01;kerberos;4769;;;administrator@DEMO.NOPCAP.NET;DEMO;;MSSQLSvc/sql01.demo.nopcap.net:1433;;;;AES256;;;;;;;
2026-09-13T16:19:08;DC02;auth;4624;NTLMv2;Direct;d.fischer;DEMO;;;WKS-0415;10.14.20.122;3;;;;;;;;
2026-09-13T16:18:05;DC02;kerberos;4769;;;d.fischer@DEMO.NOPCAP.NET;DEMO;;ldap/dc01.demo.nopcap.net;;;;AES256;;;;;;;
2026-09-13T16:15:00;FS01;outgoing;8001;;;t.hoffmann;DEMO;lsass.exe;cifs/nas01;;;;;;;;;;;C:\Windows\System32\lsass.exe
2026-09-13T16:04:57;DC01;kerberos;4769;;;t.hoffmann@DEMO.NOPCAP.NET;DEMO;;ldap/dc02.demo.nopcap.net;;;;AES256;;;;;;;
2026-09-13T16:04:12;DC02;auth;4624;NTLMv2;Direct;svc_web;DEMO;;;WKS-0605;10.14.20.9;3;;;;;;;;
2026-09-13T16:02:52;DC01;kerberos;4769;;;NB-1317$@DEMO.NOPCAP.NET;DEMO;;HOST/app03.demo.nopcap.net;;;;AES256;;;;;;;
2026-09-13T15:52:58;DC02;auth;4624;NTLMv2;Direct;administrator;DEMO;;;NB-1032;10.14.25.24;3;;;;;;;;
2026-09-13T15:52:28;DC02;auth;4624;NTLMv2;Direct;svc_backup;DEMO;;;VDI-040;10.14.24.43;3;;;;;;;;
2026-09-13T15:44:47;WKS-0421;outgoing;8001;;;s.wagner;DEMO;explorer.exe;cifs/fs01.demo.nopcap.net;;;;;;;;;;;C:\Windows\explorer.exe
2026-09-13T15:40:13;DC01;kerberos;4769;;;VDI-076$@DEMO.NOPCAP.NET;DEMO;;ldap/dc01.demo.nopcap.net;;;;AES256;;;;;;;
2026-09-13T15:36:33;DC01;kerberos;4769;;;svc_web@DEMO.NOPCAP.NET;DEMO;;ldap/dc02.demo.nopcap.net;;;;RC4;;;;;;;
2026-09-13T15:32:01;DC01;kerberos;4769;;;VDI-080$@DEMO.NOPCAP.NET;DEMO;;ldap/dc02.demo.nopcap.net;;;;AES256;;;;;;;
2026-09-13T15:17:02;DC01;kerberos;4769;;;NB-1323$@DEMO.NOPCAP.NET;DEMO;;ldap/dc01.demo.nopcap.net;;;;AES256;;;;;;;
2026-09-13T15:11:11;DC01;kerberos;4769;;;j.schulz@DEMO.NOPCAP.NET;DEMO;;cifs/fs01.demo.nopcap.net;;;;AES256;;;;;;;
2026-09-13T15:10:16;DC02;kerberos;4769;;;d.fischer@DEMO.NOPCAP.NET;DEMO;;ldap/dc01.demo.nopcap.net;;;;AES256;;;;;;;
2026-09-13T15:08:48;FS01;outgoing;8001;;;administrator;DEMO;spoolsv.exe;cifs/printsrv01;;;;;;;;;;;C:\Windows\System32\spoolsv.exe
2026-09-13T15:08:09;DC01;kerberos;4769;;;d.fischer@DEMO.NOPCAP.NET;DEMO;;HOST/app03.demo.nopcap.net;;;;AES256;;;;;;;
2026-09-13T15:07:03;DC02;auth;4624;NTLMv2;Direct;k.lorenz;DEMO;;;VDI-053;10.14.20.24;3;;;;;;;;
2026-09-13T15:06:08;DC01;kerberos;4769;;;NB-1099$@DEMO.NOPCAP.NET;DEMO;;ldap/dc02.demo.nopcap.net;;;;AES256;;;;;;;
2026-09-13T14:52:24;DC01;kerberos;4769;;;t.hoffmann@DEMO.NOPCAP.NET;DEMO;;cifs/fs01.demo.nopcap.net;;;;AES256;;;;;;;
2026-09-13T14:50:40;DC01;kerberos;4769;;;svc_backup@DEMO.NOPCAP.NET;DEMO;;HTTP/portal.demo.nopcap.net;;;;AES256;;;;;;;
2026-09-13T14:50:21;FS01;outgoing;8001;;;svc_monitor;DEMO;lsass.exe;cifs/nas01;;;;;;;;;;;C:\Windows\System32\lsass.exe
2026-09-13T14:37:56;DC01;kerberos;4769;;;k.lorenz@DEMO.NOPCAP.NET;DEMO;;HTTP/portal.demo.nopcap.net;;;;AES256;;;;;;;
2026-09-13T14:29:11;DC01;kerberos;4769;;;VDI-066$@DEMO.NOPCAP.NET;DEMO;;HOST/app03.demo.nopcap.net;;;;AES256;;;;;;;
2026-09-13T14:29:11;DC01;kerberos;4769;;;svc_sql@DEMO.NOPCAP.NET;DEMO;;ldap/dc02.demo.nopcap.net;;;;AES256;;;;;;;
2026-09-13T14:27:58;WKS-0421;outgoing;4001;;Blocked;svc_web;DEMO;svchost.exe;ldap/dc01.demo.nopcap.net;;;;;;;;;;;C:\Windows\System32\svchost.exe
2026-09-13T14:27:27;DC01;auth;4624;NTLMv2;Direct;svc_sql;DEMO;;;WKS-0343;10.14.21.109;3;;;;;;;;
2026-09-13T14:27:23;DC01;kerberos;4769;;;svc_web@DEMO.NOPCAP.NET;DEMO;;TERMSRV/vdi-broker.demo.nopcap.net;;;;AES256;;;;;;;
2026-09-13T14:18:50;DC02;auth;4624;NTLMv2;Direct;administrator;DEMO;;;VDI-065;10.14.24.114;3;;;;;;;;
2026-09-13T14:12:44;DC01;kerberos;4769;;;NB-1362$@DEMO.NOPCAP.NET;DEMO;;ldap/dc01.demo.nopcap.net;;;;AES256;;;;;;;
2026-09-13T14:04:33;DC01;kerberos;4769;;;NB-1248$@DEMO.NOPCAP.NET;DEMO;;TERMSRV/vdi-broker.demo.nopcap.net;;;;AES256;;;;;;;
2026-09-13T13:54:27;WKS-0421;outgoing;4020;NTLMv2;Direct;j.schulz;DEMO;svchost.exe;ldap/dc01.demo.nopcap.net;;;;;Application called NTLM directly;1;Unprotected;None;;;C:\Windows\System32\svchost.exe
2026-09-13T13:46:29;DC01;kerberos;4769;;;VDI-019$@DEMO.NOPCAP.NET;DEMO;;cifs/fs01.demo.nopcap.net;;;;AES256;;;;;;;
2026-09-13T13:45:58;DC01;kerberos;4769;;;svc_sql@DEMO.NOPCAP.NET;DEMO;;ldap/dc02.demo.nopcap.net;;;;AES256;;;;;;;
2026-09-13T13:41:24;DC02;kerberos;4769;;;s.wagner@DEMO.NOPCAP.NET;DEMO;;ldap/dc01.demo.nopcap.net;;;;AES256;;;;;;;
2026-09-13T13:18:19;DC01;kerberos;4769;;;NB-1188$@DEMO.NOPCAP.NET;DEMO;;ldap/dc01.demo.nopcap.net;;;;AES256;;;;;;;
2026-09-13T13:13:37;DC01;kerberos;4769;;;WKS-0253$@DEMO.NOPCAP.NET;DEMO;;cifs/fs01.demo.nopcap.net;;;;AES256;;;;;;;
2026-09-13T13:13:27;FS01;outgoing;8001;;;svc_sql;DEMO;mmc.exe;cifs/10.14.22.31;;;;;;;;;;;C:\Windows\System32\mmc.exe
2026-09-13T13:05:59;DC01;kerberos;4769;;;NB-1158$@DEMO.NOPCAP.NET;DEMO;;ldap/dc01.demo.nopcap.net;;;;AES256;;;;;;;
2026-09-13T12:55:17;DC02;krbfail;4769;;;d.fischer@DEMO.NOPCAP.NET;DEMO;;cifs/fs01.demo.nopcap.net;;;;;;;;;;0x25;
2026-09-13T12:53:47;DC01;kerberos;4769;;;NB-1000$@DEMO.NOPCAP.NET;DEMO;;TERMSRV/vdi-broker.demo.nopcap.net;;;;AES256;;;;;;;
2026-09-13T12:46:25;DC02;kerberos;4769;;;k.lorenz@DEMO.NOPCAP.NET;DEMO;;HOST/app03.demo.nopcap.net;;;;AES256;;;;;;;
2026-09-13T12:35:32;DC01;kerberos;4769;;;m.becker@DEMO.NOPCAP.NET;DEMO;;cifs/fs01.demo.nopcap.net;;;;AES256;;;;;;;
2026-09-13T12:27:12;DC02;auth;4624;NTLMv2;Direct;administrator;DEMO;;;WKS-0896;10.14.21.94;3;;;;;;;;
2026-09-13T12:13:17;DC02;kerberos;4769;;;svc_sql@DEMO.NOPCAP.NET;DEMO;;ldap/dc01.demo.nopcap.net;;;;AES256;;;;;;;
2026-09-13T12:13:16;DC01;kerberos;4769;;;NB-1163$@DEMO.NOPCAP.NET;DEMO;;HOST/app03.demo.nopcap.net;;;;AES256;;;;;;;
2026-09-13T12:12:03;DC01;auth;4624;NTLMv2;Fallback;svc_monitor;DEMO;;;VDI-084;10.14.22.127;3;;;;;;;;
2026-09-13T12:08:09;DC02;kerberos;4769;;;svc_backup@DEMO.NOPCAP.NET;DEMO;;ldap/dc01.demo.nopcap.net;;;;AES256;;;;;;;
2026-09-13T12:00:41;DC01;kerberos;4769;;;NB-1226$@DEMO.NOPCAP.NET;DEMO;;cifs/fs01.demo.nopcap.net;;;;AES256;;;;;;;
2026-09-13T11:59:26;DC01;kerberos;4769;;;WKS-0237$@DEMO.NOPCAP.NET;DEMO;;TERMSRV/vdi-broker.demo.nopcap.net;;;;AES256;;;;;;;
2026-09-13T11:55:56;DC01;auth;4624;NTLMv2;Fallback;svc_web;DEMO;;;WKS-0254;10.14.23.113;3;;;;;;;;
2026-09-13T11:55:30;DC01;kerberos;4769;;;WKS-0477$@DEMO.NOPCAP.NET;DEMO;;ldap/dc02.demo.nopcap.net;;;;AES256;;;;;;;
2026-09-13T11:45:21;DC01;kerberos;4769;;;WKS-0469$@DEMO.NOPCAP.NET;DEMO;;MSSQLSvc/sql01.demo.nopcap.net:1433;;;;AES256;;;;;;;
2026-09-13T11:34:07;DC01;kerberos;4769;;;svc_web@DEMO.NOPCAP.NET;DEMO;;TERMSRV/vdi-broker.demo.nopcap.net;;;;RC4;;;;;;;
2026-09-13T11:24:35;FS01;outgoing;8001;;;k.lorenz;DEMO;WINWORD.EXE;cifs/fs01.demo.nopcap.net;;;;;;;;;;;C:\Program Files\Microsoft Office\root\Office16\WINWORD.EXE
2026-09-13T11:20:08;WKS-0421;outgoing;4020;NTLMv2;Direct;svc_monitor;DEMO;msedge.exe;HTTP/intranet;;;;;Target name could not be resolved by Kerberos;6;Unprotected;None;;;C:\Program Files (x86)\Microsoft\Edge\Application\msedge.exe
2026-09-13T11:14:40;DC02;kerberos;4769;;;svc_monitor@DEMO.NOPCAP.NET;DEMO;;HOST/app03.demo.nopcap.net;;;;AES256;;;;;;;
2026-09-13T11:06:45;DC02;kerberos;4769;;;p.neumann@DEMO.NOPCAP.NET;DEMO;;ldap/dc01.demo.nopcap.net;;;;AES256;;;;;;;
2026-09-13T11:05:16;DC01;kerberos;4769;;;j.schulz@DEMO.NOPCAP.NET;DEMO;;TERMSRV/vdi-broker.demo.nopcap.net;;;;AES256;;;;;;;
2026-09-13T10:59:58;DC02;kerberos;4769;;;svc_sql@DEMO.NOPCAP.NET;DEMO;;ldap/dc02.demo.nopcap.net;;;;AES256;;;;;;;
2026-09-13T10:56:46;DC01;kerberos;4769;;;VDI-024$@DEMO.NOPCAP.NET;DEMO;;TERMSRV/vdi-broker.demo.nopcap.net;;;;AES256;;;;;;;
2026-09-13T10:52:29;DC01;incoming;8003;;;p.neumann;DEMO;svchost.exe;;VDI-041;;3;;;;;;;;
2026-09-13T10:44:22;DC01;auth;4624;NTLMv1;Direct;mfp_service;DEMO;;;MFP-EG-02;10.14.30.43;3;;;;;;;;
2026-09-13T10:38:31;WKS-0421;outgoing;4020;NTLMv2;Direct;p.neumann;DEMO;powershell.exe;cifs/10.14.22.31;;;;;Target name contains an IP address;7;Unprotected;None;;;C:\Windows\System32\WindowsPowerShell\v1.0\powershell.exe
2026-09-13T10:38:11;DC01;kerberos;4769;;;WKS-0431$@DEMO.NOPCAP.NET;DEMO;;ldap/dc01.demo.nopcap.net;;;;AES256;;;;;;;
2026-09-13T10:30:58;DC01;kerberos;4769;;;NB-1005$@DEMO.NOPCAP.NET;DEMO;;HTTP/portal.demo.nopcap.net;;;;AES256;;;;;;;
2026-09-13T10:28:51;APP03;outgoing;8001;;;a.klein;DEMO;EXCEL.EXE;cifs/fs01.demo.nopcap.net;;;;;;;;;;;C:\Program Files\Microsoft Office\root\Office16\EXCEL.EXE
2026-09-13T10:24:59;DC01;kerberos;4769;;;WKS-0143$@DEMO.NOPCAP.NET;DEMO;;TERMSRV/vdi-broker.demo.nopcap.net;;;;AES256;;;;;;;
2026-09-13T10:24:45;DC02;kerberos;4769;;;svc_backup@DEMO.NOPCAP.NET;DEMO;;cifs/fs01.demo.nopcap.net;;;;AES256;;;;;;;
2026-09-13T10:22:08;DC01;kerberos;4769;;;k.lorenz@DEMO.NOPCAP.NET;DEMO;;ldap/dc01.demo.nopcap.net;;;;AES256;;;;;;;
2026-09-13T10:15:31;DC01;kerberos;4769;;;NB-1147$@DEMO.NOPCAP.NET;DEMO;;MSSQLSvc/sql01.demo.nopcap.net:1433;;;;AES256;;;;;;;
2026-09-13T09:58:47;FS01;outgoing;8001;;;svc_backup;DEMO;mmc.exe;cifs/10.14.22.31;;;;;;;;;;;C:\Windows\System32\mmc.exe
2026-09-13T09:56:35;DC01;auth;4624;NTLMv2;Direct;svc_monitor;DEMO;;;WKS-0784;10.14.24.147;3;;;;;;;;
2026-09-13T09:53:20;DC01;kerberos;4769;;;NB-1188$@DEMO.NOPCAP.NET;DEMO;;MSSQLSvc/sql01.demo.nopcap.net:1433;;;;AES256;;;;;;;
2026-09-13T09:52:59;FS01;outgoing;8001;;;k.lorenz;DEMO;msedge.exe;HTTP/intranet;;;;;;;;;;;C:\Program Files (x86)\Microsoft\Edge\Application\msedge.exe
2026-09-13T09:30:26;DC01;kerberos;4769;;;NB-1291$@DEMO.NOPCAP.NET;DEMO;;ldap/dc02.demo.nopcap.net;;;;AES256;;;;;;;
2026-09-13T09:30:12;DC01;kerberos;4769;;;NB-1281$@DEMO.NOPCAP.NET;DEMO;;ldap/dc02.demo.nopcap.net;;;;AES256;;;;;;;
2026-09-13T09:27:51;APP03;outgoing;8001;;;k.lorenz;DEMO;System;cifs/fs01.demo.nopcap.net;;;;;;;;;;;
2026-09-13T09:25:27;DC01;kerberos;4769;;;VDI-086$@DEMO.NOPCAP.NET;DEMO;;ldap/dc02.demo.nopcap.net;;;;AES256;;;;;;;
2026-09-13T09:19:01;DC02;kerberos;4769;;;m.becker@DEMO.NOPCAP.NET;DEMO;;ldap/dc02.demo.nopcap.net;;;;AES256;;;;;;;
2026-09-13T09:05:37;DC01;kerberos;4769;;;m.becker@DEMO.NOPCAP.NET;DEMO;;TERMSRV/vdi-broker.demo.nopcap.net;;;;AES256;;;;;;;
2026-09-13T09:00:12;DC01;kerberos;4769;;;a.klein@DEMO.NOPCAP.NET;DEMO;;ldap/dc02.demo.nopcap.net;;;;AES256;;;;;;;
2026-09-13T08:53:19;DC02;kerberos;4769;;;svc_monitor@DEMO.NOPCAP.NET;DEMO;;MSSQLSvc/sql01.demo.nopcap.net:1433;;;;AES256;;;;;;;
2026-09-13T08:14:40;DC01;auth;4624;NTLMv1;Direct;svc_scan;DEMO;;;MFP-EG-01;10.14.30.44;3;;;;;;;;
2026-09-13T03:26:25;FS01;outgoing;8001;;;svc_backup;DEMO;Veeam.Backup.Service.exe;cifs/nas01;;;;;;;;;;;C:\Program Files\Veeam\Backup and Replication\Backup\Veeam.Backup.Service.exe
2026-09-13T03:21:45;FS01;outgoing;8001;;;svc_backup;DEMO;Veeam.Backup.Service.exe;cifs/nas01;;;;;;;;;;;C:\Program Files\Veeam\Backup and Replication\Backup\Veeam.Backup.Service.exe
2026-09-13T03:16:07;FS01;outgoing;8001;;;svc_backup;DEMO;Veeam.Backup.Service.exe;cifs/nas01;;;;;;;;;;;C:\Program Files\Veeam\Backup and Replication\Backup\Veeam.Backup.Service.exe
2026-09-13T03:14:29;FS01;outgoing;8001;;;svc_backup;DEMO;Veeam.Backup.Service.exe;cifs/nas01;;;;;;;;;;;C:\Program Files\Veeam\Backup and Replication\Backup\Veeam.Backup.Service.exe
2026-09-13T03:09:25;FS01;outgoing;8001;;;svc_backup;DEMO;Veeam.Backup.Service.exe;cifs/nas01;;;;;;;;;;;C:\Program Files\Veeam\Backup and Replication\Backup\Veeam.Backup.Service.exe
2026-09-13T03:04:21;FS01;outgoing;8001;;;svc_backup;DEMO;Veeam.Backup.Service.exe;cifs/nas01;;;;;;;;;;;C:\Program Files\Veeam\Backup and Replication\Backup\Veeam.Backup.Service.exe
2026-09-13T03:01:33;FS01;outgoing;8001;;;svc_backup;DEMO;Veeam.Backup.Service.exe;cifs/nas01;;;;;;;;;;;C:\Program Files\Veeam\Backup and Replication\Backup\Veeam.Backup.Service.exe
2026-09-12T17:53:59;DC01;auth;4624;NTLMv2;Direct;svc_monitor;DEMO;;;VDI-076;10.14.22.161;3;;;;;;;;
2026-09-12T17:44:02;DC01;kerberos;4769;;;svc_backup@DEMO.NOPCAP.NET;DEMO;;ldap/dc01.demo.nopcap.net;;;;AES256;;;;;;;
2026-09-12T17:38:54;WKS-0421;outgoing;4001;;Blocked;d.fischer;DEMO;explorer.exe;cifs/fs01.demo.nopcap.net;;;;;;;;;;;C:\Windows\explorer.exe
2026-09-12T17:38:41;DC01;kerberos;4769;;;WKS-0823$@DEMO.NOPCAP.NET;DEMO;;HTTP/portal.demo.nopcap.net;;;;AES256;;;;;;;
2026-09-12T17:38:21;DC01;kerberos;4769;;;VDI-039$@DEMO.NOPCAP.NET;DEMO;;ldap/dc01.demo.nopcap.net;;;;AES256;;;;;;;
2026-09-12T17:29:55;DC01;kerberos;4769;;;p.neumann@DEMO.NOPCAP.NET;DEMO;;cifs/fs01.demo.nopcap.net;;;;AES256;;;;;;;
2026-09-12T17:25:40;DC02;kerberos;4769;;;p.neumann@DEMO.NOPCAP.NET;DEMO;;ldap/dc01.demo.nopcap.net;;;;AES256;;;;;;;
2026-09-12T17:22:10;WKS-0421;outgoing;4020;NTLMv2;Direct;s.wagner;DEMO;lsass.exe;cifs/nas01;;;;;Target name could not be resolved by Kerberos;6;Unprotected;None;;;C:\Windows\System32\lsass.exe
2026-09-12T17:20:12;DC01;kerberos;4769;;;svc_web@DEMO.NOPCAP.NET;DEMO;;MSSQLSvc/sql01.demo.nopcap.net:1433;;;;RC4;;;;;;;
2026-09-12T17:05:07;DC02;kerberos;4769;;;t.hoffmann@DEMO.NOPCAP.NET;DEMO;;HTTP/portal.demo.nopcap.net;;;;AES256;;;;;;;
2026-09-12T16:50:47;DC01;kerberos;4769;;;m.becker@DEMO.NOPCAP.NET;DEMO;;ldap/dc01.demo.nopcap.net;;;;AES256;;;;;;;
2026-09-12T16:49:25;DC02;kerberos;4769;;;s.wagner@DEMO.NOPCAP.NET;DEMO;;MSSQLSvc/sql01.demo.nopcap.net:1433;;;;AES256;;;;;;;
2026-09-12T16:41:29;FS01;outgoing;8001;;;a.klein;DEMO;lsass.exe;cifs/nas01;;;;;;;;;;;C:\Windows\System32\lsass.exe
2026-09-12T16:37:19;DC02;kerberos;4769;;;svc_sql@DEMO.NOPCAP.NET;DEMO;;TERMSRV/vdi-broker.demo.nopcap.net;;;;AES256;;;;;;;
2026-09-12T16:37:00;DC01;kerberos;4769;;;d.fischer@DEMO.NOPCAP.NET;DEMO;;HOST/app03.demo.nopcap.net;;;;AES256;;;;;;;
2026-09-12T16:33:33;DC02;kerberos;4769;;;s.wagner@DEMO.NOPCAP.NET;DEMO;;ldap/dc02.demo.nopcap.net;;;;AES256;;;;;;;
2026-09-12T16:27:46;DC02;kerberos;4769;;;a.klein@DEMO.NOPCAP.NET;DEMO;;HOST/app03.demo.nopcap.net;;;;AES256;;;;;;;
2026-09-12T16:26:02;DC02;auth;4624;NTLMv2;Direct;p.neumann;DEMO;;;VDI-014;10.14.20.115;3;;;;;;;;
2026-09-12T16:18:21;DC02;kerberos;4769;;;a.klein@DEMO.NOPCAP.NET;DEMO;;MSSQLSvc/sql01.demo.nopcap.net:1433;;;;AES256;;;;;;;
2026-09-12T16:12:19;DC01;auth;4624;NTLMv2;Fallback;svc_monitor;DEMO;;;WKS-0834;10.14.24.190;3;;;;;;;;
2026-09-12T16:02:53;DC01;kerberos;4769;;;s.wagner@DEMO.NOPCAP.NET;DEMO;;ldap/dc02.demo.nopcap.net;;;;AES256;;;;;;;
2026-09-12T16:02:21;DC01;kerberos;4769;;;s.wagner@DEMO.NOPCAP.NET;DEMO;;ldap/dc02.demo.nopcap.net;;;;AES256;;;;;;;
2026-09-12T16:01:15;DC01;kerberos;4769;;;administrator@DEMO.NOPCAP.NET;DEMO;;MSSQLSvc/sql01.demo.nopcap.net:1433;;;;AES256;;;;;;;
2026-09-12T15:57:55;DC01;auth;4624;NTLMv1;Direct;mfp_service;DEMO;;;MFP-EG-01;10.14.30.45;3;;;;;;;;
2026-09-12T15:55:14;DC01;kerberos;4769;;;WKS-0399$@DEMO.NOPCAP.NET;DEMO;;ldap/dc02.demo.nopcap.net;;;;AES256;;;;;;;
2026-09-12T15:50:39;DC01;kerberos;4769;;;NB-1085$@DEMO.NOPCAP.NET;DEMO;;HOST/app03.demo.nopcap.net;;;;AES256;;;;;;;
2026-09-12T15:50:33;DC01;kerberos;4769;;;NB-1326$@DEMO.NOPCAP.NET;DEMO;;cifs/fs01.demo.nopcap.net;;;;AES256;;;;;;;
2026-09-12T15:45:36;DC02;kerberos;4769;;;a.klein@DEMO.NOPCAP.NET;DEMO;;ldap/dc01.demo.nopcap.net;;;;AES256;;;;;;;
2026-09-12T15:41:16;WKS-0421;cgblock;4013;NTLMv1;Blocked;administrator;DEMO;explorer.exe;nas01;;;;;;;;;;;C:\Windows\explorer.exe
2026-09-12T15:38:29;DC01;kerberos;4769;;;WKS-0791$@DEMO.NOPCAP.NET;DEMO;;HOST/app03.demo.nopcap.net;;;;AES256;;;;;;;
2026-09-12T15:35:53;DC02;kerberos;4769;;;svc_monitor@DEMO.NOPCAP.NET;DEMO;;ldap/dc01.demo.nopcap.net;;;;AES256;;;;;;;
2026-09-12T15:25:10;WKS-0421;cgblock;4014;;Blocked;;DEMO;svchost.exe;;;;;;;;;;;;C:\Windows\System32\svchost.exe
2026-09-12T14:55:59;DC01;kerberos;4769;;;d.fischer@DEMO.NOPCAP.NET;DEMO;;ldap/dc02.demo.nopcap.net;;;;AES256;;;;;;;
2026-09-12T14:53:40;DC01;auth;4624;NTLMv2;Direct;svc_monitor;DEMO;;;VDI-062;10.14.22.47;3;;;;;;;;
2026-09-12T14:46:12;DC02;auth;4624;NTLMv2;Fallback;svc_web;DEMO;;;WKS-0690;10.14.22.72;3;;;;;;;;
2026-09-12T14:41:15;FS01;outgoing;8001;;;administrator;DEMO;msedge.exe;HTTP/intranet;;;;;;;;;;;C:\Program Files (x86)\Microsoft\Edge\Application\msedge.exe
2026-09-12T14:39:17;WKS-0421;outgoing;4020;NTLMv2;Direct;svc_monitor;DEMO;svchost.exe;ldap/dc01.demo.nopcap.net;;;;;Application called NTLM directly;1;Unprotected;None;;;C:\Windows\System32\svchost.exe
2026-09-12T14:36:58;DC01;kerberos;4769;;;NB-1329$@DEMO.NOPCAP.NET;DEMO;;ldap/dc02.demo.nopcap.net;;;;AES256;;;;;;;
2026-09-12T14:30:58;DC02;auth;4624;NTLMv2;Fallback;m.becker;DEMO;;;NB-1065;10.14.22.153;3;;;;;;;;
2026-09-12T14:27:40;DC01;kerberos;4769;;;a.klein@DEMO.NOPCAP.NET;DEMO;;HOST/app03.demo.nopcap.net;;;;AES256;;;;;;;
2026-09-12T14:25:39;DC02;kerberos;4769;;;a.klein@DEMO.NOPCAP.NET;DEMO;;cifs/fs01.demo.nopcap.net;;;;AES256;;;;;;;
2026-09-12T14:22:46;DC01;kerberos;4769;;;WKS-0482$@DEMO.NOPCAP.NET;DEMO;;MSSQLSvc/sql01.demo.nopcap.net:1433;;;;AES256;;;;;;;
2026-09-12T14:20:43;DC01;kerberos;4769;;;j.schulz@DEMO.NOPCAP.NET;DEMO;;TERMSRV/vdi-broker.demo.nopcap.net;;;;AES256;;;;;;;
2026-09-12T14:07:06;DC01;kerberos;4769;;;m.becker@DEMO.NOPCAP.NET;DEMO;;TERMSRV/vdi-broker.demo.nopcap.net;;;;AES256;;;;;;;
2026-09-12T14:04:49;DC01;kerberos;4769;;;administrator@DEMO.NOPCAP.NET;DEMO;;ldap/dc02.demo.nopcap.net;;;;AES256;;;;;;;
2026-09-12T13:59:39;DC01;kerberos;4769;;;VDI-043$@DEMO.NOPCAP.NET;DEMO;;TERMSRV/vdi-broker.demo.nopcap.net;;;;AES256;;;;;;;
2026-09-12T13:52:04;DC01;kerberos;4769;;;svc_web@DEMO.NOPCAP.NET;DEMO;;MSSQLSvc/sql01.demo.nopcap.net:1433;;;;AES256;;;;;;;
2026-09-12T13:50:07;DC01;auth;4624;NTLMv1;Direct;svc_scan;DEMO;;;MFP-EG-05;10.14.30.43;3;;;;;;;;
2026-09-12T13:48:28;DC01;kerberos;4769;;;WKS-0343$@DEMO.NOPCAP.NET;DEMO;;ldap/dc02.demo.nopcap.net;;;;AES256;;;;;;;
2026-09-12T13:47:42;DC01;kerberos;4769;;;k.lorenz@DEMO.NOPCAP.NET;DEMO;;HOST/app03.demo.nopcap.net;;;;AES256;;;;;;;
2026-09-12T13:41:27;WKS-0421;outgoing;8001;;;svc_web;DEMO;lsass.exe;cifs/nas01;;;;;;;;;;;C:\Windows\System32\lsass.exe
2026-09-12T13:36:21;DC01;kerberos;4769;;;WKS-0877$@DEMO.NOPCAP.NET;DEMO;;ldap/dc02.demo.nopcap.net;;;;AES256;;;;;;;
2026-09-12T13:35:06;DC02;kerberos;4769;;;s.wagner@DEMO.NOPCAP.NET;DEMO;;ldap/dc02.demo.nopcap.net;;;;AES256;;;;;;;
2026-09-12T13:31:33;DC01;kerberos;4769;;;NB-1156$@DEMO.NOPCAP.NET;DEMO;;TERMSRV/vdi-broker.demo.nopcap.net;;;;AES256;;;;;;;
2026-09-12T13:29:02;DC01;kerberos;4769;;;NB-1040$@DEMO.NOPCAP.NET;DEMO;;ldap/dc01.demo.nopcap.net;;;;AES256;;;;;;;
2026-09-12T13:26:27;DC02;kerberos;4769;;;svc_web@DEMO.NOPCAP.NET;DEMO;;TERMSRV/vdi-broker.demo.nopcap.net;;;;RC4;;;;;;;
2026-09-12T13:26:26;DC01;kerberos;4769;;;NB-1300$@DEMO.NOPCAP.NET;DEMO;;HOST/app03.demo.nopcap.net;;;;AES256;;;;;;;
2026-09-12T13:17:36;DC01;kerberos;4769;;;VDI-047$@DEMO.NOPCAP.NET;DEMO;;ldap/dc02.demo.nopcap.net;;;;AES256;;;;;;;
2026-09-12T13:12:49;DC01;kerberos;4769;;;administrator@DEMO.NOPCAP.NET;DEMO;;TERMSRV/vdi-broker.demo.nopcap.net;;;;AES256;;;;;;;
2026-09-12T13:08:24;DC02;kerberos;4769;;;m.becker@DEMO.NOPCAP.NET;DEMO;;HOST/app03.demo.nopcap.net;;;;AES256;;;;;;;
2026-09-12T13:05:41;DC01;kerberos;4769;;;WKS-0237$@DEMO.NOPCAP.NET;DEMO;;MSSQLSvc/sql01.demo.nopcap.net:1433;;;;AES256;;;;;;;
2026-09-12T12:57:50;DC01;kerberos;4769;;;administrator@DEMO.NOPCAP.NET;DEMO;;ldap/dc02.demo.nopcap.net;;;;AES256;;;;;;;
2026-09-12T12:56:22;DC02;kerberos;4769;;;p.neumann@DEMO.NOPCAP.NET;DEMO;;HTTP/portal.demo.nopcap.net;;;;AES256;;;;;;;
2026-09-12T12:51:16;DC01;kerberos;4769;;;VDI-058$@DEMO.NOPCAP.NET;DEMO;;TERMSRV/vdi-broker.demo.nopcap.net;;;;AES256;;;;;;;
2026-09-12T12:49:56;DC01;auth;4624;NTLMv2;Direct;t.hoffmann;DEMO;;;VDI-087;10.14.20.124;3;;;;;;;;
2026-09-12T12:41:24;DC02;auth;4624;NTLMv2;Direct;d.fischer;DEMO;;;WKS-0184;10.14.20.30;3;;;;;;;;
2026-09-12T12:33:32;DC01;kerberos;4769;;;k.lorenz@DEMO.NOPCAP.NET;DEMO;;cifs/fs01.demo.nopcap.net;;;;AES256;;;;;;;
2026-09-12T12:26:53;DC01;kerberos;4769;;;WKS-0710$@DEMO.NOPCAP.NET;DEMO;;HOST/app03.demo.nopcap.net;;;;AES256;;;;;;;
2026-09-12T12:17:50;WKS-0421;cgblock;4014;;Blocked;;DEMO;svchost.exe;;;;;;;;;;;;C:\Windows\System32\svchost.exe
2026-09-12T12:16:27;DC02;auth;4624;NTLMv2;Fallback;svc_monitor;DEMO;;;NB-1179;10.14.20.216;3;;;;;;;;
2026-09-12T12:14:46;DC01;kerberos;4769;;;NB-1261$@DEMO.NOPCAP.NET;DEMO;;HTTP/portal.demo.nopcap.net;;;;AES256;;;;;;;
2026-09-12T11:51:56;APP03;incoming;8003;;;p.neumann;DEMO;w3wp.exe;;NB-1348;;3;;;;;;;;
2026-09-12T11:48:07;DC02;kerberos;4769;;;j.schulz@DEMO.NOPCAP.NET;DEMO;;HOST/app03.demo.nopcap.net;;;;AES256;;;;;;;
2026-09-12T11:41:54;FS01;outgoing;8001;;;d.fischer;DEMO;mmc.exe;cifs/10.14.22.31;;;;;;;;;;;C:\Windows\System32\mmc.exe
2026-09-12T11:35:09;DC01;kerberos;4769;;;administrator@DEMO.NOPCAP.NET;DEMO;;HOST/app03.demo.nopcap.net;;;;AES256;;;;;;;
2026-09-12T11:28:30;APP03;outgoing;8001;;;p.neumann;DEMO;java.exe;HTTP/erp-test;;;;;;;;;;;C:\Program Files\Eclipse Adoptium\jdk-17\bin\java.exe
2026-09-12T11:12:29;DC01;kerberos;4769;;;VDI-075$@DEMO.NOPCAP.NET;DEMO;;HOST/app03.demo.nopcap.net;;;;AES256;;;;;;;
2026-09-12T11:08:55;DC01;kerberos;4769;;;NB-1112$@DEMO.NOPCAP.NET;DEMO;;ldap/dc01.demo.nopcap.net;;;;AES256;;;;;;;
2026-09-12T11:01:31;DC01;kerberos;4769;;;WKS-0336$@DEMO.NOPCAP.NET;DEMO;;HOST/app03.demo.nopcap.net;;;;AES256;;;;;;;
2026-09-12T10:52:15;DC01;auth;4624;NTLMv2;Fallback;a.klein;DEMO;;;VDI-034;10.14.22.134;3;;;;;;;;
2026-09-12T10:50:34;DC01;kerberos;4769;;;VDI-089$@DEMO.NOPCAP.NET;DEMO;;TERMSRV/vdi-broker.demo.nopcap.net;;;;AES256;;;;;;;
2026-09-12T10:41:08;DC01;kerberos;4769;;;d.fischer@DEMO.NOPCAP.NET;DEMO;;MSSQLSvc/sql01.demo.nopcap.net:1433;;;;AES256;;;;;;;
2026-09-12T10:34:56;DC01;kerberos;4769;;;WKS-0569$@DEMO.NOPCAP.NET;DEMO;;ldap/dc01.demo.nopcap.net;;;;AES256;;;;;;;
2026-09-12T10:27:20;DC01;kerberos;4769;;;k.lorenz@DEMO.NOPCAP.NET;DEMO;;ldap/dc02.demo.nopcap.net;;;;AES256;;;;;;;
2026-09-12T10:21:28;DC02;kerberos;4769;;;svc_sql@DEMO.NOPCAP.NET;DEMO;;ldap/dc01.demo.nopcap.net;;;;AES256;;;;;;;
2026-09-12T10:18:11;DC02;kerberos;4769;;;j.schulz@DEMO.NOPCAP.NET;DEMO;;HOST/app03.demo.nopcap.net;;;;AES256;;;;;;;
2026-09-12T10:09:49;APP03;outgoing;8001;;;s.wagner;DEMO;explorer.exe;cifs/fs01.demo.nopcap.net;;;;;;;;;;;C:\Windows\explorer.exe
2026-09-12T10:05:20;APP03;outgoing;8001;;;j.schulz;DEMO;java.exe;HTTP/erp-test;;;;;;;;;;;C:\Program Files\Eclipse Adoptium\jdk-17\bin\java.exe
2026-09-12T10:01:15;DC02;kerberos;4769;;;svc_sql@DEMO.NOPCAP.NET;DEMO;;TERMSRV/vdi-broker.demo.nopcap.net;;;;AES256;;;;;;;
2026-09-12T10:00:37;DC01;kerberos;4769;;;WKS-0111$@DEMO.NOPCAP.NET;DEMO;;cifs/fs01.demo.nopcap.net;;;;AES256;;;;;;;
2026-09-12T09:52:37;DC01;kerberos;4769;;;svc_backup@DEMO.NOPCAP.NET;DEMO;;cifs/fs01.demo.nopcap.net;;;;AES256;;;;;;;
2026-09-12T09:47:18;DC01;kerberos;4769;;;VDI-065$@DEMO.NOPCAP.NET;DEMO;;ldap/dc01.demo.nopcap.net;;;;AES256;;;;;;;
2026-09-12T09:45:41;DC01;kerberos;4769;;;NB-1323$@DEMO.NOPCAP.NET;DEMO;;HOST/app03.demo.nopcap.net;;;;AES256;;;;;;;
2026-09-12T09:44:02;DC01;kerberos;4769;;;WKS-0440$@DEMO.NOPCAP.NET;DEMO;;HTTP/portal.demo.nopcap.net;;;;AES256;;;;;;;
2026-09-12T09:34:25;DC01;kerberos;4769;;;j.schulz@DEMO.NOPCAP.NET;DEMO;;HTTP/portal.demo.nopcap.net;;;;AES256;;;;;;;
2026-09-12T09:32:51;DC02;kerberos;4769;;;t.hoffmann@DEMO.NOPCAP.NET;DEMO;;ldap/dc02.demo.nopcap.net;;;;AES256;;;;;;;
2026-09-12T09:03:59;DC01;kerberos;4769;;;svc_backup@DEMO.NOPCAP.NET;DEMO;;ldap/dc02.demo.nopcap.net;;;;AES256;;;;;;;
2026-09-12T09:01:24;DC02;kerberos;4769;;;svc_backup@DEMO.NOPCAP.NET;DEMO;;MSSQLSvc/sql01.demo.nopcap.net:1433;;;;AES256;;;;;;;
2026-09-12T08:53:23;DC01;kerberos;4769;;;t.hoffmann@DEMO.NOPCAP.NET;DEMO;;MSSQLSvc/sql01.demo.nopcap.net:1433;;;;AES256;;;;;;;
2026-09-12T08:31:03;DC01;kerberos;4769;;;VDI-076$@DEMO.NOPCAP.NET;DEMO;;cifs/fs01.demo.nopcap.net;;;;AES256;;;;;;;
2026-09-12T08:26:38;DC01;auth;4624;NTLMv1;Direct;svc_scan;DEMO;;;MFP-EG-01;10.14.30.40;3;;;;;;;;
2026-09-12T08:26:03;DC02;kerberos;4769;;;svc_sql@DEMO.NOPCAP.NET;DEMO;;HTTP/portal.demo.nopcap.net;;;;AES256;;;;;;;
2026-09-12T08:23:11;DC02;kerberos;4769;;;svc_sql@DEMO.NOPCAP.NET;DEMO;;HTTP/portal.demo.nopcap.net;;;;AES256;;;;;;;
2026-09-12T08:14:05;DC02;auth;4624;NTLMv2;Direct;svc_backup;DEMO;;;WKS-0202;10.14.21.39;3;;;;;;;;
2026-09-12T08:05:59;DC01;kerberos;4769;;;svc_web@DEMO.NOPCAP.NET;DEMO;;HOST/app03.demo.nopcap.net;;;;AES256;;;;;;;
2026-09-11T17:59:08;DC01;kerberos;4769;;;k.lorenz@DEMO.NOPCAP.NET;DEMO;;MSSQLSvc/sql01.demo.nopcap.net:1433;;;;AES256;;;;;;;
2026-09-11T17:56:39;DC01;kerberos;4769;;;administrator@DEMO.NOPCAP.NET;DEMO;;ldap/dc02.demo.nopcap.net;;;;AES256;;;;;;;
2026-09-11T17:54:50;DC01;kerberos;4769;;;WKS-0709$@DEMO.NOPCAP.NET;DEMO;;HTTP/portal.demo.nopcap.net;;;;AES256;;;;;;;
2026-09-11T17:51:17;DC01;kerberos;4769;;;WKS-0132$@DEMO.NOPCAP.NET;DEMO;;TERMSRV/vdi-broker.demo.nopcap.net;;;;AES256;;;;;;;
2026-09-11T17:49:14;WKS-0421;outgoing;4020;NTLMv2;Direct;m.becker;DEMO;robocopy.exe;cifs/archive01;;;;;Target name could not be resolved by Kerberos;6;Unprotected;None;;;C:\Windows\System32\robocopy.exe
2026-09-11T17:49:02;WKS-0421;outgoing;4001;;Blocked;k.lorenz;DEMO;System;cifs/fs01.demo.nopcap.net;;;;;;;;;;;
2026-09-11T17:40:39;FS01;outgoing;8001;;;k.lorenz;DEMO;System;cifs/fs01.demo.nopcap.net;;;;;;;;;;;
2026-09-11T17:39:05;DC01;kerberos;4769;;;administrator@DEMO.NOPCAP.NET;DEMO;;ldap/dc01.demo.nopcap.net;;;;AES256;;;;;;;
2026-09-11T17:34:23;DC01;kerberos;4769;;;j.schulz@DEMO.NOPCAP.NET;DEMO;;HOST/app03.demo.nopcap.net;;;;AES256;;;;;;;
2026-09-11T17:33:46;WKS-0421;outgoing;4020;NTLMv2;Direct;k.lorenz;DEMO;explorer.exe;cifs/fs01.demo.nopcap.net;;;;;Application called NTLM directly;1;Unprotected;None;;;C:\Windows\explorer.exe
2026-09-11T17:33:19;DC01;kerberos;4769;;;svc_sql@DEMO.NOPCAP.NET;DEMO;;ldap/dc01.demo.nopcap.net;;;;AES256;;;;;;;
2026-09-11T17:25:41;WKS-0421;cgblock;4013;NTLMv1;Blocked;j.schulz;DEMO;explorer.exe;nas01;;;;;;;;;;;C:\Windows\explorer.exe
2026-09-11T17:24:38;APP03;outgoing;8001;;;svc_monitor;DEMO;System;cifs/fs01.demo.nopcap.net;;;;;;;;;;;
2026-09-11T17:23:13;DC02;krbfail;4769;;;administrator@DEMO.NOPCAP.NET;DEMO;;cifs/nas01;;;;;;;;;;0x7;
2026-09-11T17:20:12;DC01;kerberos;4769;;;WKS-0268$@DEMO.NOPCAP.NET;DEMO;;HTTP/portal.demo.nopcap.net;;;;AES256;;;;;;;
2026-09-11T17:20:06;DC01;kerberos;4769;;;t.hoffmann@DEMO.NOPCAP.NET;DEMO;;ldap/dc01.demo.nopcap.net;;;;AES256;;;;;;;
2026-09-11T17:16:33;DC02;kerberos;4769;;;d.fischer@DEMO.NOPCAP.NET;DEMO;;ldap/dc01.demo.nopcap.net;;;;AES256;;;;;;;
2026-09-11T17:12:36;FS01;outgoing;8001;;;administrator;DEMO;lsass.exe;cifs/nas01;;;;;;;;;;;C:\Windows\System32\lsass.exe
2026-09-11T17:09:25;DC02;kerberos;4769;;;p.neumann@DEMO.NOPCAP.NET;DEMO;;ldap/dc02.demo.nopcap.net;;;;AES256;;;;;;;
2026-09-11T17:07:37;DC01;auth;4624;NTLMv2;Fallback;svc_backup;DEMO;;;WKS-0663;10.14.20.223;3;;;;;;;;
2026-09-11T17:07:19;DC02;kerberos;4769;;;t.hoffmann@DEMO.NOPCAP.NET;DEMO;;cifs/fs01.demo.nopcap.net;;;;AES256;;;;;;;
2026-09-11T17:07:03;DC01;auth;4624;NTLMv2;Direct;svc_backup;DEMO;;;VDI-076;10.14.25.153;3;;;;;;;;
2026-09-11T17:05:49;DC01;kerberos;4769;;;p.neumann@DEMO.NOPCAP.NET;DEMO;;TERMSRV/vdi-broker.demo.nopcap.net;;;;AES256;;;;;;;
2026-09-11T16:54:11;DC01;kerberos;4769;;;p.neumann@DEMO.NOPCAP.NET;DEMO;;cifs/fs01.demo.nopcap.net;;;;AES256;;;;;;;
2026-09-11T16:49:57;DC02;kerberos;4769;;;s.wagner@DEMO.NOPCAP.NET;DEMO;;MSSQLSvc/sql01.demo.nopcap.net:1433;;;;AES256;;;;;;;
2026-09-11T16:48:59;DC01;kerberos;4769;;;NB-1093$@DEMO.NOPCAP.NET;DEMO;;MSSQLSvc/sql01.demo.nopcap.net:1433;;;;AES256;;;;;;;
2026-09-11T16:48:58;DC01;kerberos;4769;;;j.schulz@DEMO.NOPCAP.NET;DEMO;;HOST/app03.demo.nopcap.net;;;;AES256;;;;;;;
2026-09-11T16:46:55;DC02;kerberos;4769;;;svc_monitor@DEMO.NOPCAP.NET;DEMO;;HOST/app03.demo.nopcap.net;;;;AES256;;;;;;;
2026-09-11T16:43:11;DC02;kerberos;4769;;;svc_web@DEMO.NOPCAP.NET;DEMO;;ldap/dc01.demo.nopcap.net;;;;AES256;;;;;;;
2026-09-11T16:41:04;DC01;kerberos;4769;;;a.klein@DEMO.NOPCAP.NET;DEMO;;cifs/fs01.demo.nopcap.net;;;;AES256;;;;;;;
2026-09-11T16:38:23;DC02;kerberos;4769;;;m.becker@DEMO.NOPCAP.NET;DEMO;;HTTP/portal.demo.nopcap.net;;;;AES256;;;;;;;
2026-09-11T16:37:58;DC01;kerberos;4769;;;svc_monitor@DEMO.NOPCAP.NET;DEMO;;HTTP/portal.demo.nopcap.net;;;;AES256;;;;;;;
2026-09-11T16:36:50;DC01;kerberos;4769;;;NB-1325$@DEMO.NOPCAP.NET;DEMO;;HTTP/portal.demo.nopcap.net;;;;AES256;;;;;;;
2026-09-11T16:35:08;DC01;kerberos;4769;;;WKS-0597$@DEMO.NOPCAP.NET;DEMO;;ldap/dc02.demo.nopcap.net;;;;AES256;;;;;;;
2026-09-11T16:33:28;DC02;kerberos;4769;;;administrator@DEMO.NOPCAP.NET;DEMO;;MSSQLSvc/sql01.demo.nopcap.net:1433;;;;AES256;;;;;;;
2026-09-11T16:31:54;DC01;kerberos;4769;;;NB-1074$@DEMO.NOPCAP.NET;DEMO;;TERMSRV/vdi-broker.demo.nopcap.net;;;;AES256;;;;;;;
2026-09-11T16:27:22;DC02;kerberos;4769;;;svc_web@DEMO.NOPCAP.NET;DEMO;;TERMSRV/vdi-broker.demo.nopcap.net;;;;RC4;;;;;;;
2026-09-11T16:27:13;DC02;domain;8004;;;d.fischer;DEMO;;FS01;NB-1253;;;;;;;;;;
2026-09-11T16:26:50;DC01;kerberos;4769;;;svc_web@DEMO.NOPCAP.NET;DEMO;;ldap/dc02.demo.nopcap.net;;;;RC4;;;;;;;
2026-09-11T16:24:27;DC02;kerberos;4769;;;a.klein@DEMO.NOPCAP.NET;DEMO;;ldap/dc02.demo.nopcap.net;;;;AES256;;;;;;;
2026-09-11T16:22:57;DC01;kerberos;4769;;;VDI-062$@DEMO.NOPCAP.NET;DEMO;;HOST/app03.demo.nopcap.net;;;;AES256;;;;;;;
2026-09-11T16:22:21;DC02;kerberos;4769;;;k.lorenz@DEMO.NOPCAP.NET;DEMO;;HOST/app03.demo.nopcap.net;;;;AES256;;;;;;;
2026-09-11T16:22:14;DC01;kerberos;4769;;;m.becker@DEMO.NOPCAP.NET;DEMO;;ldap/dc01.demo.nopcap.net;;;;AES256;;;;;;;
2026-09-11T16:18:12;DC01;kerberos;4769;;;NB-1391$@DEMO.NOPCAP.NET;DEMO;;MSSQLSvc/sql01.demo.nopcap.net:1433;;;;AES256;;;;;;;
2026-09-11T16:13:05;DC01;kerberos;4769;;;m.becker@DEMO.NOPCAP.NET;DEMO;;HTTP/portal.demo.nopcap.net;;;;AES256;;;;;;;
2026-09-11T16:12:28;DC02;kerberos;4769;;;svc_web@DEMO.NOPCAP.NET;DEMO;;TERMSRV/vdi-broker.demo.nopcap.net;;;;AES256;;;;;;;
2026-09-11T16:11:46;DC02;kerberos;4769;;;a.klein@DEMO.NOPCAP.NET;DEMO;;ldap/dc01.demo.nopcap.net;;;;AES256;;;;;;;
2026-09-11T16:10:41;DC01;kerberos;4769;;;m.becker@DEMO.NOPCAP.NET;DEMO;;cifs/fs01.demo.nopcap.net;;;;AES256;;;;;;;
2026-09-11T16:08:21;DC01;kerberos;4769;;;VDI-044$@DEMO.NOPCAP.NET;DEMO;;TERMSRV/vdi-broker.demo.nopcap.net;;;;AES256;;;;;;;
2026-09-11T16:06:25;DC02;kerberos;4769;;;svc_sql@DEMO.NOPCAP.NET;DEMO;;HTTP/portal.demo.nopcap.net;;;;AES256;;;;;;;
2026-09-11T16:05:50;DC01;kerberos;4769;;;NB-1038$@DEMO.NOPCAP.NET;DEMO;;TERMSRV/vdi-broker.demo.nopcap.net;;;;AES256;;;;;;;
2026-09-11T16:03:38;DC01;kerberos;4769;;;NB-1169$@DEMO.NOPCAP.NET;DEMO;;cifs/fs01.demo.nopcap.net;;;;AES256;;;;;;;
2026-09-11T16:02:55;DC02;kerberos;4769;;;svc_web@DEMO.NOPCAP.NET;DEMO;;TERMSRV/vdi-broker.demo.nopcap.net;;;;RC4;;;;;;;
2026-09-11T16:02:28;DC02;kerberos;4769;;;d.fischer@DEMO.NOPCAP.NET;DEMO;;TERMSRV/vdi-broker.demo.nopcap.net;;;;AES256;;;;;;;
2026-09-11T16:00:19;DC02;kerberos;4769;;;svc_monitor@DEMO.NOPCAP.NET;DEMO;;ldap/dc02.demo.nopcap.net;;;;AES256;;;;;;;
2026-09-11T15:59:33;DC02;kerberos;4769;;;j.schulz@DEMO.NOPCAP.NET;DEMO;;cifs/fs01.demo.nopcap.net;;;;AES256;;;;;;;
2026-09-11T15:59:03;WKS-0421;outgoing;4020;NTLMv2;Direct;m.becker;DEMO;explorer.exe;cifs/fs01.demo.nopcap.net;;;;;Application called NTLM directly;1;Unprotected;None;;;C:\Windows\explorer.exe
2026-09-11T15:58:45;DC01;kerberos;4769;;;s.wagner@DEMO.NOPCAP.NET;DEMO;;TERMSRV/vdi-broker.demo.nopcap.net;;;;AES256;;;;;;;
2026-09-11T15:55:54;DC01;incoming;8002;;;APP03$;DEMO;System;;;;;;;;;;;;
2026-09-11T15:51:58;DC01;kerberos;4769;;;WKS-0887$@DEMO.NOPCAP.NET;DEMO;;cifs/fs01.demo.nopcap.net;;;;AES256;;;;;;;
2026-09-11T15:47:32;DC01;kerberos;4769;;;WKS-0255$@DEMO.NOPCAP.NET;DEMO;;MSSQLSvc/sql01.demo.nopcap.net:1433;;;;AES256;;;;;;;
2026-09-11T15:46:11;DC01;kerberos;4769;;;VDI-060$@DEMO.NOPCAP.NET;DEMO;;TERMSRV/vdi-broker.demo.nopcap.net;;;;AES256;;;;;;;
2026-09-11T15:44:02;FS01;outgoing;8001;;;k.lorenz;DEMO;WINWORD.EXE;cifs/fs01.demo.nopcap.net;;;;;;;;;;;C:\Program Files\Microsoft Office\root\Office16\WINWORD.EXE
2026-09-11T15:42:35;FS01;outgoing;8001;;;m.becker;DEMO;svchost.exe;ldap/dc01.demo.nopcap.net;;;;;;;;;;;C:\Windows\System32\svchost.exe
2026-09-11T15:40:31;DC02;kerberos;4769;;;m.becker@DEMO.NOPCAP.NET;DEMO;;cifs/fs01.demo.nopcap.net;;;;AES256;;;;;;;
2026-09-11T15:36:05;DC02;kerberos;4769;;;p.neumann@DEMO.NOPCAP.NET;DEMO;;cifs/fs01.demo.nopcap.net;;;;AES256;;;;;;;
2026-09-11T15:35:42;DC01;kerberos;4769;;;VDI-054$@DEMO.NOPCAP.NET;DEMO;;MSSQLSvc/sql01.demo.nopcap.net:1433;;;;AES256;;;;;;;
2026-09-11T15:34:05;DC01;kerberos;4769;;;svc_backup@DEMO.NOPCAP.NET;DEMO;;MSSQLSvc/sql01.demo.nopcap.net:1433;;;;AES256;;;;;;;
2026-09-11T15:29:39;DC01;auth;4624;NTLMv2;Direct;d.fischer;DEMO;;;NB-1189;10.14.22.42;3;;;;;;;;
2026-09-11T15:29:24;DC01;kerberos;4769;;;WKS-0566$@DEMO.NOPCAP.NET;DEMO;;cifs/fs01.demo.nopcap.net;;;;AES256;;;;;;;
2026-09-11T15:27:59;DC02;kerberos;4769;;;svc_monitor@DEMO.NOPCAP.NET;DEMO;;MSSQLSvc/sql01.demo.nopcap.net:1433;;;;AES256;;;;;;;
2026-09-11T15:26:51;DC01;kerberos;4769;;;administrator@DEMO.NOPCAP.NET;DEMO;;MSSQLSvc/sql01.demo.nopcap.net:1433;;;;AES256;;;;;;;
2026-09-11T15:20:43;WKS-0421;outgoing;4001;;Blocked;administrator;DEMO;lsass.exe;cifs/nas01;;;;;;;;;;;C:\Windows\System32\lsass.exe
2026-09-11T15:19:29;DC01;domain;4032;NTLMv2;;d.fischer;DEMO;;APP03;WKS-0299;;;;;;;;Windows Server 2016 Standard;;
2026-09-11T15:17:06;DC02;kerberos;4769;;;svc_sql@DEMO.NOPCAP.NET;DEMO;;HTTP/portal.demo.nopcap.net;;;;AES256;;;;;;;
2026-09-11T15:16:01;DC02;kerberos;4769;;;t.hoffmann@DEMO.NOPCAP.NET;DEMO;;ldap/dc02.demo.nopcap.net;;;;AES256;;;;;;;
2026-09-11T15:14:56;DC01;kerberos;4769;;;WKS-0681$@DEMO.NOPCAP.NET;DEMO;;HTTP/portal.demo.nopcap.net;;;;AES256;;;;;;;
2026-09-11T15:13:44;DC01;auth;4624;NTLMv2;Direct;svc_web;DEMO;;;WKS-0369;10.14.20.245;3;;;;;;;;
2026-09-11T15:12:44;APP03;outgoing;8001;;;s.wagner;DEMO;wsmprovhost.exe;HOST/app03;;;;;;;;;;;C:\Windows\System32\wsmprovhost.exe
2026-09-11T15:12:04;DC01;kerberos;4769;;;svc_backup@DEMO.NOPCAP.NET;DEMO;;HTTP/portal.demo.nopcap.net;;;;AES256;;;;;;;
2026-09-11T15:08:28;DC01;auth;4624;NTLMv2;Direct;p.neumann;DEMO;;;VDI-039;10.14.23.104;3;;;;;;;;
2026-09-11T15:05:50;WKS-0421;outgoing;4020;NTLMv2;Direct;k.lorenz;DEMO;explorer.exe;cifs/fs01.demo.nopcap.net;;;;;Application called NTLM directly;1;Unprotected;None;;;C:\Windows\explorer.exe
2026-09-11T15:04:13;DC01;auth;4624;NTLMv2;Direct;administrator;DEMO;;;NB-1216;10.14.23.117;3;;;;;;;;
2026-09-11T15:02:51;DC01;kerberos;4769;;;VDI-077$@DEMO.NOPCAP.NET;DEMO;;cifs/fs01.demo.nopcap.net;;;;AES256;;;;;;;
2026-09-11T15:02:23;DC02;auth;4624;NTLMv2;Fallback;t.hoffmann;DEMO;;;NB-1367;10.14.24.159;3;;;;;;;;
2026-09-11T14:59:12;WKS-0421;outgoing;4020;NTLMv2;Direct;j.schulz;DEMO;lsass.exe;cifs/nas01;;;;;Target name could not be resolved by Kerberos;6;Unprotected;None;;;C:\Windows\System32\lsass.exe
2026-09-11T14:57:22;DC01;kerberos;4769;;;NB-1055$@DEMO.NOPCAP.NET;DEMO;;HTTP/portal.demo.nopcap.net;;;;AES256;;;;;;;
2026-09-11T14:53:21;DC02;kerberos;4769;;;s.wagner@DEMO.NOPCAP.NET;DEMO;;HOST/app03.demo.nopcap.net;;;;AES256;;;;;;;
2026-09-11T14:50:41;DC01;kerberos;4769;;;VDI-032$@DEMO.NOPCAP.NET;DEMO;;ldap/dc02.demo.nopcap.net;;;;AES256;;;;;;;
2026-09-11T14:40:42;DC01;kerberos;4769;;;WKS-0860$@DEMO.NOPCAP.NET;DEMO;;cifs/fs01.demo.nopcap.net;;;;AES256;;;;;;;
2026-09-11T14:27:41;DC01;domain;8004;;;j.schulz;DEMO;;ERP-TEST;WKS-0468;;;;;;;;;;
2026-09-11T14:26:53;DC01;kerberos;4769;;;t.hoffmann@DEMO.NOPCAP.NET;DEMO;;HOST/app03.demo.nopcap.net;;;;AES256;;;;;;;
2026-09-11T14:26:21;APP03;outgoing;8001;;;svc_backup;DEMO;System;cifs/fs01.demo.nopcap.net;;;;;;;;;;;
2026-09-11T14:23:32;DC02;kerberos;4769;;;administrator@DEMO.NOPCAP.NET;DEMO;;ldap/dc01.demo.nopcap.net;;;;AES256;;;;;;;
2026-09-11T14:23:08;DC02;kerberos;4769;;;k.lorenz@DEMO.NOPCAP.NET;DEMO;;TERMSRV/vdi-broker.demo.nopcap.net;;;;AES256;;;;;;;
2026-09-11T14:22:58;DC02;kerberos;4769;;;d.fischer@DEMO.NOPCAP.NET;DEMO;;MSSQLSvc/sql01.demo.nopcap.net:1433;;;;AES256;;;;;;;
2026-09-11T14:21:40;DC01;kerberos;4769;;;s.wagner@DEMO.NOPCAP.NET;DEMO;;TERMSRV/vdi-broker.demo.nopcap.net;;;;AES256;;;;;;;
2026-09-11T14:15:32;DC02;kerberos;4769;;;t.hoffmann@DEMO.NOPCAP.NET;DEMO;;cifs/fs01.demo.nopcap.net;;;;AES256;;;;;;;
2026-09-11T14:14:43;WKS-0421;outgoing;4001;;Blocked;j.schulz;DEMO;mmc.exe;cifs/10.14.22.31;;;;;;;;;;;C:\Windows\System32\mmc.exe
2026-09-11T14:14:04;DC02;auth;4624;NTLMv2;Direct;s.wagner;DEMO;;;NB-1216;10.14.21.100;3;;;;;;;;
2026-09-11T14:09:43;DC01;kerberos;4769;;;svc_web@DEMO.NOPCAP.NET;DEMO;;cifs/fs01.demo.nopcap.net;;;;RC4;;;;;;;
2026-09-11T14:07:18;DC01;kerberos;4769;;;d.fischer@DEMO.NOPCAP.NET;DEMO;;HOST/app03.demo.nopcap.net;;;;AES256;;;;;;;
2026-09-11T14:07:08;DC02;kerberos;4769;;;d.fischer@DEMO.NOPCAP.NET;DEMO;;ldap/dc01.demo.nopcap.net;;;;AES256;;;;;;;
2026-09-11T14:02:59;DC01;domain;8004;;;svc_backup;DEMO;;NAS01;VDI-053;;;;;;;;;;
2026-09-11T14:02:41;DC01;kerberos;4769;;;NB-1078$@DEMO.NOPCAP.NET;DEMO;;TERMSRV/vdi-broker.demo.nopcap.net;;;;AES256;;;;;;;
2026-09-11T14:01:07;DC02;kerberos;4769;;;svc_sql@DEMO.NOPCAP.NET;DEMO;;HTTP/portal.demo.nopcap.net;;;;AES256;;;;;;;
2026-09-11T14:00:44;FS01;outgoing;8001;;;svc_backup;DEMO;explorer.exe;cifs/fs01.demo.nopcap.net;;;;;;;;;;;C:\Windows\explorer.exe
2026-09-11T13:56:52;DC01;kerberos;4769;;;svc_web@DEMO.NOPCAP.NET;DEMO;;MSSQLSvc/sql01.demo.nopcap.net:1433;;;;RC4;;;;;;;
2026-09-11T13:55:08;DC01;kerberos;4769;;;NB-1208$@DEMO.NOPCAP.NET;DEMO;;HTTP/portal.demo.nopcap.net;;;;AES256;;;;;;;
2026-09-11T13:54:25;DC02;kerberos;4769;;;d.fischer@DEMO.NOPCAP.NET;DEMO;;MSSQLSvc/sql01.demo.nopcap.net:1433;;;;AES256;;;;;;;
2026-09-11T13:46:10;DC01;kerberos;4769;;;VDI-051$@DEMO.NOPCAP.NET;DEMO;;HTTP/portal.demo.nopcap.net;;;;AES256;;;;;;;
2026-09-11T13:46:01;WKS-0421;cgblock;4014;;Blocked;;DEMO;svchost.exe;;;;;;;;;;;;C:\Windows\System32\svchost.exe
2026-09-11T13:38:15;DC01;kerberos;4769;;;svc_monitor@DEMO.NOPCAP.NET;DEMO;;HTTP/portal.demo.nopcap.net;;;;AES256;;;;;;;
2026-09-11T13:37:41;APP03;outgoing;8001;;;t.hoffmann;DEMO;mmc.exe;cifs/10.14.22.31;;;;;;;;;;;C:\Windows\System32\mmc.exe
2026-09-11T13:37:34;DC01;kerberos;4769;;;j.schulz@DEMO.NOPCAP.NET;DEMO;;ldap/dc01.demo.nopcap.net;;;;AES256;;;;;;;
2026-09-11T13:35:47;DC02;kerberos;4769;;;k.lorenz@DEMO.NOPCAP.NET;DEMO;;HTTP/portal.demo.nopcap.net;;;;AES256;;;;;;;
2026-09-11T13:34:35;DC01;kerberos;4769;;;s.wagner@DEMO.NOPCAP.NET;DEMO;;TERMSRV/vdi-broker.demo.nopcap.net;;;;AES256;;;;;;;
2026-09-11T13:33:12;DC01;kerberos;4769;;;NB-1289$@DEMO.NOPCAP.NET;DEMO;;MSSQLSvc/sql01.demo.nopcap.net:1433;;;;AES256;;;;;;;
2026-09-11T13:30:38;DC02;kerberos;4769;;;m.becker@DEMO.NOPCAP.NET;DEMO;;MSSQLSvc/sql01.demo.nopcap.net:1433;;;;AES256;;;;;;;
2026-09-11T13:30:04;DC01;kerberos;4769;;;NB-1186$@DEMO.NOPCAP.NET;DEMO;;MSSQLSvc/sql01.demo.nopcap.net:1433;;;;AES256;;;;;;;
2026-09-11T13:29:08;FS01;outgoing;8001;;;p.neumann;DEMO;mmc.exe;cifs/10.14.22.31;;;;;;;;;;;C:\Windows\System32\mmc.exe
2026-09-11T13:21:14;DC01;kerberos;4769;;;s.wagner@DEMO.NOPCAP.NET;DEMO;;ldap/dc01.demo.nopcap.net;;;;AES256;;;;;;;
2026-09-11T13:19:47;DC01;auth;4624;NTLMv2;Direct;d.fischer;DEMO;;;VDI-044;10.14.25.160;3;;;;;;;;
2026-09-11T13:15:44;DC02;kerberos;4769;;;t.hoffmann@DEMO.NOPCAP.NET;DEMO;;ldap/dc01.demo.nopcap.net;;;;AES256;;;;;;;
2026-09-11T13:14:40;DC02;kerberos;4769;;;svc_web@DEMO.NOPCAP.NET;DEMO;;MSSQLSvc/sql01.demo.nopcap.net:1433;;;;AES256;;;;;;;
2026-09-11T13:12:44;DC02;kerberos;4769;;;m.becker@DEMO.NOPCAP.NET;DEMO;;HTTP/portal.demo.nopcap.net;;;;AES256;;;;;;;
2026-09-11T13:11:15;DC02;kerberos;4769;;;svc_monitor@DEMO.NOPCAP.NET;DEMO;;MSSQLSvc/sql01.demo.nopcap.net:1433;;;;AES256;;;;;;;
2026-09-11T13:09:51;DC02;kerberos;4769;;;t.hoffmann@DEMO.NOPCAP.NET;DEMO;;HOST/app03.demo.nopcap.net;;;;AES256;;;;;;;
2026-09-11T13:09:30;DC02;kerberos;4769;;;svc_web@DEMO.NOPCAP.NET;DEMO;;HOST/app03.demo.nopcap.net;;;;RC4;;;;;;;
2026-09-11T13:01:50;WKS-0421;outgoing;4020;NTLMv2;Direct;svc_web;DEMO;lsass.exe;cifs/nas01;;;;;Target name could not be resolved by Kerberos;6;Unprotected;None;;;C:\Windows\System32\lsass.exe
2026-09-11T13:00:22;DC01;kerberos;4769;;;WKS-0814$@DEMO.NOPCAP.NET;DEMO;;TERMSRV/vdi-broker.demo.nopcap.net;;;;AES256;;;;;;;
2026-09-11T13:00:21;DC01;kerberos;4769;;;NB-1070$@DEMO.NOPCAP.NET;DEMO;;ldap/dc01.demo.nopcap.net;;;;AES256;;;;;;;
2026-09-11T12:58:17;DC02;kerberos;4769;;;a.klein@DEMO.NOPCAP.NET;DEMO;;ldap/dc02.demo.nopcap.net;;;;AES256;;;;;;;
2026-09-11T12:57:08;DC01;kerberos;4769;;;VDI-070$@DEMO.NOPCAP.NET;DEMO;;ldap/dc01.demo.nopcap.net;;;;AES256;;;;;;;
2026-09-11T12:55:05;DC01;kerberos;4769;;;j.schulz@DEMO.NOPCAP.NET;DEMO;;ldap/dc02.demo.nopcap.net;;;;AES256;;;;;;;
2026-09-11T12:54:46;DC02;kerberos;4769;;;svc_web@DEMO.NOPCAP.NET;DEMO;;TERMSRV/vdi-broker.demo.nopcap.net;;;;RC4;;;;;;;
2026-09-11T12:54:39;DC01;kerberos;4769;;;NB-1046$@DEMO.NOPCAP.NET;DEMO;;MSSQLSvc/sql01.demo.nopcap.net:1433;;;;AES256;;;;;;;
2026-09-11T12:53:40;DC01;kerberos;4769;;;t.hoffmann@DEMO.NOPCAP.NET;DEMO;;TERMSRV/vdi-broker.demo.nopcap.net;;;;AES256;;;;;;;
2026-09-11T12:51:39;DC02;kerberos;4769;;;svc_sql@DEMO.NOPCAP.NET;DEMO;;cifs/fs01.demo.nopcap.net;;;;AES256;;;;;;;
2026-09-11T12:49:44;DC02;kerberos;4769;;;t.hoffmann@DEMO.NOPCAP.NET;DEMO;;ldap/dc01.demo.nopcap.net;;;;AES256;;;;;;;
2026-09-11T12:45:25;DC01;kerberos;4769;;;NB-1387$@DEMO.NOPCAP.NET;DEMO;;MSSQLSvc/sql01.demo.nopcap.net:1433;;;;AES256;;;;;;;
2026-09-11T12:39:51;DC01;kerberos;4769;;;NB-1089$@DEMO.NOPCAP.NET;DEMO;;MSSQLSvc/sql01.demo.nopcap.net:1433;;;;AES256;;;;;;;
2026-09-11T12:37:47;DC01;kerberos;4769;;;svc_web@DEMO.NOPCAP.NET;DEMO;;HTTP/portal.demo.nopcap.net;;;;RC4;;;;;;;
2026-09-11T12:36:11;DC01;domain;8004;;;t.hoffmann;DEMO;;ARCHIVE01;VDI-027;;;;;;;;;;
2026-09-11T12:34:32;DC01;kerberos;4769;;;NB-1156$@DEMO.NOPCAP.NET;DEMO;;HOST/app03.demo.nopcap.net;;;;AES256;;;;;;;
2026-09-11T12:32:04;DC01;kerberos;4769;;;NB-1379$@DEMO.NOPCAP.NET;DEMO;;ldap/dc02.demo.nopcap.net;;;;AES256;;;;;;;
2026-09-11T12:30:50;DC01;kerberos;4769;;;j.schulz@DEMO.NOPCAP.NET;DEMO;;MSSQLSvc/sql01.demo.nopcap.net:1433;;;;AES256;;;;;;;
2026-09-11T12:28:57;DC01;kerberos;4769;;;VDI-041$@DEMO.NOPCAP.NET;DEMO;;MSSQLSvc/sql01.demo.nopcap.net:1433;;;;AES256;;;;;;;
2026-09-11T12:26:20;APP03;outgoing;8001;;;svc_sql;DEMO;msedge.exe;HTTP/intranet;;;;;;;;;;;C:\Program Files (x86)\Microsoft\Edge\Application\msedge.exe
2026-09-11T12:24:20;DC01;kerberos;4769;;;svc_monitor@DEMO.NOPCAP.NET;DEMO;;cifs/fs01.demo.nopcap.net;;;;AES256;;;;;;;
2026-09-11T12:23:44;DC01;kerberos;4769;;;administrator@DEMO.NOPCAP.NET;DEMO;;HOST/app03.demo.nopcap.net;;;;AES256;;;;;;;
2026-09-11T12:19:04;DC01;kerberos;4769;;;t.hoffmann@DEMO.NOPCAP.NET;DEMO;;MSSQLSvc/sql01.demo.nopcap.net:1433;;;;AES256;;;;;;;
2026-09-11T12:11:00;DC01;kerberos;4769;;;administrator@DEMO.NOPCAP.NET;DEMO;;ldap/dc01.demo.nopcap.net;;;;AES256;;;;;;;
2026-09-11T12:10:45;DC02;kerberos;4769;;;p.neumann@DEMO.NOPCAP.NET;DEMO;;TERMSRV/vdi-broker.demo.nopcap.net;;;;AES256;;;;;;;
2026-09-11T12:09:35;DC02;kerberos;4769;;;svc_sql@DEMO.NOPCAP.NET;DEMO;;TERMSRV/vdi-broker.demo.nopcap.net;;;;AES256;;;;;;;
2026-09-11T12:05:54;APP03;outgoing;8001;;;a.klein;DEMO;svchost.exe;ldap/dc01.demo.nopcap.net;;;;;;;;;;;C:\Windows\System32\svchost.exe
2026-09-11T12:00:29;DC01;kerberos;4769;;;VDI-083$@DEMO.NOPCAP.NET;DEMO;;ldap/dc02.demo.nopcap.net;;;;AES256;;;;;;;
2026-09-11T11:59:08;FS01;outgoing;8001;;;a.klein;DEMO;System;cifs/fs01.demo.nopcap.net;;;;;;;;;;;
2026-09-11T11:54:52;DC01;kerberos;4769;;;svc_sql@DEMO.NOPCAP.NET;DEMO;;TERMSRV/vdi-broker.demo.nopcap.net;;;;AES256;;;;;;;
2026-09-11T11:54:47;DC02;krbfail;4769;;;d.fischer@DEMO.NOPCAP.NET;DEMO;;HTTP/portal.demo.nopcap.net;;;;;;;;;;0xe;
2026-09-11T11:45:55;DC02;kerberos;4769;;;k.lorenz@DEMO.NOPCAP.NET;DEMO;;ldap/dc01.demo.nopcap.net;;;;AES256;;;;;;;
2026-09-11T11:43:06;DC01;kerberos;4769;;;k.lorenz@DEMO.NOPCAP.NET;DEMO;;ldap/dc01.demo.nopcap.net;;;;AES256;;;;;;;
2026-09-11T11:40:58;DC01;kerberos;4769;;;m.becker@DEMO.NOPCAP.NET;DEMO;;ldap/dc01.demo.nopcap.net;;;;AES256;;;;;;;
2026-09-11T11:35:44;DC01;incoming;8003;;;j.schulz;DEMO;System;;NB-1070;;3;;;;;;;;
2026-09-11T11:35:31;DC01;kerberos;4769;;;svc_backup@DEMO.NOPCAP.NET;DEMO;;MSSQLSvc/sql01.demo.nopcap.net:1433;;;;AES256;;;;;;;
2026-09-11T11:33:05;DC01;kerberos;4769;;;d.fischer@DEMO.NOPCAP.NET;DEMO;;cifs/fs01.demo.nopcap.net;;;;AES256;;;;;;;
2026-09-11T11:31:58;DC01;kerberos;4769;;;VDI-046$@DEMO.NOPCAP.NET;DEMO;;ldap/dc01.demo.nopcap.net;;;;AES256;;;;;;;
2026-09-11T11:31:23;DC02;kerberos;4769;;;a.klein@DEMO.NOPCAP.NET;DEMO;;HOST/app03.demo.nopcap.net;;;;AES256;;;;;;;
2026-09-11T11:31:03;DC01;kerberos;4769;;;NB-1390$@DEMO.NOPCAP.NET;DEMO;;ldap/dc02.demo.nopcap.net;;;;AES256;;;;;;;
2026-09-11T11:29:30;DC01;kerberos;4769;;;WKS-0556$@DEMO.NOPCAP.NET;DEMO;;ldap/dc02.demo.nopcap.net;;;;AES256;;;;;;;
2026-09-11T11:21:53;DC01;kerberos;4769;;;t.hoffmann@DEMO.NOPCAP.NET;DEMO;;ldap/dc01.demo.nopcap.net;;;;AES256;;;;;;;
2026-09-11T11:19:36;FS01;incoming;8003;;;t.hoffmann;DEMO;sqlservr.exe;;WKS-0244;;3;;;;;;;;
2026-09-11T11:16:41;DC01;kerberos;4769;;;t.hoffmann@DEMO.NOPCAP.NET;DEMO;;cifs/fs01.demo.nopcap.net;;;;AES256;;;;;;;
2026-09-11T11:13:25;DC01;kerberos;4769;;;WKS-0724$@DEMO.NOPCAP.NET;DEMO;;HOST/app03.demo.nopcap.net;;;;AES256;;;;;;;
2026-09-11T11:09:39;DC01;kerberos;4769;;;svc_backup@DEMO.NOPCAP.NET;DEMO;;HTTP/portal.demo.nopcap.net;;;;AES256;;;;;;;
2026-09-11T11:09:29;DC01;kerberos;4769;;;p.neumann@DEMO.NOPCAP.NET;DEMO;;ldap/dc01.demo.nopcap.net;;;;AES256;;;;;;;
2026-09-11T11:08:35;DC01;kerberos;4769;;;VDI-056$@DEMO.NOPCAP.NET;DEMO;;MSSQLSvc/sql01.demo.nopcap.net:1433;;;;AES256;;;;;;;
2026-09-11T11:05:51;DC01;incoming;8002;;;APP03$;DEMO;w3wp.exe;;;;;;;;;;;;
2026-09-11T11:04:06;DC02;kerberos;4769;;;p.neumann@DEMO.NOPCAP.NET;DEMO;;TERMSRV/vdi-broker.demo.nopcap.net;;;;AES256;;;;;;;
2026-09-11T11:04:05;DC01;kerberos;4769;;;svc_web@DEMO.NOPCAP.NET;DEMO;;ldap/dc01.demo.nopcap.net;;;;AES256;;;;;;;
2026-09-11T11:03:23;DC01;kerberos;4769;;;t.hoffmann@DEMO.NOPCAP.NET;DEMO;;HOST/app03.demo.nopcap.net;;;;AES256;;;;;;;
2026-09-11T10:55:25;DC02;kerberos;4769;;;p.neumann@DEMO.NOPCAP.NET;DEMO;;HOST/app03.demo.nopcap.net;;;;AES256;;;;;;;
2026-09-11T10:55:10;DC01;kerberos;4769;;;k.lorenz@DEMO.NOPCAP.NET;DEMO;;TERMSRV/vdi-broker.demo.nopcap.net;;;;AES256;;;;;;;
2026-09-11T10:49:26;APP03;incoming;8002;;;APP03$;DEMO;w3wp.exe;;;;;;;;;;;;
2026-09-11T10:45:10;DC01;kerberos;4769;;;WKS-0443$@DEMO.NOPCAP.NET;DEMO;;ldap/dc02.demo.nopcap.net;;;;AES256;;;;;;;
2026-09-11T10:35:45;DC01;kerberos;4769;;;m.becker@DEMO.NOPCAP.NET;DEMO;;ldap/dc02.demo.nopcap.net;;;;AES256;;;;;;;
2026-09-11T10:34:52;DC01;kerberos;4769;;;NB-1300$@DEMO.NOPCAP.NET;DEMO;;ldap/dc02.demo.nopcap.net;;;;AES256;;;;;;;
2026-09-11T10:33:00;DC02;domain;8004;;;administrator;DEMO;;ARCHIVE01;NB-1065;;;;;;;;;;
2026-09-11T10:31:10;DC01;kerberos;4769;;;svc_backup@DEMO.NOPCAP.NET;DEMO;;TERMSRV/vdi-broker.demo.nopcap.net;;;;AES256;;;;;;;
2026-09-11T10:30:16;DC01;kerberos;4769;;;VDI-014$@DEMO.NOPCAP.NET;DEMO;;HTTP/portal.demo.nopcap.net;;;;AES256;;;;;;;
2026-09-11T10:26:53;DC01;kerberos;4769;;;svc_sql@DEMO.NOPCAP.NET;DEMO;;ldap/dc01.demo.nopcap.net;;;;AES256;;;;;;;
2026-09-11T10:25:24;DC02;kerberos;4769;;;t.hoffmann@DEMO.NOPCAP.NET;DEMO;;HOST/app03.demo.nopcap.net;;;;AES256;;;;;;;
2026-09-11T10:22:11;DC02;kerberos;4769;;;d.fischer@DEMO.NOPCAP.NET;DEMO;;cifs/fs01.demo.nopcap.net;;;;AES256;;;;;;;
2026-09-11T10:19:42;DC01;kerberos;4769;;;k.lorenz@DEMO.NOPCAP.NET;DEMO;;HOST/app03.demo.nopcap.net;;;;AES256;;;;;;;
2026-09-11T10:15:30;WKS-0421;outgoing;4020;NTLMv2;Direct;svc_sql;DEMO;powershell.exe;cifs/10.14.22.31;;;;;Target name contains an IP address;7;Unprotected;None;;;C:\Windows\System32\WindowsPowerShell\v1.0\powershell.exe
2026-09-11T10:08:21;DC02;kerberos;4769;;;a.klein@DEMO.NOPCAP.NET;DEMO;;TERMSRV/vdi-broker.demo.nopcap.net;;;;AES256;;;;;;;
2026-09-11T10:07:43;DC02;kerberos;4769;;;t.hoffmann@DEMO.NOPCAP.NET;DEMO;;HOST/app03.demo.nopcap.net;;;;AES256;;;;;;;
2026-09-11T10:06:00;DC02;kerberos;4769;;;administrator@DEMO.NOPCAP.NET;DEMO;;HOST/app03.demo.nopcap.net;;;;AES256;;;;;;;
2026-09-11T10:04:09;DC01;auth;4624;NTLMv2;Direct;m.becker;DEMO;;;NB-1242;10.14.25.24;3;;;;;;;;
2026-09-11T10:03:53;DC01;kerberos;4769;;;VDI-065$@DEMO.NOPCAP.NET;DEMO;;HTTP/portal.demo.nopcap.net;;;;AES256;;;;;;;
2026-09-11T10:02:37;DC01;kerberos;4769;;;s.wagner@DEMO.NOPCAP.NET;DEMO;;ldap/dc01.demo.nopcap.net;;;;AES256;;;;;;;
2026-09-11T09:58:09;DC01;kerberos;4769;;;s.wagner@DEMO.NOPCAP.NET;DEMO;;ldap/dc02.demo.nopcap.net;;;;AES256;;;;;;;
2026-09-11T09:53:23;DC01;kerberos;4769;;;NB-1010$@DEMO.NOPCAP.NET;DEMO;;MSSQLSvc/sql01.demo.nopcap.net:1433;;;;AES256;;;;;;;
2026-09-11T09:52:39;DC01;kerberos;4769;;;NB-1087$@DEMO.NOPCAP.NET;DEMO;;MSSQLSvc/sql01.demo.nopcap.net:1433;;;;AES256;;;;;;;
2026-09-11T09:46:52;DC01;kerberos;4769;;;svc_sql@DEMO.NOPCAP.NET;DEMO;;HTTP/portal.demo.nopcap.net;;;;AES256;;;;;;;
2026-09-11T09:36:14;DC02;kerberos;4769;;;administrator@DEMO.NOPCAP.NET;DEMO;;HOST/app03.demo.nopcap.net;;;;AES256;;;;;;;
2026-09-11T09:33:14;DC02;kerberos;4769;;;svc_monitor@DEMO.NOPCAP.NET;DEMO;;ldap/dc01.demo.nopcap.net;;;;AES256;;;;;;;
2026-09-11T09:32:57;DC01;domain;8004;;;a.klein;DEMO;;ERP-TEST;WKS-0682;;;;;;;;;;
2026-09-11T09:31:09;DC02;kerberos;4769;;;t.hoffmann@DEMO.NOPCAP.NET;DEMO;;MSSQLSvc/sql01.demo.nopcap.net:1433;;;;AES256;;;;;;;
2026-09-11T09:30:30;DC01;kerberos;4769;;;s.wagner@DEMO.NOPCAP.NET;DEMO;;ldap/dc01.demo.nopcap.net;;;;AES256;;;;;;;
2026-09-11T09:27:34;WKS-0421;outgoing;8001;;;p.neumann;DEMO;System;cifs/fs01.demo.nopcap.net;;;;;;;;;;;
2026-09-11T09:26:03;DC01;kerberos;4769;;;WKS-0741$@DEMO.NOPCAP.NET;DEMO;;HOST/app03.demo.nopcap.net;;;;AES256;;;;;;;
2026-09-11T09:21:58;WKS-0421;cgblock;4014;;Blocked;;DEMO;svchost.exe;;;;;;;;;;;;C:\Windows\System32\svchost.exe
2026-09-11T09:18:59;DC01;kerberos;4769;;;VDI-024$@DEMO.NOPCAP.NET;DEMO;;cifs/fs01.demo.nopcap.net;;;;AES256;;;;;;;
2026-09-11T09:09:06;DC01;kerberos;4769;;;WKS-0618$@DEMO.NOPCAP.NET;DEMO;;TERMSRV/vdi-broker.demo.nopcap.net;;;;AES256;;;;;;;
2026-09-11T09:06:28;DC01;kerberos;4769;;;NB-1148$@DEMO.NOPCAP.NET;DEMO;;TERMSRV/vdi-broker.demo.nopcap.net;;;;AES256;;;;;;;
2026-09-11T09:01:02;DC01;kerberos;4769;;;WKS-0173$@DEMO.NOPCAP.NET;DEMO;;HOST/app03.demo.nopcap.net;;;;AES256;;;;;;;
2026-09-11T08:59:42;DC01;kerberos;4769;;;t.hoffmann@DEMO.NOPCAP.NET;DEMO;;HOST/app03.demo.nopcap.net;;;;AES256;;;;;;;
2026-09-11T08:54:07;DC01;kerberos;4769;;;VDI-064$@DEMO.NOPCAP.NET;DEMO;;ldap/dc02.demo.nopcap.net;;;;AES256;;;;;;;
2026-09-11T08:51:57;DC02;kerberos;4769;;;svc_web@DEMO.NOPCAP.NET;DEMO;;ldap/dc01.demo.nopcap.net;;;;RC4;;;;;;;
2026-09-11T08:44:48;DC01;kerberos;4769;;;svc_web@DEMO.NOPCAP.NET;DEMO;;ldap/dc02.demo.nopcap.net;;;;AES256;;;;;;;
2026-09-11T08:43:41;DC01;kerberos;4769;;;a.klein@DEMO.NOPCAP.NET;DEMO;;MSSQLSvc/sql01.demo.nopcap.net:1433;;;;AES256;;;;;;;
2026-09-11T08:40:16;DC01;kerberos;4769;;;k.lorenz@DEMO.NOPCAP.NET;DEMO;;ldap/dc02.demo.nopcap.net;;;;AES256;;;;;;;
2026-09-11T08:35:07;DC02;kerberos;4769;;;administrator@DEMO.NOPCAP.NET;DEMO;;HTTP/portal.demo.nopcap.net;;;;AES256;;;;;;;
2026-09-11T08:33:51;DC01;auth;4624;NTLMv2;Direct;svc_sql;DEMO;;;WKS-0765;10.14.21.173;3;;;;;;;;
2026-09-11T08:26:29;DC01;kerberos;4769;;;s.wagner@DEMO.NOPCAP.NET;DEMO;;MSSQLSvc/sql01.demo.nopcap.net:1433;;;;AES256;;;;;;;
2026-09-11T08:13:49;DC01;kerberos;4769;;;t.hoffmann@DEMO.NOPCAP.NET;DEMO;;ldap/dc02.demo.nopcap.net;;;;AES256;;;;;;;
2026-09-11T08:10:23;DC02;auth;4624;NTLMv2;Direct;k.lorenz;DEMO;;;NB-1369;10.14.22.31;3;;;;;;;;
2026-09-10T17:59:52;DC02;kerberos;4769;;;administrator@DEMO.NOPCAP.NET;DEMO;;ldap/dc01.demo.nopcap.net;;;;AES256;;;;;;;
2026-09-10T17:53:28;DC02;domain;8004;;;a.klein;DEMO;;APP03;WKS-0555;;;;;;;;;;
2026-09-10T17:45:49;FS01;outgoing;8001;;;t.hoffmann;DEMO;System;cifs/fs01.demo.nopcap.net;;;;;;;;;;;
2026-09-10T17:35:19;FS01;incoming;8003;;;s.wagner;DEMO;w3wp.exe;;VDI-032;;3;;;;;;;;
2026-09-10T17:28:55;WKS-0421;outgoing;4001;;Blocked;svc_backup;DEMO;svchost.exe;ldap/dc01.demo.nopcap.net;;;;;;;;;;;C:\Windows\System32\svchost.exe
2026-09-10T17:26:04;FS01;outgoing;8001;;;t.hoffmann;DEMO;java.exe;HTTP/erp-test;;;;;;;;;;;C:\Program Files\Eclipse Adoptium\jdk-17\bin\java.exe
2026-09-10T17:25:37;DC02;auth;4624;NTLMv2;Fallback;t.hoffmann;DEMO;;;VDI-016;10.14.24.250;3;;;;;;;;
2026-09-10T17:22:11;DC02;kerberos;4769;;;administrator@DEMO.NOPCAP.NET;DEMO;;HOST/app03.demo.nopcap.net;;;;AES256;;;;;;;
2026-09-10T17:15:41;DC02;kerberos;4769;;;t.hoffmann@DEMO.NOPCAP.NET;DEMO;;HTTP/portal.demo.nopcap.net;;;;AES256;;;;;;;
2026-09-10T17:15:19;FS01;outgoing;8001;;;svc_monitor;DEMO;lsass.exe;cifs/nas01;;;;;;;;;;;C:\Windows\System32\lsass.exe
2026-09-10T17:15:16;DC01;kerberos;4769;;;m.becker@DEMO.NOPCAP.NET;DEMO;;MSSQLSvc/sql01.demo.nopcap.net:1433;;;;AES256;;;;;;;
2026-09-10T17:13:38;DC01;auth;4624;NTLMv2;Direct;j.schulz;DEMO;;;NB-1342;10.14.25.136;3;;;;;;;;
2026-09-10T17:13:32;DC02;kerberos;4769;;;k.lorenz@DEMO.NOPCAP.NET;DEMO;;TERMSRV/vdi-broker.demo.nopcap.net;;;;AES256;;;;;;;
2026-09-10T17:07:23;FS01;outgoing;8001;;;svc_backup;DEMO;mmc.exe;cifs/10.14.22.31;;;;;;;;;;;C:\Windows\System32\mmc.exe
2026-09-10T17:01:52;DC02;kerberos;4769;;;svc_backup@DEMO.NOPCAP.NET;DEMO;;MSSQLSvc/sql01.demo.nopcap.net:1433;;;;AES256;;;;;;;
2026-09-10T16:59:55;DC01;kerberos;4769;;;svc_backup@DEMO.NOPCAP.NET;DEMO;;ldap/dc02.demo.nopcap.net;;;;AES256;;;;;;;
2026-09-10T16:58:55;FS01;outgoing;8001;;;a.klein;DEMO;explorer.exe;cifs/fs01.demo.nopcap.net;;;;;;;;;;;C:\Windows\explorer.exe
2026-09-10T16:55:39;DC01;kerberos;4769;;;s.wagner@DEMO.NOPCAP.NET;DEMO;;TERMSRV/vdi-broker.demo.nopcap.net;;;;AES256;;;;;;;
2026-09-10T16:54:50;DC02;kerberos;4769;;;svc_monitor@DEMO.NOPCAP.NET;DEMO;;ldap/dc02.demo.nopcap.net;;;;AES256;;;;;;;
2026-09-10T16:51:46;DC01;kerberos;4769;;;j.schulz@DEMO.NOPCAP.NET;DEMO;;HTTP/portal.demo.nopcap.net;;;;AES256;;;;;;;
2026-09-10T16:51:23;DC01;kerberos;4769;;;VDI-070$@DEMO.NOPCAP.NET;DEMO;;ldap/dc02.demo.nopcap.net;;;;AES256;;;;;;;
2026-09-10T16:43:33;DC01;kerberos;4769;;;WKS-0598$@DEMO.NOPCAP.NET;DEMO;;cifs/fs01.demo.nopcap.net;;;;AES256;;;;;;;
2026-09-10T16:41:44;DC02;kerberos;4769;;;a.klein@DEMO.NOPCAP.NET;DEMO;;TERMSRV/vdi-broker.demo.nopcap.net;;;;AES256;;;;;;;
2026-09-10T16:41:15;WKS-0421;outgoing;4020;NTLMv2;Direct;svc_sql;DEMO;lsass.exe;cifs/nas01;;;;;Target name could not be resolved by Kerberos;6;Unprotected;None;;;C:\Windows\System32\lsass.exe
2026-09-10T16:40:52;DC01;kerberos;4769;;;WKS-0173$@DEMO.NOPCAP.NET;DEMO;;HOST/app03.demo.nopcap.net;;;;AES256;;;;;;;
2026-09-10T16:36:31;DC02;kerberos;4769;;;p.neumann@DEMO.NOPCAP.NET;DEMO;;cifs/fs01.demo.nopcap.net;;;;AES256;;;;;;;
2026-09-10T16:33:57;DC02;kerberos;4769;;;t.hoffmann@DEMO.NOPCAP.NET;DEMO;;ldap/dc01.demo.nopcap.net;;;;AES256;;;;;;;
2026-09-10T16:32:27;FS01;outgoing;8001;;;a.klein;DEMO;mmc.exe;cifs/10.14.22.31;;;;;;;;;;;C:\Windows\System32\mmc.exe
2026-09-10T16:31:51;DC02;kerberos;4769;;;svc_web@DEMO.NOPCAP.NET;DEMO;;ldap/dc01.demo.nopcap.net;;;;RC4;;;;;;;
2026-09-10T16:17:50;DC02;domain;8004;;;m.becker;DEMO;;NAS01;WKS-0290;;;;;;;;;;
2026-09-10T16:17:07;DC02;kerberos;4769;;;t.hoffmann@DEMO.NOPCAP.NET;DEMO;;ldap/dc01.demo.nopcap.net;;;;AES256;;;;;;;
2026-09-10T16:14:55;DC01;kerberos;4769;;;j.schulz@DEMO.NOPCAP.NET;DEMO;;cifs/fs01.demo.nopcap.net;;;;AES256;;;;;;;
2026-09-10T16:13:48;DC01;kerberos;4769;;;NB-1351$@DEMO.NOPCAP.NET;DEMO;;cifs/fs01.demo.nopcap.net;;;;AES256;;;;;;;
2026-09-10T16:12:15;DC01;kerberos;4769;;;j.schulz@DEMO.NOPCAP.NET;DEMO;;MSSQLSvc/sql01.demo.nopcap.net:1433;;;;AES256;;;;;;;
2026-09-10T16:09:45;DC02;kerberos;4769;;;svc_web@DEMO.NOPCAP.NET;DEMO;;HTTP/portal.demo.nopcap.net;;;;RC4;;;;;;;
2026-09-10T16:06:30;APP03;outgoing;8001;;;k.lorenz;DEMO;msedge.exe;HTTP/intranet;;;;;;;;;;;C:\Program Files (x86)\Microsoft\Edge\Application\msedge.exe
2026-09-10T16:04:00;DC02;domain;8004;;;j.schulz;DEMO;;APP03;NB-1099;;;;;;;;;;
2026-09-10T15:58:17;DC01;auth;4624;NTLMv2;Direct;svc_monitor;DEMO;;;NB-1205;10.14.21.174;3;;;;;;;;
2026-09-10T15:53:32;DC01;kerberos;4769;;;k.lorenz@DEMO.NOPCAP.NET;DEMO;;MSSQLSvc/sql01.demo.nopcap.net:1433;;;;AES256;;;;;;;
2026-09-10T15:52:34;DC02;kerberos;4769;;;svc_backup@DEMO.NOPCAP.NET;DEMO;;ldap/dc02.demo.nopcap.net;;;;AES256;;;;;;;
2026-09-10T15:46:37;DC01;kerberos;4769;;;WKS-0175$@DEMO.NOPCAP.NET;DEMO;;MSSQLSvc/sql01.demo.nopcap.net:1433;;;;AES256;;;;;;;
2026-09-10T15:45:54;APP03;outgoing;8001;;;k.lorenz;DEMO;lsass.exe;cifs/nas01;;;;;;;;;;;C:\Windows\System32\lsass.exe
2026-09-10T15:44:33;WKS-0421;outgoing;8001;;;k.lorenz;DEMO;lsass.exe;cifs/nas01;;;;;;;;;;;C:\Windows\System32\lsass.exe
2026-09-10T15:42:44;DC02;kerberos;4769;;;s.wagner@DEMO.NOPCAP.NET;DEMO;;ldap/dc01.demo.nopcap.net;;;;AES256;;;;;;;
2026-09-10T15:42:05;DC01;incoming;8003;;;k.lorenz;DEMO;sqlservr.exe;;NB-1140;;3;;;;;;;;
2026-09-10T15:40:51;DC01;kerberos;4769;;;WKS-0366$@DEMO.NOPCAP.NET;DEMO;;TERMSRV/vdi-broker.demo.nopcap.net;;;;AES256;;;;;;;
2026-09-10T15:36:55;DC02;auth;4624;NTLMv2;Fallback;svc_sql;DEMO;;;VDI-036;10.14.23.139;3;;;;;;;;
2026-09-10T15:32:22;DC01;kerberos;4769;;;WKS-0617$@DEMO.NOPCAP.NET;DEMO;;ldap/dc02.demo.nopcap.net;;;;AES256;;;;;;;
2026-09-10T15:31:38;DC01;kerberos;4769;;;svc_backup@DEMO.NOPCAP.NET;DEMO;;TERMSRV/vdi-broker.demo.nopcap.net;;;;AES256;;;;;;;
2026-09-10T15:29:09;DC01;kerberos;4769;;;NB-1159$@DEMO.NOPCAP.NET;DEMO;;cifs/fs01.demo.nopcap.net;;;;AES256;;;;;;;
2026-09-10T15:25:02;WKS-0421;outgoing;4020;NTLMv2;Direct;t.hoffmann;DEMO;System;cifs/fs01.demo.nopcap.net;;;;;Application called NTLM directly;1;Unprotected;None;;;
2026-09-10T15:23:24;DC01;kerberos;4769;;;NB-1333$@DEMO.NOPCAP.NET;DEMO;;ldap/dc02.demo.nopcap.net;;;;AES256;;;;;;;
2026-09-10T15:22:58;DC01;kerberos;4769;;;a.klein@DEMO.NOPCAP.NET;DEMO;;cifs/fs01.demo.nopcap.net;;;;AES256;;;;;;;
2026-09-10T15:20:38;DC01;kerberos;4769;;;k.lorenz@DEMO.NOPCAP.NET;DEMO;;cifs/fs01.demo.nopcap.net;;;;AES256;;;;;;;
2026-09-10T15:19:28;DC01;kerberos;4769;;;VDI-057$@DEMO.NOPCAP.NET;DEMO;;ldap/dc01.demo.nopcap.net;;;;AES256;;;;;;;
2026-09-10T15:11:55;DC01;kerberos;4769;;;VDI-043$@DEMO.NOPCAP.NET;DEMO;;HTTP/portal.demo.nopcap.net;;;;AES256;;;;;;;
2026-09-10T15:06:37;DC01;kerberos;4769;;;WKS-0785$@DEMO.NOPCAP.NET;DEMO;;HTTP/portal.demo.nopcap.net;;;;AES256;;;;;;;
2026-09-10T15:05:31;DC02;kerberos;4769;;;m.becker@DEMO.NOPCAP.NET;DEMO;;HTTP/portal.demo.nopcap.net;;;;AES256;;;;;;;
2026-09-10T15:05:07;DC01;domain;8004;;;svc_web;DEMO;;PRINTSRV01;WKS-0836;;;;;;;;;;
2026-09-10T15:04:48;DC02;kerberos;4769;;;svc_backup@DEMO.NOPCAP.NET;DEMO;;ldap/dc02.demo.nopcap.net;;;;AES256;;;;;;;
2026-09-10T15:03:22;WKS-0421;outgoing;4001;;Blocked;m.becker;DEMO;WINWORD.EXE;cifs/fs01.demo.nopcap.net;;;;;;;;;;;C:\Program Files\Microsoft Office\root\Office16\WINWORD.EXE
2026-09-10T15:02:44;DC01;kerberos;4769;;;VDI-056$@DEMO.NOPCAP.NET;DEMO;;MSSQLSvc/sql01.demo.nopcap.net:1433;;;;AES256;;;;;;;
2026-09-10T14:57:48;DC01;kerberos;4769;;;d.fischer@DEMO.NOPCAP.NET;DEMO;;MSSQLSvc/sql01.demo.nopcap.net:1433;;;;AES256;;;;;;;
2026-09-10T14:55:26;DC02;kerberos;4769;;;s.wagner@DEMO.NOPCAP.NET;DEMO;;TERMSRV/vdi-broker.demo.nopcap.net;;;;AES256;;;;;;;
2026-09-10T14:53:02;DC02;kerberos;4769;;;svc_backup@DEMO.NOPCAP.NET;DEMO;;MSSQLSvc/sql01.demo.nopcap.net:1433;;;;AES256;;;;;;;
2026-09-10T14:51:37;FS01;outgoing;8001;;;s.wagner;DEMO;lsass.exe;cifs/nas01;;;;;;;;;;;C:\Windows\System32\lsass.exe
2026-09-10T14:50:38;FS01;outgoing;8001;;;m.becker;DEMO;lsass.exe;cifs/nas01;;;;;;;;;;;C:\Windows\System32\lsass.exe
2026-09-10T14:50:18;WKS-0421;outgoing;4001;;Blocked;administrator;DEMO;spoolsv.exe;cifs/printsrv01;;;;;;;;;;;C:\Windows\System32\spoolsv.exe
2026-09-10T14:49:54;DC01;auth;4624;NTLMv2;Direct;svc_sql;DEMO;;;WKS-0601;10.14.23.86;3;;;;;;;;
2026-09-10T14:39:26;FS01;outgoing;8001;;;t.hoffmann;DEMO;System;cifs/fs01.demo.nopcap.net;;;;;;;;;;;
2026-09-10T14:28:53;WKS-0421;outgoing;8001;;;svc_sql;DEMO;System;cifs/fs01.demo.nopcap.net;;;;;;;;;;;
2026-09-10T14:24:23;DC01;kerberos;4769;;;a.klein@DEMO.NOPCAP.NET;DEMO;;ldap/dc01.demo.nopcap.net;;;;AES256;;;;;;;
2026-09-10T14:19:13;DC02;kerberos;4769;;;svc_web@DEMO.NOPCAP.NET;DEMO;;TERMSRV/vdi-broker.demo.nopcap.net;;;;RC4;;;;;;;
2026-09-10T14:19:10;DC01;kerberos;4769;;;j.schulz@DEMO.NOPCAP.NET;DEMO;;HOST/app03.demo.nopcap.net;;;;AES256;;;;;;;
2026-09-10T14:13:50;DC01;kerberos;4769;;;WKS-0782$@DEMO.NOPCAP.NET;DEMO;;cifs/fs01.demo.nopcap.net;;;;AES256;;;;;;;
2026-09-10T14:13:39;DC02;kerberos;4769;;;p.neumann@DEMO.NOPCAP.NET;DEMO;;HTTP/portal.demo.nopcap.net;;;;AES256;;;;;;;
2026-09-10T14:13:17;DC01;kerberos;4769;;;NB-1265$@DEMO.NOPCAP.NET;DEMO;;MSSQLSvc/sql01.demo.nopcap.net:1433;;;;AES256;;;;;;;
2026-09-10T14:06:38;WKS-0421;outgoing;8001;;;svc_web;DEMO;lsass.exe;cifs/nas01;;;;;;;;;;;C:\Windows\System32\lsass.exe
2026-09-10T14:03:15;DC01;kerberos;4769;;;d.fischer@DEMO.NOPCAP.NET;DEMO;;ldap/dc02.demo.nopcap.net;;;;AES256;;;;;;;
2026-09-10T14:01:55;DC01;kerberos;4769;;;svc_backup@DEMO.NOPCAP.NET;DEMO;;TERMSRV/vdi-broker.demo.nopcap.net;;;;AES256;;;;;;;
2026-09-10T14:00:00;DC01;kerberos;4769;;;t.hoffmann@DEMO.NOPCAP.NET;DEMO;;HOST/app03.demo.nopcap.net;;;;AES256;;;;;;;
2026-09-10T13:59:12;DC02;kerberos;4769;;;s.wagner@DEMO.NOPCAP.NET;DEMO;;cifs/fs01.demo.nopcap.net;;;;AES256;;;;;;;
2026-09-10T13:59:02;DC01;kerberos;4769;;;s.wagner@DEMO.NOPCAP.NET;DEMO;;TERMSRV/vdi-broker.demo.nopcap.net;;;;AES256;;;;;;;
2026-09-10T13:54:28;DC01;kerberos;4769;;;NB-1031$@DEMO.NOPCAP.NET;DEMO;;ldap/dc01.demo.nopcap.net;;;;AES256;;;;;;;
2026-09-10T13:51:38;DC01;kerberos;4769;;;j.schulz@DEMO.NOPCAP.NET;DEMO;;ldap/dc02.demo.nopcap.net;;;;AES256;;;;;;;
2026-09-10T13:47:18;DC01;kerberos;4769;;;NB-1169$@DEMO.NOPCAP.NET;DEMO;;ldap/dc01.demo.nopcap.net;;;;AES256;;;;;;;
2026-09-10T13:41:30;DC02;kerberos;4769;;;svc_monitor@DEMO.NOPCAP.NET;DEMO;;TERMSRV/vdi-broker.demo.nopcap.net;;;;AES256;;;;;;;
2026-09-10T13:39:41;DC01;kerberos;4769;;;WKS-0511$@DEMO.NOPCAP.NET;DEMO;;ldap/dc02.demo.nopcap.net;;;;AES256;;;;;;;
2026-09-10T13:31:51;WKS-0421;outgoing;4020;NTLMv2;Direct;t.hoffmann;DEMO;lsass.exe;cifs/nas01;;;;;Target name could not be resolved by Kerberos;6;Unprotected;None;;;C:\Windows\System32\lsass.exe
2026-09-10T13:26:53;FS01;outgoing;8001;;;a.klein;DEMO;lsass.exe;cifs/nas01;;;;;;;;;;;C:\Windows\System32\lsass.exe
2026-09-10T13:24:27;FS01;outgoing;8001;;;p.neumann;DEMO;explorer.exe;cifs/fs01.demo.nopcap.net;;;;;;;;;;;C:\Windows\explorer.exe
2026-09-10T13:24:23;DC01;kerberos;4769;;;p.neumann@DEMO.NOPCAP.NET;DEMO;;cifs/fs01.demo.nopcap.net;;;;AES256;;;;;;;
2026-09-10T13:24:03;DC02;kerberos;4769;;;d.fischer@DEMO.NOPCAP.NET;DEMO;;cifs/fs01.demo.nopcap.net;;;;AES256;;;;;;;
2026-09-10T13:22:27;DC01;kerberos;4769;;;s.wagner@DEMO.NOPCAP.NET;DEMO;;ldap/dc02.demo.nopcap.net;;;;AES256;;;;;;;
2026-09-10T13:20:19;DC01;kerberos;4769;;;t.hoffmann@DEMO.NOPCAP.NET;DEMO;;ldap/dc01.demo.nopcap.net;;;;AES256;;;;;;;
2026-09-10T13:19:39;DC02;kerberos;4769;;;a.klein@DEMO.NOPCAP.NET;DEMO;;TERMSRV/vdi-broker.demo.nopcap.net;;;;AES256;;;;;;;
2026-09-10T13:15:52;DC01;kerberos;4769;;;WKS-0783$@DEMO.NOPCAP.NET;DEMO;;MSSQLSvc/sql01.demo.nopcap.net:1433;;;;AES256;;;;;;;
2026-09-10T13:15:44;DC01;kerberos;4769;;;NB-1129$@DEMO.NOPCAP.NET;DEMO;;HOST/app03.demo.nopcap.net;;;;AES256;;;;;;;
2026-09-10T13:13:12;DC01;kerberos;4769;;;VDI-084$@DEMO.NOPCAP.NET;DEMO;;TERMSRV/vdi-broker.demo.nopcap.net;;;;AES256;;;;;;;
2026-09-10T13:10:27;FS01;outgoing;8001;;;svc_backup;DEMO;mmc.exe;cifs/10.14.22.31;;;;;;;;;;;C:\Windows\System32\mmc.exe
2026-09-10T13:09:31;DC01;kerberos;4769;;;NB-1162$@DEMO.NOPCAP.NET;DEMO;;HTTP/portal.demo.nopcap.net;;;;AES256;;;;;;;
2026-09-10T12:57:30;DC02;kerberos;4769;;;svc_sql@DEMO.NOPCAP.NET;DEMO;;HTTP/portal.demo.nopcap.net;;;;AES256;;;;;;;
2026-09-10T12:52:00;DC02;kerberos;4769;;;d.fischer@DEMO.NOPCAP.NET;DEMO;;MSSQLSvc/sql01.demo.nopcap.net:1433;;;;AES256;;;;;;;
2026-09-10T12:51:23;DC02;kerberos;4769;;;j.schulz@DEMO.NOPCAP.NET;DEMO;;HOST/app03.demo.nopcap.net;;;;AES256;;;;;;;
2026-09-10T12:49:57;WKS-0421;cgblock;4013;NTLMv1;Blocked;k.lorenz;DEMO;explorer.exe;nas01;;;;;;;;;;;C:\Windows\explorer.exe
2026-09-10T12:49:52;DC01;kerberos;4769;;;NB-1360$@DEMO.NOPCAP.NET;DEMO;;TERMSRV/vdi-broker.demo.nopcap.net;;;;AES256;;;;;;;
2026-09-10T12:48:27;DC01;kerberos;4769;;;NB-1183$@DEMO.NOPCAP.NET;DEMO;;TERMSRV/vdi-broker.demo.nopcap.net;;;;AES256;;;;;;;
2026-09-10T12:48:25;DC01;kerberos;4769;;;NB-1274$@DEMO.NOPCAP.NET;DEMO;;HTTP/portal.demo.nopcap.net;;;;AES256;;;;;;;
2026-09-10T12:48:24;DC01;kerberos;4769;;;administrator@DEMO.NOPCAP.NET;DEMO;;cifs/fs01.demo.nopcap.net;;;;AES256;;;;;;;
2026-09-10T12:46:36;FS01;outgoing;8001;;;svc_sql;DEMO;spoolsv.exe;cifs/printsrv01;;;;;;;;;;;C:\Windows\System32\spoolsv.exe
2026-09-10T12:40:40;DC01;kerberos;4769;;;j.schulz@DEMO.NOPCAP.NET;DEMO;;HTTP/portal.demo.nopcap.net;;;;AES256;;;;;;;
2026-09-10T12:36:54;DC02;kerberos;4769;;;t.hoffmann@DEMO.NOPCAP.NET;DEMO;;HTTP/portal.demo.nopcap.net;;;;AES256;;;;;;;
2026-09-10T12:36:54;DC01;kerberos;4769;;;s.wagner@DEMO.NOPCAP.NET;DEMO;;ldap/dc01.demo.nopcap.net;;;;AES256;;;;;;;
2026-09-10T12:36:11;DC01;kerberos;4769;;;administrator@DEMO.NOPCAP.NET;DEMO;;cifs/fs01.demo.nopcap.net;;;;AES256;;;;;;;
2026-09-10T12:35:37;DC01;kerberos;4769;;;NB-1218$@DEMO.NOPCAP.NET;DEMO;;HOST/app03.demo.nopcap.net;;;;AES256;;;;;;;
2026-09-10T12:34:08;DC01;kerberos;4769;;;WKS-0891$@DEMO.NOPCAP.NET;DEMO;;cifs/fs01.demo.nopcap.net;;;;AES256;;;;;;;
2026-09-10T12:33:47;DC01;domain;8004;;;d.fischer;DEMO;;ARCHIVE01;WKS-0601;;;;;;;;;;
2026-09-10T12:32:05;DC01;kerberos;4769;;;NB-1064$@DEMO.NOPCAP.NET;DEMO;;HTTP/portal.demo.nopcap.net;;;;AES256;;;;;;;
2026-09-10T12:28:18;DC01;kerberos;4769;;;j.schulz@DEMO.NOPCAP.NET;DEMO;;MSSQLSvc/sql01.demo.nopcap.net:1433;;;;AES256;;;;;;;
2026-09-10T12:20:03;DC01;kerberos;4769;;;WKS-0882$@DEMO.NOPCAP.NET;DEMO;;ldap/dc02.demo.nopcap.net;;;;AES256;;;;;;;
2026-09-10T12:18:01;DC01;kerberos;4769;;;WKS-0280$@DEMO.NOPCAP.NET;DEMO;;ldap/dc02.demo.nopcap.net;;;;AES256;;;;;;;
2026-09-10T12:16:38;DC01;kerberos;4769;;;administrator@DEMO.NOPCAP.NET;DEMO;;TERMSRV/vdi-broker.demo.nopcap.net;;;;AES256;;;;;;;
2026-09-10T12:15:29;DC02;domain;8004;;;d.fischer;DEMO;;NAS01;WKS-0443;;;;;;;;;;
2026-09-10T12:13:46;DC01;krbfail;4769;;;administrator@DEMO.NOPCAP.NET;DEMO;;HTTP/portal.demo.nopcap.net;;;;;;;;;;0xe;
2026-09-10T12:12:33;DC01;kerberos;4769;;;NB-1117$@DEMO.NOPCAP.NET;DEMO;;HTTP/portal.demo.nopcap.net;;;;AES256;;;;;;;
2026-09-10T12:07:38;DC01;kerberos;4769;;;svc_web@DEMO.NOPCAP.NET;DEMO;;cifs/fs01.demo.nopcap.net;;;;RC4;;;;;;;
2026-09-10T11:58:44;DC02;kerberos;4769;;;svc_monitor@DEMO.NOPCAP.NET;DEMO;;cifs/fs01.demo.nopcap.net;;;;AES256;;;;;;;
2026-09-10T11:58:12;DC02;kerberos;4769;;;t.hoffmann@DEMO.NOPCAP.NET;DEMO;;HOST/app03.demo.nopcap.net;;;;AES256;;;;;;;
2026-09-10T11:57:00;DC01;kerberos;4769;;;m.becker@DEMO.NOPCAP.NET;DEMO;;ldap/dc01.demo.nopcap.net;;;;AES256;;;;;;;
2026-09-10T11:50:40;DC01;kerberos;4769;;;d.fischer@DEMO.NOPCAP.NET;DEMO;;cifs/fs01.demo.nopcap.net;;;;AES256;;;;;;;
2026-09-10T11:46:50;DC02;kerberos;4769;;;t.hoffmann@DEMO.NOPCAP.NET;DEMO;;TERMSRV/vdi-broker.demo.nopcap.net;;;;AES256;;;;;;;
2026-09-10T11:45:20;DC02;kerberos;4769;;;a.klein@DEMO.NOPCAP.NET;DEMO;;ldap/dc01.demo.nopcap.net;;;;AES256;;;;;;;
2026-09-10T11:43:54;DC01;kerberos;4769;;;VDI-063$@DEMO.NOPCAP.NET;DEMO;;TERMSRV/vdi-broker.demo.nopcap.net;;;;AES256;;;;;;;
2026-09-10T11:40:59;APP03;outgoing;8001;;;j.schulz;DEMO;explorer.exe;cifs/fs01.demo.nopcap.net;;;;;;;;;;;C:\Windows\explorer.exe
2026-09-10T11:39:27;DC01;kerberos;4769;;;NB-1343$@DEMO.NOPCAP.NET;DEMO;;ldap/dc01.demo.nopcap.net;;;;AES256;;;;;;;
2026-09-10T11:35:45;DC01;kerberos;4769;;;WKS-0192$@DEMO.NOPCAP.NET;DEMO;;ldap/dc02.demo.nopcap.net;;;;AES256;;;;;;;
2026-09-10T11:31:55;DC02;kerberos;4769;;;j.schulz@DEMO.NOPCAP.NET;DEMO;;ldap/dc01.demo.nopcap.net;;;;AES256;;;;;;;
2026-09-10T11:29:47;DC01;kerberos;4769;;;NB-1004$@DEMO.NOPCAP.NET;DEMO;;HOST/app03.demo.nopcap.net;;;;AES256;;;;;;;
2026-09-10T11:26:46;DC01;kerberos;4769;;;a.klein@DEMO.NOPCAP.NET;DEMO;;MSSQLSvc/sql01.demo.nopcap.net:1433;;;;AES256;;;;;;;
2026-09-10T11:22:28;DC02;auth;4624;NTLMv2;Direct;svc_monitor;DEMO;;;VDI-015;10.14.24.150;3;;;;;;;;
2026-09-10T11:20:37;DC01;kerberos;4769;;;t.hoffmann@DEMO.NOPCAP.NET;DEMO;;HTTP/portal.demo.nopcap.net;;;;AES256;;;;;;;
2026-09-10T11:20:35;DC01;kerberos;4769;;;WKS-0808$@DEMO.NOPCAP.NET;DEMO;;cifs/fs01.demo.nopcap.net;;;;AES256;;;;;;;
2026-09-10T11:11:56;DC02;kerberos;4769;;;k.lorenz@DEMO.NOPCAP.NET;DEMO;;TERMSRV/vdi-broker.demo.nopcap.net;;;;AES256;;;;;;;
2026-09-10T11:10:09;DC02;kerberos;4769;;;d.fischer@DEMO.NOPCAP.NET;DEMO;;MSSQLSvc/sql01.demo.nopcap.net:1433;;;;AES256;;;;;;;
2026-09-10T11:09:03;DC02;kerberos;4769;;;s.wagner@DEMO.NOPCAP.NET;DEMO;;HTTP/portal.demo.nopcap.net;;;;AES256;;;;;;;
2026-09-10T11:05:29;DC02;kerberos;4769;;;m.becker@DEMO.NOPCAP.NET;DEMO;;ldap/dc01.demo.nopcap.net;;;;AES256;;;;;;;
2026-09-10T11:05:24;DC01;kerberos;4769;;;NB-1131$@DEMO.NOPCAP.NET;DEMO;;HOST/app03.demo.nopcap.net;;;;AES256;;;;;;;
2026-09-10T11:01:30;DC01;kerberos;4769;;;administrator@DEMO.NOPCAP.NET;DEMO;;HTTP/portal.demo.nopcap.net;;;;AES256;;;;;;;
2026-09-10T10:58:45;APP03;outgoing;8001;;;j.schulz;DEMO;explorer.exe;cifs/fs01.demo.nopcap.net;;;;;;;;;;;C:\Windows\explorer.exe
2026-09-10T10:53:47;DC02;kerberos;4769;;;a.klein@DEMO.NOPCAP.NET;DEMO;;cifs/fs01.demo.nopcap.net;;;;AES256;;;;;;;
2026-09-10T10:53:24;DC01;kerberos;4769;;;WKS-0176$@DEMO.NOPCAP.NET;DEMO;;TERMSRV/vdi-broker.demo.nopcap.net;;;;AES256;;;;;;;
2026-09-10T10:51:42;DC01;kerberos;4769;;;t.hoffmann@DEMO.NOPCAP.NET;DEMO;;ldap/dc01.demo.nopcap.net;;;;AES256;;;;;;;
2026-09-10T10:50:24;APP03;outgoing;8001;;;t.hoffmann;DEMO;msedge.exe;HTTP/intranet;;;;;;;;;;;C:\Program Files (x86)\Microsoft\Edge\Application\msedge.exe
2026-09-10T10:47:29;DC01;kerberos;4769;;;WKS-0172$@DEMO.NOPCAP.NET;DEMO;;HOST/app03.demo.nopcap.net;;;;AES256;;;;;;;
2026-09-10T10:45:46;DC01;kerberos;4769;;;t.hoffmann@DEMO.NOPCAP.NET;DEMO;;TERMSRV/vdi-broker.demo.nopcap.net;;;;AES256;;;;;;;
2026-09-10T10:44:22;DC01;kerberos;4769;;;t.hoffmann@DEMO.NOPCAP.NET;DEMO;;MSSQLSvc/sql01.demo.nopcap.net:1433;;;;AES256;;;;;;;
2026-09-10T10:43:50;DC02;kerberos;4769;;;k.lorenz@DEMO.NOPCAP.NET;DEMO;;ldap/dc02.demo.nopcap.net;;;;AES256;;;;;;;
2026-09-10T10:37:22;FS01;outgoing;8001;;;m.becker;DEMO;lsass.exe;cifs/nas01;;;;;;;;;;;C:\Windows\System32\lsass.exe
2026-09-10T10:37:18;DC01;kerberos;4769;;;WKS-0718$@DEMO.NOPCAP.NET;DEMO;;ldap/dc01.demo.nopcap.net;;;;AES256;;;;;;;
2026-09-10T10:37:15;DC01;kerberos;4769;;;svc_monitor@DEMO.NOPCAP.NET;DEMO;;cifs/fs01.demo.nopcap.net;;;;AES256;;;;;;;
2026-09-10T10:33:53;DC02;kerberos;4769;;;j.schulz@DEMO.NOPCAP.NET;DEMO;;ldap/dc02.demo.nopcap.net;;;;AES256;;;;;;;
2026-09-10T10:32:52;DC01;kerberos;4769;;;VDI-032$@DEMO.NOPCAP.NET;DEMO;;cifs/fs01.demo.nopcap.net;;;;AES256;;;;;;;
2026-09-10T10:20:39;DC02;kerberos;4769;;;svc_web@DEMO.NOPCAP.NET;DEMO;;HTTP/portal.demo.nopcap.net;;;;RC4;;;;;;;
2026-09-10T10:15:59;DC01;kerberos;4769;;;VDI-022$@DEMO.NOPCAP.NET;DEMO;;cifs/fs01.demo.nopcap.net;;;;AES256;;;;;;;
2026-09-10T10:15:14;DC01;kerberos;4769;;;administrator@DEMO.NOPCAP.NET;DEMO;;HTTP/portal.demo.nopcap.net;;;;AES256;;;;;;;
2026-09-10T10:13:44;DC02;kerberos;4769;;;m.becker@DEMO.NOPCAP.NET;DEMO;;HOST/app03.demo.nopcap.net;;;;AES256;;;;;;;
2026-09-10T10:13:41;DC01;kerberos;4769;;;VDI-040$@DEMO.NOPCAP.NET;DEMO;;ldap/dc01.demo.nopcap.net;;;;AES256;;;;;;;
2026-09-10T10:13:04;DC02;kerberos;4769;;;j.schulz@DEMO.NOPCAP.NET;DEMO;;HOST/app03.demo.nopcap.net;;;;AES256;;;;;;;
2026-09-10T10:12:06;DC01;kerberos;4769;;;m.becker@DEMO.NOPCAP.NET;DEMO;;HTTP/portal.demo.nopcap.net;;;;AES256;;;;;;;
2026-09-10T10:09:39;DC01;kerberos;4769;;;WKS-0607$@DEMO.NOPCAP.NET;DEMO;;HTTP/portal.demo.nopcap.net;;;;AES256;;;;;;;
2026-09-10T10:09:07;WKS-0421;outgoing;4020;NTLMv2;Direct;t.hoffmann;DEMO;explorer.exe;cifs/fs01.demo.nopcap.net;;;;;Application called NTLM directly;1;Unprotected;None;;;C:\Windows\explorer.exe
2026-09-10T10:07:20;DC01;domain;8004;;;a.klein;DEMO;;ARCHIVE01;VDI-064;;;;;;;;;;
2026-09-10T10:04:17;DC02;auth;4624;NTLMv2;Direct;p.neumann;DEMO;;;NB-1090;10.14.23.191;3;;;;;;;;
2026-09-10T09:55:21;DC01;kerberos;4769;;;svc_backup@DEMO.NOPCAP.NET;DEMO;;HOST/app03.demo.nopcap.net;;;;AES256;;;;;;;
2026-09-10T09:55:13;DC01;kerberos;4769;;;s.wagner@DEMO.NOPCAP.NET;DEMO;;ldap/dc01.demo.nopcap.net;;;;AES256;;;;;;;
2026-09-10T09:53:09;DC02;kerberos;4769;;;svc_monitor@DEMO.NOPCAP.NET;DEMO;;TERMSRV/vdi-broker.demo.nopcap.net;;;;AES256;;;;;;;
2026-09-10T09:53:00;DC01;kerberos;4769;;;svc_sql@DEMO.NOPCAP.NET;DEMO;;HOST/app03.demo.nopcap.net;;;;AES256;;;;;;;
2026-09-10T09:50:48;DC02;kerberos;4769;;;svc_monitor@DEMO.NOPCAP.NET;DEMO;;MSSQLSvc/sql01.demo.nopcap.net:1433;;;;AES256;;;;;;;
2026-09-10T09:46:41;DC02;kerberos;4769;;;s.wagner@DEMO.NOPCAP.NET;DEMO;;HTTP/portal.demo.nopcap.net;;;;AES256;;;;;;;
2026-09-10T09:42:52;DC02;kerberos;4769;;;svc_backup@DEMO.NOPCAP.NET;DEMO;;TERMSRV/vdi-broker.demo.nopcap.net;;;;AES256;;;;;;;
2026-09-10T09:39:31;WKS-0421;outgoing;4001;;Blocked;svc_sql;DEMO;spoolsv.exe;cifs/printsrv01;;;;;;;;;;;C:\Windows\System32\spoolsv.exe
2026-09-10T09:31:34;DC01;kerberos;4769;;;VDI-050$@DEMO.NOPCAP.NET;DEMO;;HTTP/portal.demo.nopcap.net;;;;AES256;;;;;;;
2026-09-10T09:30:20;DC01;kerberos;4769;;;VDI-032$@DEMO.NOPCAP.NET;DEMO;;TERMSRV/vdi-broker.demo.nopcap.net;;;;AES256;;;;;;;
2026-09-10T09:30:02;DC01;kerberos;4769;;;WKS-0658$@DEMO.NOPCAP.NET;DEMO;;HOST/app03.demo.nopcap.net;;;;AES256;;;;;;;
2026-09-10T09:29:44;DC01;kerberos;4769;;;WKS-0295$@DEMO.NOPCAP.NET;DEMO;;cifs/fs01.demo.nopcap.net;;;;AES256;;;;;;;
2026-09-10T09:28:18;FS01;outgoing;8001;;;svc_web;DEMO;msedge.exe;HTTP/intranet;;;;;;;;;;;C:\Program Files (x86)\Microsoft\Edge\Application\msedge.exe
2026-09-10T09:26:50;DC02;kerberos;4769;;;svc_backup@DEMO.NOPCAP.NET;DEMO;;ldap/dc01.demo.nopcap.net;;;;AES256;;;;;;;
2026-09-10T09:23:27;DC01;kerberos;4769;;;NB-1376$@DEMO.NOPCAP.NET;DEMO;;cifs/fs01.demo.nopcap.net;;;;AES256;;;;;;;
2026-09-10T09:22:14;DC01;kerberos;4769;;;VDI-038$@DEMO.NOPCAP.NET;DEMO;;ldap/dc01.demo.nopcap.net;;;;AES256;;;;;;;
2026-09-10T09:17:16;WKS-0421;outgoing;4020;NTLMv2;Direct;t.hoffmann;DEMO;lsass.exe;cifs/nas01;;;;;Target name could not be resolved by Kerberos;6;Unprotected;None;;;C:\Windows\System32\lsass.exe
2026-09-10T09:13:33;DC01;kerberos;4769;;;k.lorenz@DEMO.NOPCAP.NET;DEMO;;ldap/dc02.demo.nopcap.net;;;;AES256;;;;;;;
2026-09-10T09:10:52;DC01;kerberos;4769;;;k.lorenz@DEMO.NOPCAP.NET;DEMO;;ldap/dc02.demo.nopcap.net;;;;AES256;;;;;;;
2026-09-10T09:10:04;DC01;krbfail;4769;;;s.wagner@DEMO.NOPCAP.NET;DEMO;;cifs/nas01;;;;;;;;;;0x7;
2026-09-10T09:05:10;FS01;outgoing;8001;;;svc_sql;DEMO;lsass.exe;cifs/nas01;;;;;;;;;;;C:\Windows\System32\lsass.exe
2026-09-10T09:05:06;DC01;kerberos;4769;;;WKS-0497$@DEMO.NOPCAP.NET;DEMO;;HTTP/portal.demo.nopcap.net;;;;AES256;;;;;;;
2026-09-10T08:59:16;DC01;kerberos;4769;;;d.fischer@DEMO.NOPCAP.NET;DEMO;;ldap/dc02.demo.nopcap.net;;;;AES256;;;;;;;
2026-09-10T08:55:41;DC02;kerberos;4769;;;m.becker@DEMO.NOPCAP.NET;DEMO;;ldap/dc02.demo.nopcap.net;;;;AES256;;;;;;;
2026-09-10T08:53:46;DC01;kerberos;4769;;;d.fischer@DEMO.NOPCAP.NET;DEMO;;TERMSRV/vdi-broker.demo.nopcap.net;;;;AES256;;;;;;;
2026-09-10T08:51:54;DC02;kerberos;4769;;;s.wagner@DEMO.NOPCAP.NET;DEMO;;MSSQLSvc/sql01.demo.nopcap.net:1433;;;;AES256;;;;;;;
2026-09-10T08:40:06;DC01;kerberos;4769;;;svc_monitor@DEMO.NOPCAP.NET;DEMO;;ldap/dc02.demo.nopcap.net;;;;AES256;;;;;;;
2026-09-10T08:38:39;DC01;domain;8004;;;d.fischer;DEMO;;FS01;NB-1297;;;;;;;;;;
2026-09-10T08:37:37;DC01;kerberos;4769;;;NB-1187$@DEMO.NOPCAP.NET;DEMO;;ldap/dc01.demo.nopcap.net;;;;AES256;;;;;;;
2026-09-10T08:24:37;DC01;kerberos;4769;;;d.fischer@DEMO.NOPCAP.NET;DEMO;;HOST/app03.demo.nopcap.net;;;;AES256;;;;;;;
2026-09-10T08:19:26;DC02;kerberos;4769;;;svc_backup@DEMO.NOPCAP.NET;DEMO;;MSSQLSvc/sql01.demo.nopcap.net:1433;;;;AES256;;;;;;;
2026-09-10T08:18:56;DC01;incoming;8003;;;k.lorenz;DEMO;w3wp.exe;;NB-1243;;3;;;;;;;;
2026-09-10T08:17:49;DC01;kerberos;4769;;;VDI-081$@DEMO.NOPCAP.NET;DEMO;;cifs/fs01.demo.nopcap.net;;;;AES256;;;;;;;
2026-09-10T08:15:13;DC01;kerberos;4769;;;j.schulz@DEMO.NOPCAP.NET;DEMO;;MSSQLSvc/sql01.demo.nopcap.net:1433;;;;AES256;;;;;;;
2026-09-10T08:08:57;DC01;kerberos;4769;;;svc_backup@DEMO.NOPCAP.NET;DEMO;;HOST/app03.demo.nopcap.net;;;;AES256;;;;;;;
2026-09-10T08:07:54;DC01;kerberos;4769;;;k.lorenz@DEMO.NOPCAP.NET;DEMO;;cifs/fs01.demo.nopcap.net;;;;AES256;;;;;;;
2026-09-10T08:05:46;DC01;kerberos;4769;;;m.becker@DEMO.NOPCAP.NET;DEMO;;cifs/fs01.demo.nopcap.net;;;;AES256;;;;;;;
2026-09-09T17:54:13;DC02;kerberos;4769;;;administrator@DEMO.NOPCAP.NET;DEMO;;ldap/dc01.demo.nopcap.net;;;;AES256;;;;;;;
2026-09-09T17:51:28;DC02;kerberos;4769;;;svc_monitor@DEMO.NOPCAP.NET;DEMO;;HTTP/portal.demo.nopcap.net;;;;AES256;;;;;;;
2026-09-09T17:50:47;DC01;kerberos;4769;;;j.schulz@DEMO.NOPCAP.NET;DEMO;;TERMSRV/vdi-broker.demo.nopcap.net;;;;AES256;;;;;;;
2026-09-09T17:47:02;DC01;auth;4624;NTLMv1;Direct;svc_scan;DEMO;;;MFP-EG-05;10.14.30.41;3;;;;;;;;
2026-09-09T17:25:27;WKS-0421;outgoing;4001;;Blocked;svc_backup;DEMO;explorer.exe;cifs/fs01.demo.nopcap.net;;;;;;;;;;;C:\Windows\explorer.exe
2026-09-09T17:23:01;DC01;kerberos;4769;;;a.klein@DEMO.NOPCAP.NET;DEMO;;cifs/fs01.demo.nopcap.net;;;;AES256;;;;;;;
2026-09-09T17:20:13;DC01;kerberos;4769;;;svc_monitor@DEMO.NOPCAP.NET;DEMO;;ldap/dc01.demo.nopcap.net;;;;AES256;;;;;;;
2026-09-09T17:07:50;DC02;kerberos;4769;;;t.hoffmann@DEMO.NOPCAP.NET;DEMO;;MSSQLSvc/sql01.demo.nopcap.net:1433;;;;AES256;;;;;;;
2026-09-09T17:06:05;APP03;outgoing;8001;;;s.wagner;DEMO;java.exe;HTTP/erp-test;;;;;;;;;;;C:\Program Files\Eclipse Adoptium\jdk-17\bin\java.exe
2026-09-09T16:58:49;DC02;kerberos;4769;;;k.lorenz@DEMO.NOPCAP.NET;DEMO;;ldap/dc02.demo.nopcap.net;;;;AES256;;;;;;;
2026-09-09T16:57:27;DC01;kerberos;4769;;;svc_backup@DEMO.NOPCAP.NET;DEMO;;cifs/fs01.demo.nopcap.net;;;;AES256;;;;;;;
2026-09-09T16:55:08;DC01;kerberos;4769;;;svc_sql@DEMO.NOPCAP.NET;DEMO;;TERMSRV/vdi-broker.demo.nopcap.net;;;;AES256;;;;;;;
2026-09-09T16:52:36;DC02;kerberos;4769;;;svc_monitor@DEMO.NOPCAP.NET;DEMO;;TERMSRV/vdi-broker.demo.nopcap.net;;;;AES256;;;;;;;
2026-09-09T16:42:34;DC01;kerberos;4769;;;WKS-0108$@DEMO.NOPCAP.NET;DEMO;;MSSQLSvc/sql01.demo.nopcap.net:1433;;;;AES256;;;;;;;
2026-09-09T16:41:43;APP03;outgoing;8001;;;m.becker;DEMO;mmc.exe;cifs/10.14.22.31;;;;;;;;;;;C:\Windows\System32\mmc.exe
2026-09-09T16:41:23;DC01;kerberos;4769;;;svc_web@DEMO.NOPCAP.NET;DEMO;;TERMSRV/vdi-broker.demo.nopcap.net;;;;RC4;;;;;;;
2026-09-09T16:33:33;WKS-0421;outgoing;8001;;;a.klein;DEMO;msedge.exe;HTTP/intranet;;;;;;;;;;;C:\Program Files (x86)\Microsoft\Edge\Application\msedge.exe
2026-09-09T16:33:03;DC01;kerberos;4769;;;svc_monitor@DEMO.NOPCAP.NET;DEMO;;HOST/app03.demo.nopcap.net;;;;AES256;;;;;;;
2026-09-09T16:31:21;DC01;kerberos;4769;;;svc_web@DEMO.NOPCAP.NET;DEMO;;ldap/dc02.demo.nopcap.net;;;;RC4;;;;;;;
2026-09-09T16:30:03;DC02;kerberos;4769;;;svc_monitor@DEMO.NOPCAP.NET;DEMO;;HOST/app03.demo.nopcap.net;;;;AES256;;;;;;;
2026-09-09T16:29:12;DC02;kerberos;4769;;;svc_web@DEMO.NOPCAP.NET;DEMO;;ldap/dc02.demo.nopcap.net;;;;RC4;;;;;;;
2026-09-09T16:27:40;DC01;kerberos;4769;;;svc_web@DEMO.NOPCAP.NET;DEMO;;MSSQLSvc/sql01.demo.nopcap.net:1433;;;;AES256;;;;;;;
2026-09-09T16:17:18;FS01;outgoing;8001;;;a.klein;DEMO;explorer.exe;cifs/fs01.demo.nopcap.net;;;;;;;;;;;C:\Windows\explorer.exe
2026-09-09T16:14:02;DC01;kerberos;4769;;;a.klein@DEMO.NOPCAP.NET;DEMO;;ldap/dc02.demo.nopcap.net;;;;AES256;;;;;;;
2026-09-09T16:11:14;DC02;kerberos;4769;;;svc_backup@DEMO.NOPCAP.NET;DEMO;;ldap/dc01.demo.nopcap.net;;;;AES256;;;;;;;
2026-09-09T16:09:47;DC01;kerberos;4769;;;s.wagner@DEMO.NOPCAP.NET;DEMO;;MSSQLSvc/sql01.demo.nopcap.net:1433;;;;AES256;;;;;;;
2026-09-09T16:05:29;DC01;kerberos;4769;;;svc_monitor@DEMO.NOPCAP.NET;DEMO;;cifs/fs01.demo.nopcap.net;;;;AES256;;;;;;;
2026-09-09T16:02:33;DC02;kerberos;4769;;;d.fischer@DEMO.NOPCAP.NET;DEMO;;HTTP/portal.demo.nopcap.net;;;;AES256;;;;;;;
2026-09-09T16:02:01;DC01;kerberos;4769;;;VDI-049$@DEMO.NOPCAP.NET;DEMO;;cifs/fs01.demo.nopcap.net;;;;AES256;;;;;;;
2026-09-09T15:59:31;APP03;outgoing;8001;;;svc_backup;DEMO;svchost.exe;ldap/dc01.demo.nopcap.net;;;;;;;;;;;C:\Windows\System32\svchost.exe
2026-09-09T15:58:37;DC01;kerberos;4769;;;t.hoffmann@DEMO.NOPCAP.NET;DEMO;;TERMSRV/vdi-broker.demo.nopcap.net;;;;AES256;;;;;;;
2026-09-09T15:54:48;DC01;kerberos;4769;;;VDI-047$@DEMO.NOPCAP.NET;DEMO;;TERMSRV/vdi-broker.demo.nopcap.net;;;;AES256;;;;;;;
2026-09-09T15:49:16;DC01;kerberos;4769;;;VDI-050$@DEMO.NOPCAP.NET;DEMO;;cifs/fs01.demo.nopcap.net;;;;AES256;;;;;;;
2026-09-09T15:47:06;DC01;kerberos;4769;;;a.klein@DEMO.NOPCAP.NET;DEMO;;TERMSRV/vdi-broker.demo.nopcap.net;;;;AES256;;;;;;;
2026-09-09T15:46:25;DC02;kerberos;4769;;;administrator@DEMO.NOPCAP.NET;DEMO;;HOST/app03.demo.nopcap.net;;;;AES256;;;;;;;
2026-09-09T15:45:46;DC02;kerberos;4769;;;p.neumann@DEMO.NOPCAP.NET;DEMO;;cifs/fs01.demo.nopcap.net;;;;AES256;;;;;;;
2026-09-09T15:45:04;DC01;kerberos;4769;;;WKS-0137$@DEMO.NOPCAP.NET;DEMO;;HTTP/portal.demo.nopcap.net;;;;AES256;;;;;;;
2026-09-09T15:44:34;DC01;kerberos;4769;;;WKS-0287$@DEMO.NOPCAP.NET;DEMO;;MSSQLSvc/sql01.demo.nopcap.net:1433;;;;AES256;;;;;;;
2026-09-09T15:42:09;DC01;kerberos;4769;;;p.neumann@DEMO.NOPCAP.NET;DEMO;;cifs/fs01.demo.nopcap.net;;;;AES256;;;;;;;
2026-09-09T15:39:43;DC01;kerberos;4769;;;svc_backup@DEMO.NOPCAP.NET;DEMO;;ldap/dc01.demo.nopcap.net;;;;AES256;;;;;;;
2026-09-09T15:38:40;DC01;kerberos;4769;;;WKS-0736$@DEMO.NOPCAP.NET;DEMO;;HOST/app03.demo.nopcap.net;;;;AES256;;;;;;;
2026-09-09T15:35:46;DC01;kerberos;4769;;;k.lorenz@DEMO.NOPCAP.NET;DEMO;;MSSQLSvc/sql01.demo.nopcap.net:1433;;;;AES256;;;;;;;
2026-09-09T15:35:42;DC02;auth;4624;NTLMv2;Direct;j.schulz;DEMO;;;WKS-0599;10.14.20.114;3;;;;;;;;
2026-09-09T15:33:56;DC01;kerberos;4769;;;NB-1296$@DEMO.NOPCAP.NET;DEMO;;HOST/app03.demo.nopcap.net;;;;AES256;;;;;;;
2026-09-09T15:31:54;WKS-0421;outgoing;4020;NTLMv2;Direct;d.fischer;DEMO;lsass.exe;cifs/nas01;;;;;Target name could not be resolved by Kerberos;6;Unprotected;None;;;C:\Windows\System32\lsass.exe
2026-09-09T15:31:23;DC01;kerberos;4769;;;VDI-010$@DEMO.NOPCAP.NET;DEMO;;cifs/fs01.demo.nopcap.net;;;;AES256;;;;;;;
2026-09-09T15:28:19;DC02;kerberos;4769;;;svc_backup@DEMO.NOPCAP.NET;DEMO;;HOST/app03.demo.nopcap.net;;;;AES256;;;;;;;
2026-09-09T15:27:23;DC01;kerberos;4769;;;NB-1220$@DEMO.NOPCAP.NET;DEMO;;TERMSRV/vdi-broker.demo.nopcap.net;;;;AES256;;;;;;;
2026-09-09T15:27:19;DC01;kerberos;4769;;;WKS-0449$@DEMO.NOPCAP.NET;DEMO;;ldap/dc01.demo.nopcap.net;;;;AES256;;;;;;;
2026-09-09T15:24:42;DC01;kerberos;4769;;;d.fischer@DEMO.NOPCAP.NET;DEMO;;ldap/dc02.demo.nopcap.net;;;;AES256;;;;;;;
2026-09-09T15:23:27;DC01;kerberos;4769;;;t.hoffmann@DEMO.NOPCAP.NET;DEMO;;TERMSRV/vdi-broker.demo.nopcap.net;;;;AES256;;;;;;;
2026-09-09T15:22:35;FS01;outgoing;8001;;;administrator;DEMO;msedge.exe;HTTP/intranet;;;;;;;;;;;C:\Program Files (x86)\Microsoft\Edge\Application\msedge.exe
2026-09-09T15:21:51;DC02;kerberos;4769;;;svc_web@DEMO.NOPCAP.NET;DEMO;;MSSQLSvc/sql01.demo.nopcap.net:1433;;;;RC4;;;;;;;
2026-09-09T15:18:50;DC02;kerberos;4769;;;a.klein@DEMO.NOPCAP.NET;DEMO;;ldap/dc02.demo.nopcap.net;;;;AES256;;;;;;;
2026-09-09T15:09:24;DC02;kerberos;4769;;;administrator@DEMO.NOPCAP.NET;DEMO;;TERMSRV/vdi-broker.demo.nopcap.net;;;;AES256;;;;;;;
2026-09-09T15:09:08;DC01;kerberos;4769;;;s.wagner@DEMO.NOPCAP.NET;DEMO;;TERMSRV/vdi-broker.demo.nopcap.net;;;;AES256;;;;;;;
2026-09-09T15:08:50;WKS-0421;outgoing;4020;NTLMv2;Direct;p.neumann;DEMO;spoolsv.exe;cifs/printsrv01;;;;;Target name could not be resolved by Kerberos;6;Unprotected;None;;;C:\Windows\System32\spoolsv.exe
2026-09-09T15:05:56;DC01;kerberos;4769;;;svc_sql@DEMO.NOPCAP.NET;DEMO;;TERMSRV/vdi-broker.demo.nopcap.net;;;;AES256;;;;;;;
2026-09-09T15:05:09;DC02;auth;4624;NTLMv2;Fallback;svc_web;DEMO;;;NB-1329;10.14.23.23;3;;;;;;;;
2026-09-09T14:53:28;DC01;kerberos;4769;;;NB-1384$@DEMO.NOPCAP.NET;DEMO;;HTTP/portal.demo.nopcap.net;;;;AES256;;;;;;;
2026-09-09T14:43:31;DC02;auth;4624;NTLMv2;Direct;svc_sql;DEMO;;;NB-1252;10.14.22.63;3;;;;;;;;
2026-09-09T14:43:23;APP03;incoming;8003;;;j.schulz;DEMO;System;;NB-1156;;3;;;;;;;;
2026-09-09T14:38:40;DC01;kerberos;4769;;;svc_monitor@DEMO.NOPCAP.NET;DEMO;;cifs/fs01.demo.nopcap.net;;;;AES256;;;;;;;
2026-09-09T14:37:52;DC01;auth;4624;NTLMv2;Fallback;t.hoffmann;DEMO;;;WKS-0519;10.14.24.3;3;;;;;;;;
2026-09-09T14:34:07;DC02;kerberos;4769;;;t.hoffmann@DEMO.NOPCAP.NET;DEMO;;HOST/app03.demo.nopcap.net;;;;AES256;;;;;;;
2026-09-09T14:33:21;DC01;kerberos;4769;;;s.wagner@DEMO.NOPCAP.NET;DEMO;;HOST/app03.demo.nopcap.net;;;;AES256;;;;;;;
2026-09-09T14:29:48;DC01;kerberos;4769;;;p.neumann@DEMO.NOPCAP.NET;DEMO;;TERMSRV/vdi-broker.demo.nopcap.net;;;;AES256;;;;;;;
2026-09-09T14:22:37;FS01;incoming;8002;;;APP03$;DEMO;svchost.exe;;;;;;;;;;;;
2026-09-09T14:21:07;DC01;kerberos;4769;;;WKS-0805$@DEMO.NOPCAP.NET;DEMO;;cifs/fs01.demo.nopcap.net;;;;AES256;;;;;;;
2026-09-09T14:20:27;DC02;kerberos;4769;;;d.fischer@DEMO.NOPCAP.NET;DEMO;;HTTP/portal.demo.nopcap.net;;;;AES256;;;;;;;
2026-09-09T14:19:42;DC01;kerberos;4769;;;m.becker@DEMO.NOPCAP.NET;DEMO;;MSSQLSvc/sql01.demo.nopcap.net:1433;;;;AES256;;;;;;;
2026-09-09T14:18:39;DC01;kerberos;4769;;;m.becker@DEMO.NOPCAP.NET;DEMO;;MSSQLSvc/sql01.demo.nopcap.net:1433;;;;AES256;;;;;;;
2026-09-09T14:18:19;DC01;kerberos;4769;;;t.hoffmann@DEMO.NOPCAP.NET;DEMO;;ldap/dc02.demo.nopcap.net;;;;AES256;;;;;;;
2026-09-09T14:12:13;DC01;kerberos;4769;;;k.lorenz@DEMO.NOPCAP.NET;DEMO;;ldap/dc02.demo.nopcap.net;;;;AES256;;;;;;;
2026-09-09T14:11:38;DC01;kerberos;4769;;;WKS-0439$@DEMO.NOPCAP.NET;DEMO;;ldap/dc01.demo.nopcap.net;;;;AES256;;;;;;;
2026-09-09T14:03:09;DC01;kerberos;4769;;;a.klein@DEMO.NOPCAP.NET;DEMO;;HOST/app03.demo.nopcap.net;;;;AES256;;;;;;;
2026-09-09T14:01:44;DC01;kerberos;4769;;;s.wagner@DEMO.NOPCAP.NET;DEMO;;HOST/app03.demo.nopcap.net;;;;AES256;;;;;;;
2026-09-09T14:01:14;APP03;outgoing;8001;;;p.neumann;DEMO;msedge.exe;HTTP/intranet;;;;;;;;;;;C:\Program Files (x86)\Microsoft\Edge\Application\msedge.exe
2026-09-09T13:59:03;DC01;kerberos;4769;;;d.fischer@DEMO.NOPCAP.NET;DEMO;;HOST/app03.demo.nopcap.net;;;;AES256;;;;;;;
2026-09-09T13:57:16;DC01;kerberos;4769;;;WKS-0652$@DEMO.NOPCAP.NET;DEMO;;ldap/dc02.demo.nopcap.net;;;;AES256;;;;;;;
2026-09-09T13:57:13;DC01;kerberos;4769;;;NB-1343$@DEMO.NOPCAP.NET;DEMO;;cifs/fs01.demo.nopcap.net;;;;AES256;;;;;;;
2026-09-09T13:52:24;DC02;kerberos;4769;;;t.hoffmann@DEMO.NOPCAP.NET;DEMO;;TERMSRV/vdi-broker.demo.nopcap.net;;;;AES256;;;;;;;
2026-09-09T13:52:17;DC01;kerberos;4769;;;svc_monitor@DEMO.NOPCAP.NET;DEMO;;HOST/app03.demo.nopcap.net;;;;AES256;;;;;;;
2026-09-09T13:49:50;DC02;kerberos;4769;;;m.becker@DEMO.NOPCAP.NET;DEMO;;cifs/fs01.demo.nopcap.net;;;;AES256;;;;;;;
2026-09-09T13:44:32;DC01;kerberos;4769;;;a.klein@DEMO.NOPCAP.NET;DEMO;;ldap/dc02.demo.nopcap.net;;;;AES256;;;;;;;
2026-09-09T13:44:24;DC02;kerberos;4769;;;k.lorenz@DEMO.NOPCAP.NET;DEMO;;HTTP/portal.demo.nopcap.net;;;;AES256;;;;;;;
2026-09-09T13:43:28;DC01;kerberos;4769;;;NB-1334$@DEMO.NOPCAP.NET;DEMO;;HOST/app03.demo.nopcap.net;;;;AES256;;;;;;;
2026-09-09T13:43:26;DC01;kerberos;4769;;;WKS-0840$@DEMO.NOPCAP.NET;DEMO;;ldap/dc02.demo.nopcap.net;;;;AES256;;;;;;;
2026-09-09T13:42:39;DC01;kerberos;4769;;;WKS-0395$@DEMO.NOPCAP.NET;DEMO;;ldap/dc01.demo.nopcap.net;;;;AES256;;;;;;;
2026-09-09T13:40:57;DC01;kerberos;4769;;;k.lorenz@DEMO.NOPCAP.NET;DEMO;;MSSQLSvc/sql01.demo.nopcap.net:1433;;;;AES256;;;;;;;
2026-09-09T13:38:31;DC01;kerberos;4769;;;WKS-0378$@DEMO.NOPCAP.NET;DEMO;;HTTP/portal.demo.nopcap.net;;;;AES256;;;;;;;
2026-09-09T13:36:14;APP03;outgoing;8001;;;k.lorenz;DEMO;msedge.exe;HTTP/intranet;;;;;;;;;;;C:\Program Files (x86)\Microsoft\Edge\Application\msedge.exe
2026-09-09T13:36:11;DC01;kerberos;4769;;;NB-1055$@DEMO.NOPCAP.NET;DEMO;;TERMSRV/vdi-broker.demo.nopcap.net;;;;AES256;;;;;;;
2026-09-09T13:35:19;DC01;kerberos;4769;;;NB-1294$@DEMO.NOPCAP.NET;DEMO;;cifs/fs01.demo.nopcap.net;;;;AES256;;;;;;;
2026-09-09T13:33:42;DC01;kerberos;4769;;;svc_backup@DEMO.NOPCAP.NET;DEMO;;HOST/app03.demo.nopcap.net;;;;AES256;;;;;;;
2026-09-09T13:31:31;DC02;kerberos;4769;;;svc_backup@DEMO.NOPCAP.NET;DEMO;;HTTP/portal.demo.nopcap.net;;;;AES256;;;;;;;
2026-09-09T13:26:58;DC01;domain;8004;;;j.schulz;DEMO;;ERP-TEST;NB-1041;;;;;;;;;;
2026-09-09T13:25:32;DC02;kerberos;4769;;;p.neumann@DEMO.NOPCAP.NET;DEMO;;ldap/dc02.demo.nopcap.net;;;;AES256;;;;;;;
2026-09-09T13:13:01;DC02;kerberos;4769;;;d.fischer@DEMO.NOPCAP.NET;DEMO;;HOST/app03.demo.nopcap.net;;;;AES256;;;;;;;
2026-09-09T13:11:59;DC01;kerberos;4769;;;WKS-0185$@DEMO.NOPCAP.NET;DEMO;;cifs/fs01.demo.nopcap.net;;;;AES256;;;;;;;
2026-09-09T13:07:40;DC01;domain;8004;;;a.klein;DEMO;;NAS01;NB-1173;;;;;;;;;;
2026-09-09T13:00:25;DC01;auth;4624;NTLMv2;Direct;t.hoffmann;DEMO;;;VDI-010;10.14.21.184;3;;;;;;;;
2026-09-09T13:00:16;DC01;kerberos;4769;;;m.becker@DEMO.NOPCAP.NET;DEMO;;HTTP/portal.demo.nopcap.net;;;;AES256;;;;;;;
2026-09-09T12:59:39;DC02;kerberos;4769;;;p.neumann@DEMO.NOPCAP.NET;DEMO;;HTTP/portal.demo.nopcap.net;;;;AES256;;;;;;;
2026-09-09T12:57:44;DC01;kerberos;4769;;;j.schulz@DEMO.NOPCAP.NET;DEMO;;TERMSRV/vdi-broker.demo.nopcap.net;;;;AES256;;;;;;;
2026-09-09T12:56:44;DC02;kerberos;4769;;;a.klein@DEMO.NOPCAP.NET;DEMO;;MSSQLSvc/sql01.demo.nopcap.net:1433;;;;AES256;;;;;;;
2026-09-09T12:54:41;DC01;kerberos;4769;;;d.fischer@DEMO.NOPCAP.NET;DEMO;;cifs/fs01.demo.nopcap.net;;;;AES256;;;;;;;
2026-09-09T12:48:19;DC01;kerberos;4769;;;t.hoffmann@DEMO.NOPCAP.NET;DEMO;;ldap/dc02.demo.nopcap.net;;;;AES256;;;;;;;
2026-09-09T12:48:16;DC01;kerberos;4769;;;NB-1223$@DEMO.NOPCAP.NET;DEMO;;ldap/dc02.demo.nopcap.net;;;;AES256;;;;;;;
2026-09-09T12:44:07;DC02;kerberos;4769;;;svc_backup@DEMO.NOPCAP.NET;DEMO;;MSSQLSvc/sql01.demo.nopcap.net:1433;;;;AES256;;;;;;;
2026-09-09T12:42:24;DC01;kerberos;4769;;;svc_web@DEMO.NOPCAP.NET;DEMO;;cifs/fs01.demo.nopcap.net;;;;RC4;;;;;;;
2026-09-09T12:38:39;DC01;kerberos;4769;;;m.becker@DEMO.NOPCAP.NET;DEMO;;HTTP/portal.demo.nopcap.net;;;;AES256;;;;;;;
2026-09-09T12:36:35;DC01;kerberos;4769;;;d.fischer@DEMO.NOPCAP.NET;DEMO;;ldap/dc02.demo.nopcap.net;;;;AES256;;;;;;;
2026-09-09T12:35:01;DC01;kerberos;4769;;;a.klein@DEMO.NOPCAP.NET;DEMO;;TERMSRV/vdi-broker.demo.nopcap.net;;;;AES256;;;;;;;
2026-09-09T12:30:39;DC02;kerberos;4769;;;p.neumann@DEMO.NOPCAP.NET;DEMO;;ldap/dc01.demo.nopcap.net;;;;AES256;;;;;;;
2026-09-09T12:25:23;DC01;kerberos;4769;;;k.lorenz@DEMO.NOPCAP.NET;DEMO;;ldap/dc02.demo.nopcap.net;;;;AES256;;;;;;;
2026-09-09T12:20:36;DC01;kerberos;4769;;;m.becker@DEMO.NOPCAP.NET;DEMO;;TERMSRV/vdi-broker.demo.nopcap.net;;;;AES256;;;;;;;
2026-09-09T12:14:38;DC01;kerberos;4769;;;administrator@DEMO.NOPCAP.NET;DEMO;;MSSQLSvc/sql01.demo.nopcap.net:1433;;;;AES256;;;;;;;
2026-09-09T12:12:46;DC01;kerberos;4769;;;NB-1238$@DEMO.NOPCAP.NET;DEMO;;ldap/dc02.demo.nopcap.net;;;;AES256;;;;;;;
2026-09-09T12:08:33;DC02;kerberos;4769;;;t.hoffmann@DEMO.NOPCAP.NET;DEMO;;ldap/dc01.demo.nopcap.net;;;;AES256;;;;;;;
2026-09-09T12:07:32;DC01;kerberos;4769;;;t.hoffmann@DEMO.NOPCAP.NET;DEMO;;ldap/dc02.demo.nopcap.net;;;;AES256;;;;;;;
2026-09-09T12:02:33;DC01;kerberos;4769;;;VDI-072$@DEMO.NOPCAP.NET;DEMO;;ldap/dc01.demo.nopcap.net;;;;AES256;;;;;;;
2026-09-09T12:00:17;DC01;kerberos;4769;;;p.neumann@DEMO.NOPCAP.NET;DEMO;;ldap/dc01.demo.nopcap.net;;;;AES256;;;;;;;
2026-09-09T11:56:03;DC01;kerberos;4769;;;j.schulz@DEMO.NOPCAP.NET;DEMO;;MSSQLSvc/sql01.demo.nopcap.net:1433;;;;AES256;;;;;;;
2026-09-09T11:52:59;WKS-0421;cgblock;4013;NTLMv1;Blocked;k.lorenz;DEMO;explorer.exe;nas01;;;;;;;;;;;C:\Windows\explorer.exe
2026-09-09T11:51:35;DC01;kerberos;4769;;;NB-1194$@DEMO.NOPCAP.NET;DEMO;;HOST/app03.demo.nopcap.net;;;;AES256;;;;;;;
2026-09-09T11:49:16;DC01;kerberos;4769;;;svc_backup@DEMO.NOPCAP.NET;DEMO;;ldap/dc01.demo.nopcap.net;;;;AES256;;;;;;;
2026-09-09T11:48:30;DC01;kerberos;4769;;;a.klein@DEMO.NOPCAP.NET;DEMO;;TERMSRV/vdi-broker.demo.nopcap.net;;;;AES256;;;;;;;
2026-09-09T11:47:23;DC01;kerberos;4769;;;svc_sql@DEMO.NOPCAP.NET;DEMO;;TERMSRV/vdi-broker.demo.nopcap.net;;;;AES256;;;;;;;
2026-09-09T11:42:41;WKS-0421;outgoing;4020;NTLMv2;Direct;administrator;DEMO;System;cifs/fs01.demo.nopcap.net;;;;;Application called NTLM directly;1;Unprotected;None;;;
2026-09-09T11:41:35;APP03;outgoing;8001;;;administrator;DEMO;System;cifs/fs01.demo.nopcap.net;;;;;;;;;;;
2026-09-09T11:39:04;DC02;kerberos;4769;;;k.lorenz@DEMO.NOPCAP.NET;DEMO;;TERMSRV/vdi-broker.demo.nopcap.net;;;;AES256;;;;;;;
2026-09-09T11:36:43;DC01;kerberos;4769;;;a.klein@DEMO.NOPCAP.NET;DEMO;;HOST/app03.demo.nopcap.net;;;;AES256;;;;;;;
2026-09-09T11:31:39;DC02;kerberos;4769;;;svc_web@DEMO.NOPCAP.NET;DEMO;;TERMSRV/vdi-broker.demo.nopcap.net;;;;RC4;;;;;;;
2026-09-09T11:24:08;DC02;kerberos;4769;;;j.schulz@DEMO.NOPCAP.NET;DEMO;;ldap/dc01.demo.nopcap.net;;;;AES256;;;;;;;
2026-09-09T11:23:53;DC02;auth;4624;NTLMv2;Direct;j.schulz;DEMO;;;NB-1076;10.14.20.91;3;;;;;;;;
2026-09-09T11:20:59;DC02;kerberos;4769;;;m.becker@DEMO.NOPCAP.NET;DEMO;;ldap/dc01.demo.nopcap.net;;;;AES256;;;;;;;
2026-09-09T11:16:30;DC02;domain;8004;;;t.hoffmann;DEMO;;ERP-TEST;NB-1215;;;;;;;;;;
2026-09-09T11:07:26;FS01;incoming;8002;;;FS01$;DEMO;w3wp.exe;;;;;;;;;;;;
2026-09-09T11:05:16;DC01;kerberos;4769;;;svc_backup@DEMO.NOPCAP.NET;DEMO;;ldap/dc02.demo.nopcap.net;;;;AES256;;;;;;;
2026-09-09T10:59:40;DC02;kerberos;4769;;;d.fischer@DEMO.NOPCAP.NET;DEMO;;ldap/dc02.demo.nopcap.net;;;;AES256;;;;;;;
2026-09-09T10:55:44;DC02;kerberos;4769;;;svc_monitor@DEMO.NOPCAP.NET;DEMO;;MSSQLSvc/sql01.demo.nopcap.net:1433;;;;AES256;;;;;;;
2026-09-09T10:55:34;DC02;kerberos;4769;;;s.wagner@DEMO.NOPCAP.NET;DEMO;;MSSQLSvc/sql01.demo.nopcap.net:1433;;;;AES256;;;;;;;
2026-09-09T10:55:12;DC01;domain;8004;;;a.klein;DEMO;;FS01;VDI-069;;;;;;;;;;
2026-09-09T10:55:00;DC01;kerberos;4769;;;VDI-085$@DEMO.NOPCAP.NET;DEMO;;ldap/dc02.demo.nopcap.net;;;;AES256;;;;;;;
2026-09-09T10:52:10;DC02;kerberos;4769;;;k.lorenz@DEMO.NOPCAP.NET;DEMO;;cifs/fs01.demo.nopcap.net;;;;AES256;;;;;;;
2026-09-09T10:50:45;DC01;kerberos;4769;;;svc_backup@DEMO.NOPCAP.NET;DEMO;;ldap/dc02.demo.nopcap.net;;;;AES256;;;;;;;
2026-09-09T10:49:56;DC01;kerberos;4769;;;svc_web@DEMO.NOPCAP.NET;DEMO;;cifs/fs01.demo.nopcap.net;;;;RC4;;;;;;;
2026-09-09T10:49:03;DC02;auth;4624;NTLMv2;Direct;k.lorenz;DEMO;;;WKS-0275;10.14.23.35;3;;;;;;;;
2026-09-09T10:46:17;DC01;kerberos;4769;;;WKS-0812$@DEMO.NOPCAP.NET;DEMO;;TERMSRV/vdi-broker.demo.nopcap.net;;;;AES256;;;;;;;
2026-09-09T10:45:55;WKS-0421;outgoing;4001;;Blocked;t.hoffmann;DEMO;explorer.exe;cifs/fs01.demo.nopcap.net;;;;;;;;;;;C:\Windows\explorer.exe
2026-09-09T10:40:59;DC01;kerberos;4769;;;VDI-023$@DEMO.NOPCAP.NET;DEMO;;MSSQLSvc/sql01.demo.nopcap.net:1433;;;;AES256;;;;;;;
2026-09-09T10:39:22;WKS-0421;outgoing;8001;;;p.neumann;DEMO;explorer.exe;cifs/fs01.demo.nopcap.net;;;;;;;;;;;C:\Windows\explorer.exe
2026-09-09T10:38:23;DC01;kerberos;4769;;;VDI-079$@DEMO.NOPCAP.NET;DEMO;;TERMSRV/vdi-broker.demo.nopcap.net;;;;AES256;;;;;;;
2026-09-09T10:38:23;DC01;kerberos;4769;;;svc_backup@DEMO.NOPCAP.NET;DEMO;;ldap/dc01.demo.nopcap.net;;;;AES256;;;;;;;
2026-09-09T10:36:00;DC01;kerberos;4769;;;VDI-046$@DEMO.NOPCAP.NET;DEMO;;TERMSRV/vdi-broker.demo.nopcap.net;;;;AES256;;;;;;;
2026-09-09T10:35:53;DC01;kerberos;4769;;;WKS-0558$@DEMO.NOPCAP.NET;DEMO;;ldap/dc01.demo.nopcap.net;;;;AES256;;;;;;;
2026-09-09T10:33:05;DC02;kerberos;4769;;;administrator@DEMO.NOPCAP.NET;DEMO;;HTTP/portal.demo.nopcap.net;;;;AES256;;;;;;;
2026-09-09T10:29:52;DC01;kerberos;4769;;;d.fischer@DEMO.NOPCAP.NET;DEMO;;ldap/dc02.demo.nopcap.net;;;;AES256;;;;;;;
2026-09-09T10:28:15;DC01;kerberos;4769;;;WKS-0221$@DEMO.NOPCAP.NET;DEMO;;MSSQLSvc/sql01.demo.nopcap.net:1433;;;;AES256;;;;;;;
2026-09-09T10:25:26;DC02;kerberos;4769;;;svc_sql@DEMO.NOPCAP.NET;DEMO;;TERMSRV/vdi-broker.demo.nopcap.net;;;;AES256;;;;;;;
2026-09-09T10:25:05;DC01;kerberos;4769;;;WKS-0629$@DEMO.NOPCAP.NET;DEMO;;HTTP/portal.demo.nopcap.net;;;;AES256;;;;;;;
2026-09-09T10:24:56;DC02;auth;4624;NTLMv2;Direct;a.klein;DEMO;;;NB-1061;10.14.24.14;3;;;;;;;;
2026-09-09T10:22:56;DC02;kerberos;4769;;;s.wagner@DEMO.NOPCAP.NET;DEMO;;MSSQLSvc/sql01.demo.nopcap.net:1433;;;;AES256;;;;;;;
2026-09-09T10:20:54;WKS-0421;outgoing;4001;;Blocked;administrator;DEMO;System;cifs/fs01.demo.nopcap.net;;;;;;;;;;;
2026-09-09T10:20:53;DC02;kerberos;4769;;;svc_monitor@DEMO.NOPCAP.NET;DEMO;;cifs/fs01.demo.nopcap.net;;;;AES256;;;;;;;
2026-09-09T10:19:43;DC01;kerberos;4769;;;t.hoffmann@DEMO.NOPCAP.NET;DEMO;;MSSQLSvc/sql01.demo.nopcap.net:1433;;;;AES256;;;;;;;
2026-09-09T10:17:18;DC01;kerberos;4769;;;t.hoffmann@DEMO.NOPCAP.NET;DEMO;;HTTP/portal.demo.nopcap.net;;;;AES256;;;;;;;
2026-09-09T10:16:15;DC01;kerberos;4769;;;NB-1126$@DEMO.NOPCAP.NET;DEMO;;ldap/dc02.demo.nopcap.net;;;;AES256;;;;;;;
2026-09-09T10:13:57;DC02;kerberos;4769;;;p.neumann@DEMO.NOPCAP.NET;DEMO;;HTTP/portal.demo.nopcap.net;;;;AES256;;;;;;;
2026-09-09T10:13:22;DC02;kerberos;4769;;;svc_backup@DEMO.NOPCAP.NET;DEMO;;ldap/dc02.demo.nopcap.net;;;;AES256;;;;;;;
2026-09-09T10:12:29;DC02;kerberos;4769;;;t.hoffmann@DEMO.NOPCAP.NET;DEMO;;cifs/fs01.demo.nopcap.net;;;;AES256;;;;;;;
2026-09-09T10:11:15;DC01;kerberos;4769;;;svc_sql@DEMO.NOPCAP.NET;DEMO;;TERMSRV/vdi-broker.demo.nopcap.net;;;;AES256;;;;;;;
2026-09-09T10:08:52;DC02;kerberos;4769;;;j.schulz@DEMO.NOPCAP.NET;DEMO;;TERMSRV/vdi-broker.demo.nopcap.net;;;;AES256;;;;;;;
2026-09-09T10:07:37;DC01;kerberos;4769;;;NB-1185$@DEMO.NOPCAP.NET;DEMO;;ldap/dc02.demo.nopcap.net;;;;AES256;;;;;;;
2026-09-09T10:07:18;FS01;outgoing;8001;;;a.klein;DEMO;lsass.exe;cifs/nas01;;;;;;;;;;;C:\Windows\System32\lsass.exe
2026-09-09T10:04:42;DC02;domain;8004;;;svc_web;DEMO;;NAS01;WKS-0839;;;;;;;;;;
2026-09-09T10:02:42;DC02;kerberos;4769;;;j.schulz@DEMO.NOPCAP.NET;DEMO;;ldap/dc02.demo.nopcap.net;;;;AES256;;;;;;;
2026-09-09T10:00:25;DC01;kerberos;4769;;;VDI-076$@DEMO.NOPCAP.NET;DEMO;;ldap/dc02.demo.nopcap.net;;;;AES256;;;;;;;
2026-09-09T09:59:58;DC02;kerberos;4769;;;svc_backup@DEMO.NOPCAP.NET;DEMO;;HTTP/portal.demo.nopcap.net;;;;AES256;;;;;;;
2026-09-09T09:56:40;FS01;outgoing;8001;;;t.hoffmann;DEMO;wsmprovhost.exe;HOST/app03;;;;;;;;;;;C:\Windows\System32\wsmprovhost.exe
2026-09-09T09:56:22;DC02;kerberos;4769;;;p.neumann@DEMO.NOPCAP.NET;DEMO;;MSSQLSvc/sql01.demo.nopcap.net:1433;;;;AES256;;;;;;;
2026-09-09T09:53:01;DC02;kerberos;4769;;;d.fischer@DEMO.NOPCAP.NET;DEMO;;HOST/app03.demo.nopcap.net;;;;AES256;;;;;;;
2026-09-09T09:52:42;DC02;kerberos;4769;;;m.becker@DEMO.NOPCAP.NET;DEMO;;HOST/app03.demo.nopcap.net;;;;AES256;;;;;;;
2026-09-09T09:51:36;DC01;auth;4624;NTLMv2;Direct;svc_sql;DEMO;;;WKS-0466;10.14.21.74;3;;;;;;;;
2026-09-09T09:50:27;APP03;outgoing;8001;;;d.fischer;DEMO;spoolsv.exe;cifs/printsrv01;;;;;;;;;;;C:\Windows\System32\spoolsv.exe
2026-09-09T09:48:35;DC01;kerberos;4769;;;WKS-0897$@DEMO.NOPCAP.NET;DEMO;;ldap/dc01.demo.nopcap.net;;;;AES256;;;;;;;
2026-09-09T09:48:03;DC02;domain;8004;;;j.schulz;DEMO;;NAS01;WKS-0814;;;;;;;;;;
2026-09-09T09:45:43;FS01;outgoing;8001;;;j.schulz;DEMO;lsass.exe;cifs/nas01;;;;;;;;;;;C:\Windows\System32\lsass.exe
2026-09-09T09:45:03;DC01;kerberos;4769;;;t.hoffmann@DEMO.NOPCAP.NET;DEMO;;HTTP/portal.demo.nopcap.net;;;;AES256;;;;;;;
2026-09-09T09:44:34;WKS-0421;outgoing;4020;NTLMv2;Direct;svc_web;DEMO;System;cifs/fs01.demo.nopcap.net;;;;;Application called NTLM directly;1;Unprotected;None;;;
2026-09-09T09:42:36;DC01;kerberos;4769;;;WKS-0164$@DEMO.NOPCAP.NET;DEMO;;TERMSRV/vdi-broker.demo.nopcap.net;;;;AES256;;;;;;;
2026-09-09T09:38:52;DC01;kerberos;4769;;;svc_monitor@DEMO.NOPCAP.NET;DEMO;;ldap/dc02.demo.nopcap.net;;;;AES256;;;;;;;
2026-09-09T09:34:43;DC01;kerberos;4769;;;WKS-0524$@DEMO.NOPCAP.NET;DEMO;;ldap/dc01.demo.nopcap.net;;;;AES256;;;;;;;
2026-09-09T09:33:45;DC01;kerberos;4769;;;NB-1069$@DEMO.NOPCAP.NET;DEMO;;ldap/dc01.demo.nopcap.net;;;;AES256;;;;;;;
2026-09-09T09:33:14;DC01;kerberos;4769;;;WKS-0419$@DEMO.NOPCAP.NET;DEMO;;ldap/dc02.demo.nopcap.net;;;;AES256;;;;;;;
2026-09-09T09:31:10;DC01;kerberos;4769;;;WKS-0278$@DEMO.NOPCAP.NET;DEMO;;HOST/app03.demo.nopcap.net;;;;AES256;;;;;;;
2026-09-09T09:27:43;DC01;kerberos;4769;;;NB-1300$@DEMO.NOPCAP.NET;DEMO;;HTTP/portal.demo.nopcap.net;;;;AES256;;;;;;;
2026-09-09T09:25:10;DC01;kerberos;4769;;;NB-1168$@DEMO.NOPCAP.NET;DEMO;;cifs/fs01.demo.nopcap.net;;;;AES256;;;;;;;
2026-09-09T09:22:17;DC01;kerberos;4769;;;VDI-068$@DEMO.NOPCAP.NET;DEMO;;HTTP/portal.demo.nopcap.net;;;;AES256;;;;;;;
2026-09-09T09:21:52;FS01;outgoing;8001;;;administrator;DEMO;lsass.exe;cifs/nas01;;;;;;;;;;;C:\Windows\System32\lsass.exe
2026-09-09T09:20:00;FS01;outgoing;8001;;;p.neumann;DEMO;svchost.exe;ldap/dc01.demo.nopcap.net;;;;;;;;;;;C:\Windows\System32\svchost.exe
2026-09-09T09:18:12;DC01;kerberos;4769;;;svc_backup@DEMO.NOPCAP.NET;DEMO;;ldap/dc02.demo.nopcap.net;;;;AES256;;;;;;;
2026-09-09T09:15:47;DC02;auth;4624;NTLMv2;Direct;a.klein;DEMO;;;VDI-053;10.14.22.110;3;;;;;;;;
2026-09-09T09:12:18;DC01;kerberos;4769;;;a.klein@DEMO.NOPCAP.NET;DEMO;;HTTP/portal.demo.nopcap.net;;;;AES256;;;;;;;
2026-09-09T09:05:43;DC02;kerberos;4769;;;t.hoffmann@DEMO.NOPCAP.NET;DEMO;;HOST/app03.demo.nopcap.net;;;;AES256;;;;;;;
2026-09-09T09:03:30;DC01;kerberos;4769;;;VDI-080$@DEMO.NOPCAP.NET;DEMO;;ldap/dc02.demo.nopcap.net;;;;AES256;;;;;;;
2026-09-09T09:03:28;DC01;kerberos;4769;;;t.hoffmann@DEMO.NOPCAP.NET;DEMO;;TERMSRV/vdi-broker.demo.nopcap.net;;;;AES256;;;;;;;
2026-09-09T09:03:24;FS01;outgoing;8001;;;a.klein;DEMO;mmc.exe;cifs/10.14.22.31;;;;;;;;;;;C:\Windows\System32\mmc.exe
2026-09-09T09:03:22;FS01;outgoing;8001;;;svc_monitor;DEMO;svchost.exe;ldap/dc01.demo.nopcap.net;;;;;;;;;;;C:\Windows\System32\svchost.exe
2026-09-09T09:02:32;DC01;kerberos;4769;;;svc_backup@DEMO.NOPCAP.NET;DEMO;;ldap/dc01.demo.nopcap.net;;;;AES256;;;;;;;
2026-09-09T09:02:17;WKS-0421;outgoing;4020;NTLMv2;Direct;svc_sql;DEMO;lsass.exe;cifs/nas01;;;;;Target name could not be resolved by Kerberos;6;Unprotected;None;;;C:\Windows\System32\lsass.exe
2026-09-09T08:59:05;DC01;kerberos;4769;;;svc_backup@DEMO.NOPCAP.NET;DEMO;;TERMSRV/vdi-broker.demo.nopcap.net;;;;AES256;;;;;;;
2026-09-09T08:54:39;DC02;kerberos;4769;;;p.neumann@DEMO.NOPCAP.NET;DEMO;;HTTP/portal.demo.nopcap.net;;;;AES256;;;;;;;
2026-09-09T08:53:32;DC01;kerberos;4769;;;NB-1159$@DEMO.NOPCAP.NET;DEMO;;cifs/fs01.demo.nopcap.net;;;;AES256;;;;;;;
2026-09-09T08:43:40;DC01;kerberos;4769;;;WKS-0778$@DEMO.NOPCAP.NET;DEMO;;cifs/fs01.demo.nopcap.net;;;;AES256;;;;;;;
2026-09-09T08:42:17;DC02;kerberos;4769;;;svc_backup@DEMO.NOPCAP.NET;DEMO;;TERMSRV/vdi-broker.demo.nopcap.net;;;;AES256;;;;;;;
2026-09-09T08:32:43;DC01;kerberos;4769;;;NB-1211$@DEMO.NOPCAP.NET;DEMO;;ldap/dc02.demo.nopcap.net;;;;AES256;;;;;;;
2026-09-09T08:27:14;DC02;kerberos;4769;;;j.schulz@DEMO.NOPCAP.NET;DEMO;;ldap/dc01.demo.nopcap.net;;;;AES256;;;;;;;
2026-09-09T08:17:53;WKS-0421;outgoing;4020;NTLMv2;Direct;k.lorenz;DEMO;svchost.exe;ldap/dc01.demo.nopcap.net;;;;;Application called NTLM directly;1;Unprotected;None;;;C:\Windows\System32\svchost.exe
2026-09-09T08:11:13;DC01;kerberos;4769;;;VDI-080$@DEMO.NOPCAP.NET;DEMO;;MSSQLSvc/sql01.demo.nopcap.net:1433;;;;AES256;;;;;;;
2026-09-09T08:06:14;DC01;kerberos;4769;;;NB-1309$@DEMO.NOPCAP.NET;DEMO;;MSSQLSvc/sql01.demo.nopcap.net:1433;;;;AES256;;;;;;;
2026-09-09T08:06:04;DC02;kerberos;4769;;;s.wagner@DEMO.NOPCAP.NET;DEMO;;cifs/fs01.demo.nopcap.net;;;;AES256;;;;;;;
2026-09-08T17:52:20;DC01;kerberos;4769;;;svc_monitor@DEMO.NOPCAP.NET;DEMO;;ldap/dc02.demo.nopcap.net;;;;AES256;;;;;;;
2026-09-08T17:49:26;DC01;kerberos;4769;;;j.schulz@DEMO.NOPCAP.NET;DEMO;;HOST/app03.demo.nopcap.net;;;;AES256;;;;;;;
2026-09-08T17:48:37;DC01;kerberos;4769;;;svc_backup@DEMO.NOPCAP.NET;DEMO;;HTTP/portal.demo.nopcap.net;;;;AES256;;;;;;;
2026-09-08T17:18:03;DC01;kerberos;4769;;;administrator@DEMO.NOPCAP.NET;DEMO;;HTTP/portal.demo.nopcap.net;;;;AES256;;;;;;;
2026-09-08T17:13:41;DC01;kerberos;4769;;;svc_web@DEMO.NOPCAP.NET;DEMO;;ldap/dc02.demo.nopcap.net;;;;RC4;;;;;;;
2026-09-08T17:09:46;DC01;kerberos;4769;;;m.becker@DEMO.NOPCAP.NET;DEMO;;HOST/app03.demo.nopcap.net;;;;AES256;;;;;;;
2026-09-08T17:07:37;DC02;kerberos;4769;;;d.fischer@DEMO.NOPCAP.NET;DEMO;;MSSQLSvc/sql01.demo.nopcap.net:1433;;;;AES256;;;;;;;
2026-09-08T17:05:31;DC01;kerberos;4769;;;s.wagner@DEMO.NOPCAP.NET;DEMO;;HOST/app03.demo.nopcap.net;;;;AES256;;;;;;;
2026-09-08T17:05:01;WKS-0421;outgoing;4020;NTLMv2;Direct;k.lorenz;DEMO;mmc.exe;cifs/10.14.22.31;;;;;Target name contains an IP address;7;Unprotected;None;;;C:\Windows\System32\mmc.exe
2026-09-08T17:00:54;APP03;outgoing;8001;;;k.lorenz;DEMO;lsass.exe;cifs/nas01;;;;;;;;;;;C:\Windows\System32\lsass.exe
2026-09-08T16:59:38;DC01;kerberos;4769;;;svc_web@DEMO.NOPCAP.NET;DEMO;;ldap/dc02.demo.nopcap.net;;;;AES256;;;;;;;
2026-09-08T16:55:11;DC01;kerberos;4769;;;WKS-0663$@DEMO.NOPCAP.NET;DEMO;;TERMSRV/vdi-broker.demo.nopcap.net;;;;AES256;;;;;;;
2026-09-08T16:51:18;DC01;kerberos;4769;;;VDI-033$@DEMO.NOPCAP.NET;DEMO;;cifs/fs01.demo.nopcap.net;;;;AES256;;;;;;;
2026-09-08T16:44:59;DC01;kerberos;4769;;;k.lorenz@DEMO.NOPCAP.NET;DEMO;;HTTP/portal.demo.nopcap.net;;;;AES256;;;;;;;
2026-09-08T16:40:18;DC01;kerberos;4769;;;svc_web@DEMO.NOPCAP.NET;DEMO;;HTTP/portal.demo.nopcap.net;;;;AES256;;;;;;;
2026-09-08T16:38:51;DC01;kerberos;4769;;;VDI-057$@DEMO.NOPCAP.NET;DEMO;;HOST/app03.demo.nopcap.net;;;;AES256;;;;;;;
2026-09-08T16:37:25;FS01;outgoing;8001;;;svc_web;DEMO;lsass.exe;cifs/nas01;;;;;;;;;;;C:\Windows\System32\lsass.exe
2026-09-08T16:25:39;DC02;kerberos;4769;;;svc_monitor@DEMO.NOPCAP.NET;DEMO;;MSSQLSvc/sql01.demo.nopcap.net:1433;;;;AES256;;;;;;;
2026-09-08T16:22:13;DC01;kerberos;4769;;;VDI-031$@DEMO.NOPCAP.NET;DEMO;;ldap/dc01.demo.nopcap.net;;;;AES256;;;;;;;
2026-09-08T16:21:51;DC02;auth;4624;NTLMv2;Direct;a.klein;DEMO;;;VDI-051;10.14.23.219;3;;;;;;;;
2026-09-08T16:17:15;DC01;kerberos;4769;;;m.becker@DEMO.NOPCAP.NET;DEMO;;TERMSRV/vdi-broker.demo.nopcap.net;;;;AES256;;;;;;;
2026-09-08T16:14:12;DC02;auth;4624;NTLMv2;Fallback;s.wagner;DEMO;;;WKS-0519;10.14.22.211;3;;;;;;;;
2026-09-08T16:11:51;WKS-0421;outgoing;8001;;;j.schulz;DEMO;java.exe;HTTP/erp-test;;;;;;;;;;;C:\Program Files\Eclipse Adoptium\jdk-17\bin\java.exe
2026-09-08T16:10:58;DC01;kerberos;4769;;;VDI-042$@DEMO.NOPCAP.NET;DEMO;;MSSQLSvc/sql01.demo.nopcap.net:1433;;;;AES256;;;;;;;
2026-09-08T16:06:52;DC02;auth;4624;NTLMv2;Direct;m.becker;DEMO;;;NB-1210;10.14.20.241;3;;;;;;;;
2026-09-08T16:06:24;DC01;kerberos;4769;;;NB-1311$@DEMO.NOPCAP.NET;DEMO;;ldap/dc02.demo.nopcap.net;;;;AES256;;;;;;;
2026-09-08T16:05:27;DC01;krbfail;4769;;;p.neumann@DEMO.NOPCAP.NET;DEMO;;MSSQLSvc/sql01.demo.nopcap.net:1433;;;;;;;;;;0xe;
2026-09-08T16:04:42;APP03;outgoing;8001;;;d.fischer;DEMO;System;cifs/fs01.demo.nopcap.net;;;;;;;;;;;
2026-09-08T16:04:24;DC02;kerberos;4769;;;svc_monitor@DEMO.NOPCAP.NET;DEMO;;cifs/fs01.demo.nopcap.net;;;;AES256;;;;;;;
2026-09-08T16:03:41;DC01;kerberos;4769;;;p.neumann@DEMO.NOPCAP.NET;DEMO;;HTTP/portal.demo.nopcap.net;;;;AES256;;;;;;;
2026-09-08T16:01:12;DC01;kerberos;4769;;;t.hoffmann@DEMO.NOPCAP.NET;DEMO;;TERMSRV/vdi-broker.demo.nopcap.net;;;;AES256;;;;;;;
2026-09-08T16:00:15;DC01;domain;8004;;;j.schulz;DEMO;;FS01;WKS-0520;;;;;;;;;;
2026-09-08T15:58:16;DC01;kerberos;4769;;;WKS-0207$@DEMO.NOPCAP.NET;DEMO;;ldap/dc02.demo.nopcap.net;;;;AES256;;;;;;;
2026-09-08T15:57:38;DC01;kerberos;4769;;;s.wagner@DEMO.NOPCAP.NET;DEMO;;MSSQLSvc/sql01.demo.nopcap.net:1433;;;;AES256;;;;;;;
2026-09-08T15:55:53;DC01;kerberos;4769;;;svc_sql@DEMO.NOPCAP.NET;DEMO;;HTTP/portal.demo.nopcap.net;;;;AES256;;;;;;;
2026-09-08T15:53:46;DC01;kerberos;4769;;;NB-1058$@DEMO.NOPCAP.NET;DEMO;;ldap/dc02.demo.nopcap.net;;;;AES256;;;;;;;
2026-09-08T15:50:47;DC01;kerberos;4769;;;NB-1167$@DEMO.NOPCAP.NET;DEMO;;HTTP/portal.demo.nopcap.net;;;;AES256;;;;;;;
2026-09-08T15:46:54;DC01;kerberos;4769;;;svc_sql@DEMO.NOPCAP.NET;DEMO;;ldap/dc02.demo.nopcap.net;;;;AES256;;;;;;;
2026-09-08T15:45:05;DC01;kerberos;4769;;;NB-1016$@DEMO.NOPCAP.NET;DEMO;;MSSQLSvc/sql01.demo.nopcap.net:1433;;;;AES256;;;;;;;
2026-09-08T15:30:53;DC01;kerberos;4769;;;svc_sql@DEMO.NOPCAP.NET;DEMO;;HTTP/portal.demo.nopcap.net;;;;AES256;;;;;;;
2026-09-08T15:24:03;APP03;outgoing;8001;;;m.becker;DEMO;explorer.exe;cifs/fs01.demo.nopcap.net;;;;;;;;;;;C:\Windows\explorer.exe
2026-09-08T15:23:02;DC01;kerberos;4769;;;d.fischer@DEMO.NOPCAP.NET;DEMO;;ldap/dc02.demo.nopcap.net;;;;AES256;;;;;;;
2026-09-08T15:16:15;DC02;kerberos;4769;;;t.hoffmann@DEMO.NOPCAP.NET;DEMO;;ldap/dc01.demo.nopcap.net;;;;AES256;;;;;;;
2026-09-08T15:14:52;DC02;kerberos;4769;;;d.fischer@DEMO.NOPCAP.NET;DEMO;;cifs/fs01.demo.nopcap.net;;;;AES256;;;;;;;
2026-09-08T15:12:28;DC02;kerberos;4769;;;svc_web@DEMO.NOPCAP.NET;DEMO;;HTTP/portal.demo.nopcap.net;;;;AES256;;;;;;;
2026-09-08T15:10:01;DC01;kerberos;4769;;;WKS-0275$@DEMO.NOPCAP.NET;DEMO;;HTTP/portal.demo.nopcap.net;;;;AES256;;;;;;;
2026-09-08T15:07:48;DC02;kerberos;4769;;;svc_monitor@DEMO.NOPCAP.NET;DEMO;;TERMSRV/vdi-broker.demo.nopcap.net;;;;AES256;;;;;;;
2026-09-08T15:04:07;DC01;kerberos;4769;;;VDI-039$@DEMO.NOPCAP.NET;DEMO;;HTTP/portal.demo.nopcap.net;;;;AES256;;;;;;;
2026-09-08T14:56:10;FS01;outgoing;8001;;;t.hoffmann;DEMO;robocopy.exe;cifs/archive01;;;;;;;;;;;C:\Windows\System32\robocopy.exe
2026-09-08T14:54:38;APP03;incoming;8003;;;d.fischer;DEMO;w3wp.exe;;NB-1166;;3;;;;;;;;
2026-09-08T14:51:37;DC01;kerberos;4769;;;t.hoffmann@DEMO.NOPCAP.NET;DEMO;;ldap/dc01.demo.nopcap.net;;;;AES256;;;;;;;
2026-09-08T14:51:02;DC01;kerberos;4769;;;WKS-0801$@DEMO.NOPCAP.NET;DEMO;;HTTP/portal.demo.nopcap.net;;;;AES256;;;;;;;
2026-09-08T14:49:16;FS01;incoming;8003;;;d.fischer;DEMO;svchost.exe;;WKS-0743;;3;;;;;;;;
2026-09-08T14:48:48;DC02;kerberos;4769;;;svc_backup@DEMO.NOPCAP.NET;DEMO;;HOST/app03.demo.nopcap.net;;;;AES256;;;;;;;
2026-09-08T14:46:35;APP03;outgoing;8001;;;d.fischer;DEMO;msedge.exe;HTTP/intranet;;;;;;;;;;;C:\Program Files (x86)\Microsoft\Edge\Application\msedge.exe
2026-09-08T14:42:37;DC01;kerberos;4769;;;VDI-047$@DEMO.NOPCAP.NET;DEMO;;HTTP/portal.demo.nopcap.net;;;;AES256;;;;;;;
2026-09-08T14:40:57;DC01;kerberos;4769;;;m.becker@DEMO.NOPCAP.NET;DEMO;;HOST/app03.demo.nopcap.net;;;;AES256;;;;;;;
2026-09-08T14:40:29;DC02;kerberos;4769;;;administrator@DEMO.NOPCAP.NET;DEMO;;TERMSRV/vdi-broker.demo.nopcap.net;;;;AES256;;;;;;;
2026-09-08T14:37:09;DC02;kerberos;4769;;;p.neumann@DEMO.NOPCAP.NET;DEMO;;HTTP/portal.demo.nopcap.net;;;;AES256;;;;;;;
2026-09-08T14:31:15;DC02;kerberos;4769;;;svc_monitor@DEMO.NOPCAP.NET;DEMO;;HTTP/portal.demo.nopcap.net;;;;AES256;;;;;;;
2026-09-08T14:25:51;DC01;kerberos;4769;;;WKS-0447$@DEMO.NOPCAP.NET;DEMO;;HTTP/portal.demo.nopcap.net;;;;AES256;;;;;;;
2026-09-08T14:25:48;DC02;kerberos;4769;;;svc_web@DEMO.NOPCAP.NET;DEMO;;MSSQLSvc/sql01.demo.nopcap.net:1433;;;;RC4;;;;;;;
2026-09-08T14:23:41;APP03;outgoing;8001;;;svc_backup;DEMO;mmc.exe;cifs/10.14.22.31;;;;;;;;;;;C:\Windows\System32\mmc.exe
2026-09-08T14:19:28;DC01;kerberos;4769;;;VDI-017$@DEMO.NOPCAP.NET;DEMO;;ldap/dc01.demo.nopcap.net;;;;AES256;;;;;;;
2026-09-08T14:17:25;DC01;kerberos;4769;;;WKS-0227$@DEMO.NOPCAP.NET;DEMO;;ldap/dc02.demo.nopcap.net;;;;AES256;;;;;;;
2026-09-08T14:16:03;WKS-0421;outgoing;4001;;Blocked;svc_sql;DEMO;lsass.exe;cifs/nas01;;;;;;;;;;;C:\Windows\System32\lsass.exe
2026-09-08T14:16:01;DC01;kerberos;4769;;;svc_sql@DEMO.NOPCAP.NET;DEMO;;ldap/dc01.demo.nopcap.net;;;;AES256;;;;;;;
2026-09-08T14:15:13;DC01;kerberos;4769;;;VDI-084$@DEMO.NOPCAP.NET;DEMO;;TERMSRV/vdi-broker.demo.nopcap.net;;;;AES256;;;;;;;
2026-09-08T14:14:46;DC01;kerberos;4769;;;VDI-013$@DEMO.NOPCAP.NET;DEMO;;HOST/app03.demo.nopcap.net;;;;AES256;;;;;;;
2026-09-08T14:11:20;DC02;kerberos;4769;;;a.klein@DEMO.NOPCAP.NET;DEMO;;cifs/fs01.demo.nopcap.net;;;;AES256;;;;;;;
2026-09-08T14:10:13;FS01;outgoing;8001;;;k.lorenz;DEMO;svchost.exe;ldap/dc01.demo.nopcap.net;;;;;;;;;;;C:\Windows\System32\svchost.exe
2026-09-08T14:07:37;APP03;outgoing;8001;;;administrator;DEMO;System;cifs/fs01.demo.nopcap.net;;;;;;;;;;;
2026-09-08T14:05:31;FS01;outgoing;8001;;;svc_web;DEMO;msedge.exe;HTTP/intranet;;;;;;;;;;;C:\Program Files (x86)\Microsoft\Edge\Application\msedge.exe
2026-09-08T14:05:08;DC02;kerberos;4769;;;a.klein@DEMO.NOPCAP.NET;DEMO;;MSSQLSvc/sql01.demo.nopcap.net:1433;;;;AES256;;;;;;;
2026-09-08T14:03:30;DC02;kerberos;4769;;;d.fischer@DEMO.NOPCAP.NET;DEMO;;ldap/dc02.demo.nopcap.net;;;;AES256;;;;;;;
2026-09-08T13:58:31;DC02;kerberos;4769;;;a.klein@DEMO.NOPCAP.NET;DEMO;;HTTP/portal.demo.nopcap.net;;;;AES256;;;;;;;
2026-09-08T13:55:22;FS01;incoming;8003;;;m.becker;DEMO;svchost.exe;;NB-1045;;3;;;;;;;;
2026-09-08T13:51:10;DC01;kerberos;4769;;;svc_sql@DEMO.NOPCAP.NET;DEMO;;TERMSRV/vdi-broker.demo.nopcap.net;;;;AES256;;;;;;;
2026-09-08T13:50:03;DC01;kerberos;4769;;;d.fischer@DEMO.NOPCAP.NET;DEMO;;ldap/dc02.demo.nopcap.net;;;;AES256;;;;;;;
2026-09-08T13:48:18;DC01;kerberos;4769;;;k.lorenz@DEMO.NOPCAP.NET;DEMO;;HTTP/portal.demo.nopcap.net;;;;AES256;;;;;;;
2026-09-08T13:48:09;DC02;kerberos;4769;;;k.lorenz@DEMO.NOPCAP.NET;DEMO;;HOST/app03.demo.nopcap.net;;;;AES256;;;;;;;
2026-09-08T13:41:59;DC01;kerberos;4769;;;a.klein@DEMO.NOPCAP.NET;DEMO;;TERMSRV/vdi-broker.demo.nopcap.net;;;;AES256;;;;;;;
2026-09-08T13:38:54;DC01;kerberos;4769;;;WKS-0826$@DEMO.NOPCAP.NET;DEMO;;MSSQLSvc/sql01.demo.nopcap.net:1433;;;;AES256;;;;;;;
2026-09-08T13:38:09;DC01;kerberos;4769;;;WKS-0369$@DEMO.NOPCAP.NET;DEMO;;ldap/dc01.demo.nopcap.net;;;;AES256;;;;;;;
2026-09-08T13:31:24;DC01;kerberos;4769;;;j.schulz@DEMO.NOPCAP.NET;DEMO;;HTTP/portal.demo.nopcap.net;;;;AES256;;;;;;;
2026-09-08T13:30:59;DC01;kerberos;4769;;;p.neumann@DEMO.NOPCAP.NET;DEMO;;cifs/fs01.demo.nopcap.net;;;;AES256;;;;;;;
2026-09-08T13:26:07;DC01;kerberos;4769;;;s.wagner@DEMO.NOPCAP.NET;DEMO;;ldap/dc02.demo.nopcap.net;;;;AES256;;;;;;;
2026-09-08T13:25:16;DC02;kerberos;4769;;;svc_sql@DEMO.NOPCAP.NET;DEMO;;ldap/dc01.demo.nopcap.net;;;;AES256;;;;;;;
2026-09-08T13:21:22;DC02;kerberos;4769;;;a.klein@DEMO.NOPCAP.NET;DEMO;;cifs/fs01.demo.nopcap.net;;;;AES256;;;;;;;
2026-09-08T13:19:02;DC01;kerberos;4769;;;WKS-0523$@DEMO.NOPCAP.NET;DEMO;;HTTP/portal.demo.nopcap.net;;;;AES256;;;;;;;
2026-09-08T13:14:54;DC01;kerberos;4769;;;j.schulz@DEMO.NOPCAP.NET;DEMO;;ldap/dc01.demo.nopcap.net;;;;AES256;;;;;;;
2026-09-08T13:12:23;DC01;kerberos;4769;;;a.klein@DEMO.NOPCAP.NET;DEMO;;HTTP/portal.demo.nopcap.net;;;;AES256;;;;;;;
2026-09-08T13:10:45;DC02;auth;4624;NTLMv2;Direct;t.hoffmann;DEMO;;;VDI-040;10.14.23.66;3;;;;;;;;
2026-09-08T13:09:25;DC01;kerberos;4769;;;VDI-016$@DEMO.NOPCAP.NET;DEMO;;TERMSRV/vdi-broker.demo.nopcap.net;;;;AES256;;;;;;;
2026-09-08T13:09:15;DC02;kerberos;4769;;;t.hoffmann@DEMO.NOPCAP.NET;DEMO;;TERMSRV/vdi-broker.demo.nopcap.net;;;;AES256;;;;;;;
2026-09-08T13:08:47;WKS-0421;outgoing;4001;;Blocked;administrator;DEMO;lsass.exe;cifs/nas01;;;;;;;;;;;C:\Windows\System32\lsass.exe
2026-09-08T13:06:15;DC02;kerberos;4769;;;svc_sql@DEMO.NOPCAP.NET;DEMO;;MSSQLSvc/sql01.demo.nopcap.net:1433;;;;AES256;;;;;;;
2026-09-08T13:05:28;DC01;kerberos;4769;;;NB-1028$@DEMO.NOPCAP.NET;DEMO;;HTTP/portal.demo.nopcap.net;;;;AES256;;;;;;;
2026-09-08T13:04:48;DC01;kerberos;4769;;;m.becker@DEMO.NOPCAP.NET;DEMO;;cifs/fs01.demo.nopcap.net;;;;AES256;;;;;;;
2026-09-08T13:01:23;APP03;outgoing;8001;;;k.lorenz;DEMO;System;cifs/fs01.demo.nopcap.net;;;;;;;;;;;
2026-09-08T13:00:38;DC02;domain;8004;;;administrator;DEMO;;FS01;NB-1264;;;;;;;;;;
2026-09-08T12:57:43;DC02;kerberos;4769;;;svc_sql@DEMO.NOPCAP.NET;DEMO;;ldap/dc02.demo.nopcap.net;;;;AES256;;;;;;;
2026-09-08T12:56:17;DC01;kerberos;4769;;;VDI-028$@DEMO.NOPCAP.NET;DEMO;;ldap/dc01.demo.nopcap.net;;;;AES256;;;;;;;
2026-09-08T12:55:35;DC02;auth;4624;NTLMv2;Direct;k.lorenz;DEMO;;;NB-1361;10.14.22.94;3;;;;;;;;
2026-09-08T12:55:21;DC02;kerberos;4769;;;t.hoffmann@DEMO.NOPCAP.NET;DEMO;;TERMSRV/vdi-broker.demo.nopcap.net;;;;AES256;;;;;;;
2026-09-08T12:55:20;DC01;domain;8004;;;svc_backup;DEMO;;ARCHIVE01;NB-1211;;;;;;;;;;
2026-09-08T12:53:17;APP03;outgoing;8001;;;a.klein;DEMO;powershell.exe;cifs/10.14.22.31;;;;;;;;;;;C:\Windows\System32\WindowsPowerShell\v1.0\powershell.exe
2026-09-08T12:44:43;DC02;kerberos;4769;;;svc_monitor@DEMO.NOPCAP.NET;DEMO;;ldap/dc02.demo.nopcap.net;;;;AES256;;;;;;;
2026-09-08T12:35:57;DC02;auth;4624;NTLMv2;Direct;svc_monitor;DEMO;;;WKS-0378;10.14.21.82;3;;;;;;;;
2026-09-08T12:35:57;DC01;kerberos;4769;;;WKS-0306$@DEMO.NOPCAP.NET;DEMO;;MSSQLSvc/sql01.demo.nopcap.net:1433;;;;AES256;;;;;;;
2026-09-08T12:35:39;DC02;kerberos;4769;;;svc_web@DEMO.NOPCAP.NET;DEMO;;ldap/dc01.demo.nopcap.net;;;;RC4;;;;;;;
2026-09-08T12:34:17;APP03;outgoing;8001;;;d.fischer;DEMO;explorer.exe;cifs/fs01.demo.nopcap.net;;;;;;;;;;;C:\Windows\explorer.exe
2026-09-08T12:33:04;DC02;kerberos;4769;;;administrator@DEMO.NOPCAP.NET;DEMO;;ldap/dc02.demo.nopcap.net;;;;AES256;;;;;;;
2026-09-08T12:31:12;DC02;kerberos;4769;;;d.fischer@DEMO.NOPCAP.NET;DEMO;;TERMSRV/vdi-broker.demo.nopcap.net;;;;AES256;;;;;;;
2026-09-08T12:30:17;DC01;kerberos;4769;;;NB-1205$@DEMO.NOPCAP.NET;DEMO;;HTTP/portal.demo.nopcap.net;;;;AES256;;;;;;;
2026-09-08T12:30:11;DC02;kerberos;4769;;;s.wagner@DEMO.NOPCAP.NET;DEMO;;TERMSRV/vdi-broker.demo.nopcap.net;;;;AES256;;;;;;;
2026-09-08T12:29:29;DC01;kerberos;4769;;;NB-1347$@DEMO.NOPCAP.NET;DEMO;;cifs/fs01.demo.nopcap.net;;;;AES256;;;;;;;
2026-09-08T12:29:23;DC02;kerberos;4769;;;j.schulz@DEMO.NOPCAP.NET;DEMO;;ldap/dc02.demo.nopcap.net;;;;AES256;;;;;;;
2026-09-08T12:26:45;DC01;kerberos;4769;;;svc_monitor@DEMO.NOPCAP.NET;DEMO;;MSSQLSvc/sql01.demo.nopcap.net:1433;;;;AES256;;;;;;;
2026-09-08T12:26:21;DC01;kerberos;4769;;;VDI-023$@DEMO.NOPCAP.NET;DEMO;;TERMSRV/vdi-broker.demo.nopcap.net;;;;AES256;;;;;;;
2026-09-08T12:23:27;DC01;kerberos;4769;;;t.hoffmann@DEMO.NOPCAP.NET;DEMO;;MSSQLSvc/sql01.demo.nopcap.net:1433;;;;AES256;;;;;;;
2026-09-08T12:21:56;DC01;kerberos;4769;;;WKS-0728$@DEMO.NOPCAP.NET;DEMO;;MSSQLSvc/sql01.demo.nopcap.net:1433;;;;AES256;;;;;;;
2026-09-08T12:19:40;WKS-0421;outgoing;4001;;Blocked;svc_web;DEMO;System;cifs/fs01.demo.nopcap.net;;;;;;;;;;;
2026-09-08T12:17:34;DC01;kerberos;4769;;;NB-1186$@DEMO.NOPCAP.NET;DEMO;;ldap/dc01.demo.nopcap.net;;;;AES256;;;;;;;
2026-09-08T12:13:09;DC01;kerberos;4769;;;WKS-0429$@DEMO.NOPCAP.NET;DEMO;;cifs/fs01.demo.nopcap.net;;;;AES256;;;;;;;
2026-09-08T12:12:22;DC01;kerberos;4769;;;m.becker@DEMO.NOPCAP.NET;DEMO;;HOST/app03.demo.nopcap.net;;;;AES256;;;;;;;
2026-09-08T12:11:51;DC02;kerberos;4769;;;p.neumann@DEMO.NOPCAP.NET;DEMO;;MSSQLSvc/sql01.demo.nopcap.net:1433;;;;AES256;;;;;;;
2026-09-08T12:10:30;FS01;outgoing;8001;;;p.neumann;DEMO;mmc.exe;cifs/10.14.22.31;;;;;;;;;;;C:\Windows\System32\mmc.exe
2026-09-08T12:09:34;DC02;kerberos;4769;;;svc_web@DEMO.NOPCAP.NET;DEMO;;MSSQLSvc/sql01.demo.nopcap.net:1433;;;;AES256;;;;;;;
2026-09-08T12:06:06;DC02;kerberos;4769;;;s.wagner@DEMO.NOPCAP.NET;DEMO;;ldap/dc01.demo.nopcap.net;;;;AES256;;;;;;;
2026-09-08T12:03:09;DC02;kerberos;4769;;;svc_sql@DEMO.NOPCAP.NET;DEMO;;HOST/app03.demo.nopcap.net;;;;AES256;;;;;;;
2026-09-08T11:59:48;DC02;kerberos;4769;;;d.fischer@DEMO.NOPCAP.NET;DEMO;;HTTP/portal.demo.nopcap.net;;;;AES256;;;;;;;
2026-09-08T11:59:36;WKS-0421;cgblock;4014;;Blocked;;DEMO;svchost.exe;;;;;;;;;;;;C:\Windows\System32\svchost.exe
2026-09-08T11:54:20;DC01;kerberos;4769;;;NB-1131$@DEMO.NOPCAP.NET;DEMO;;ldap/dc01.demo.nopcap.net;;;;AES256;;;;;;;
2026-09-08T11:53:30;DC02;kerberos;4769;;;k.lorenz@DEMO.NOPCAP.NET;DEMO;;HOST/app03.demo.nopcap.net;;;;AES256;;;;;;;
2026-09-08T11:53:11;DC01;kerberos;4769;;;d.fischer@DEMO.NOPCAP.NET;DEMO;;HTTP/portal.demo.nopcap.net;;;;AES256;;;;;;;
2026-09-08T11:51:46;DC02;kerberos;4769;;;j.schulz@DEMO.NOPCAP.NET;DEMO;;cifs/fs01.demo.nopcap.net;;;;AES256;;;;;;;
2026-09-08T11:48:29;DC01;kerberos;4769;;;m.becker@DEMO.NOPCAP.NET;DEMO;;MSSQLSvc/sql01.demo.nopcap.net:1433;;;;AES256;;;;;;;
2026-09-08T11:44:53;DC01;incoming;8002;;;FS01$;DEMO;sqlservr.exe;;;;;;;;;;;;
2026-09-08T11:44:19;WKS-0421;outgoing;4020;NTLMv2;Direct;a.klein;DEMO;EXCEL.EXE;cifs/fs01.demo.nopcap.net;;;;;Application called NTLM directly;1;Unprotected;None;;;C:\Program Files\Microsoft Office\root\Office16\EXCEL.EXE
2026-09-08T11:43:58;DC02;kerberos;4769;;;m.becker@DEMO.NOPCAP.NET;DEMO;;ldap/dc02.demo.nopcap.net;;;;AES256;;;;;;;
2026-09-08T11:43:19;FS01;incoming;8003;;;administrator;DEMO;w3wp.exe;;WKS-0392;;3;;;;;;;;
2026-09-08T11:40:31;DC01;kerberos;4769;;;s.wagner@DEMO.NOPCAP.NET;DEMO;;ldap/dc02.demo.nopcap.net;;;;AES256;;;;;;;
2026-09-08T11:39:24;DC02;kerberos;4769;;;svc_monitor@DEMO.NOPCAP.NET;DEMO;;ldap/dc02.demo.nopcap.net;;;;AES256;;;;;;;
2026-09-08T11:36:54;DC02;kerberos;4769;;;d.fischer@DEMO.NOPCAP.NET;DEMO;;ldap/dc01.demo.nopcap.net;;;;AES256;;;;;;;
2026-09-08T11:36:41;DC02;kerberos;4769;;;m.becker@DEMO.NOPCAP.NET;DEMO;;HOST/app03.demo.nopcap.net;;;;AES256;;;;;;;
2026-09-08T11:28:38;DC01;kerberos;4769;;;svc_monitor@DEMO.NOPCAP.NET;DEMO;;ldap/dc01.demo.nopcap.net;;;;AES256;;;;;;;
2026-09-08T11:28:32;DC02;kerberos;4769;;;p.neumann@DEMO.NOPCAP.NET;DEMO;;ldap/dc01.demo.nopcap.net;;;;AES256;;;;;;;
2026-09-08T11:26:16;APP03;outgoing;8001;;;svc_sql;DEMO;msedge.exe;HTTP/intranet;;;;;;;;;;;C:\Program Files (x86)\Microsoft\Edge\Application\msedge.exe
2026-09-08T11:25:24;DC02;kerberos;4769;;;a.klein@DEMO.NOPCAP.NET;DEMO;;ldap/dc02.demo.nopcap.net;;;;AES256;;;;;;;
2026-09-08T11:16:57;DC02;kerberos;4769;;;svc_monitor@DEMO.NOPCAP.NET;DEMO;;TERMSRV/vdi-broker.demo.nopcap.net;;;;AES256;;;;;;;
2026-09-08T11:15:39;DC01;kerberos;4769;;;NB-1305$@DEMO.NOPCAP.NET;DEMO;;HTTP/portal.demo.nopcap.net;;;;AES256;;;;;;;
2026-09-08T11:15:32;DC01;kerberos;4769;;;m.becker@DEMO.NOPCAP.NET;DEMO;;HTTP/portal.demo.nopcap.net;;;;AES256;;;;;;;
2026-09-08T11:15:08;FS01;outgoing;8001;;;d.fischer;DEMO;System;cifs/fs01.demo.nopcap.net;;;;;;;;;;;
2026-09-08T11:07:10;WKS-0421;outgoing;4001;;Blocked;j.schulz;DEMO;robocopy.exe;cifs/archive01;;;;;;;;;;;C:\Windows\System32\robocopy.exe
2026-09-08T11:06:31;DC01;kerberos;4769;;;NB-1147$@DEMO.NOPCAP.NET;DEMO;;HOST/app03.demo.nopcap.net;;;;AES256;;;;;;;
2026-09-08T11:05:30;DC01;kerberos;4769;;;VDI-067$@DEMO.NOPCAP.NET;DEMO;;ldap/dc01.demo.nopcap.net;;;;AES256;;;;;;;
2026-09-08T11:03:48;DC01;kerberos;4769;;;WKS-0257$@DEMO.NOPCAP.NET;DEMO;;TERMSRV/vdi-broker.demo.nopcap.net;;;;AES256;;;;;;;
2026-09-08T11:03:00;DC01;incoming;8002;;;FS01$;DEMO;System;;;;;;;;;;;;
2026-09-08T11:02:57;DC01;kerberos;4769;;;svc_web@DEMO.NOPCAP.NET;DEMO;;HOST/app03.demo.nopcap.net;;;;AES256;;;;;;;
2026-09-08T11:02:04;DC02;kerberos;4769;;;svc_web@DEMO.NOPCAP.NET;DEMO;;ldap/dc01.demo.nopcap.net;;;;RC4;;;;;;;
2026-09-08T11:00:24;DC01;kerberos;4769;;;s.wagner@DEMO.NOPCAP.NET;DEMO;;HOST/app03.demo.nopcap.net;;;;AES256;;;;;;;
2026-09-08T10:57:43;DC02;kerberos;4769;;;d.fischer@DEMO.NOPCAP.NET;DEMO;;ldap/dc01.demo.nopcap.net;;;;AES256;;;;;;;
2026-09-08T10:53:57;DC01;kerberos;4769;;;VDI-041$@DEMO.NOPCAP.NET;DEMO;;TERMSRV/vdi-broker.demo.nopcap.net;;;;AES256;;;;;;;
2026-09-08T10:52:31;APP03;outgoing;8001;;;k.lorenz;DEMO;lsass.exe;cifs/nas01;;;;;;;;;;;C:\Windows\System32\lsass.exe
2026-09-08T10:51:13;DC01;kerberos;4769;;;a.klein@DEMO.NOPCAP.NET;DEMO;;HOST/app03.demo.nopcap.net;;;;AES256;;;;;;;
2026-09-08T10:50:31;DC01;kerberos;4769;;;s.wagner@DEMO.NOPCAP.NET;DEMO;;cifs/fs01.demo.nopcap.net;;;;AES256;;;;;;;
2026-09-08T10:49:40;DC01;kerberos;4769;;;k.lorenz@DEMO.NOPCAP.NET;DEMO;;ldap/dc02.demo.nopcap.net;;;;AES256;;;;;;;
2026-09-08T10:47:24;DC01;kerberos;4769;;;VDI-012$@DEMO.NOPCAP.NET;DEMO;;TERMSRV/vdi-broker.demo.nopcap.net;;;;AES256;;;;;;;
2026-09-08T10:41:21;DC02;kerberos;4769;;;svc_monitor@DEMO.NOPCAP.NET;DEMO;;TERMSRV/vdi-broker.demo.nopcap.net;;;;AES256;;;;;;;
2026-09-08T10:36:06;DC01;kerberos;4769;;;VDI-069$@DEMO.NOPCAP.NET;DEMO;;HTTP/portal.demo.nopcap.net;;;;AES256;;;;;;;
2026-09-08T10:16:47;DC02;domain;8004;;;m.becker;DEMO;;ERP-TEST;WKS-0717;;;;;;;;;;
2026-09-08T10:05:51;DC01;kerberos;4769;;;VDI-074$@DEMO.NOPCAP.NET;DEMO;;MSSQLSvc/sql01.demo.nopcap.net:1433;;;;AES256;;;;;;;
2026-09-08T10:05:29;DC02;kerberos;4769;;;svc_web@DEMO.NOPCAP.NET;DEMO;;HTTP/portal.demo.nopcap.net;;;;RC4;;;;;;;
2026-09-08T10:03:58;DC02;kerberos;4769;;;svc_web@DEMO.NOPCAP.NET;DEMO;;HOST/app03.demo.nopcap.net;;;;RC4;;;;;;;
2026-09-08T10:01:14;DC01;kerberos;4769;;;WKS-0277$@DEMO.NOPCAP.NET;DEMO;;ldap/dc02.demo.nopcap.net;;;;AES256;;;;;;;
2026-09-08T10:00:45;DC02;kerberos;4769;;;k.lorenz@DEMO.NOPCAP.NET;DEMO;;ldap/dc01.demo.nopcap.net;;;;AES256;;;;;;;
2026-09-08T09:53:16;DC01;kerberos;4769;;;WKS-0202$@DEMO.NOPCAP.NET;DEMO;;ldap/dc01.demo.nopcap.net;;;;AES256;;;;;;;
2026-09-08T09:52:00;DC02;kerberos;4769;;;svc_web@DEMO.NOPCAP.NET;DEMO;;ldap/dc02.demo.nopcap.net;;;;RC4;;;;;;;
2026-09-08T09:49:04;DC01;kerberos;4769;;;s.wagner@DEMO.NOPCAP.NET;DEMO;;ldap/dc01.demo.nopcap.net;;;;AES256;;;;;;;
2026-09-08T09:48:42;DC02;kerberos;4769;;;svc_sql@DEMO.NOPCAP.NET;DEMO;;TERMSRV/vdi-broker.demo.nopcap.net;;;;AES256;;;;;;;
2026-09-08T09:47:32;DC01;kerberos;4769;;;p.neumann@DEMO.NOPCAP.NET;DEMO;;HOST/app03.demo.nopcap.net;;;;AES256;;;;;;;
2026-09-08T09:47:26;DC01;kerberos;4769;;;t.hoffmann@DEMO.NOPCAP.NET;DEMO;;cifs/fs01.demo.nopcap.net;;;;AES256;;;;;;;
2026-09-08T09:46:06;DC01;kerberos;4769;;;NB-1386$@DEMO.NOPCAP.NET;DEMO;;ldap/dc02.demo.nopcap.net;;;;AES256;;;;;;;
2026-09-08T09:45:28;DC01;kerberos;4769;;;WKS-0748$@DEMO.NOPCAP.NET;DEMO;;MSSQLSvc/sql01.demo.nopcap.net:1433;;;;AES256;;;;;;;
2026-09-08T09:45:03;DC01;kerberos;4769;;;VDI-064$@DEMO.NOPCAP.NET;DEMO;;ldap/dc02.demo.nopcap.net;;;;AES256;;;;;;;
2026-09-08T09:44:58;DC01;kerberos;4769;;;VDI-049$@DEMO.NOPCAP.NET;DEMO;;ldap/dc02.demo.nopcap.net;;;;AES256;;;;;;;
2026-09-08T09:36:19;DC02;kerberos;4769;;;administrator@DEMO.NOPCAP.NET;DEMO;;TERMSRV/vdi-broker.demo.nopcap.net;;;;AES256;;;;;;;
2026-09-08T09:31:25;DC01;kerberos;4769;;;NB-1149$@DEMO.NOPCAP.NET;DEMO;;HTTP/portal.demo.nopcap.net;;;;AES256;;;;;;;
2026-09-08T09:30:29;DC02;domain;8004;;;m.becker;DEMO;;APP03;VDI-052;;;;;;;;;;
2026-09-08T09:29:23;DC02;kerberos;4769;;;k.lorenz@DEMO.NOPCAP.NET;DEMO;;cifs/fs01.demo.nopcap.net;;;;AES256;;;;;;;
2026-09-08T09:28:24;FS01;outgoing;8001;;;svc_backup;DEMO;WINWORD.EXE;cifs/fs01.demo.nopcap.net;;;;;;;;;;;C:\Program Files\Microsoft Office\root\Office16\WINWORD.EXE
2026-09-08T09:16:58;DC01;kerberos;4769;;;d.fischer@DEMO.NOPCAP.NET;DEMO;;HTTP/portal.demo.nopcap.net;;;;AES256;;;;;;;
2026-09-08T09:16:01;DC02;kerberos;4769;;;m.becker@DEMO.NOPCAP.NET;DEMO;;TERMSRV/vdi-broker.demo.nopcap.net;;;;AES256;;;;;;;
2026-09-08T09:13:09;DC01;kerberos;4769;;;svc_backup@DEMO.NOPCAP.NET;DEMO;;cifs/fs01.demo.nopcap.net;;;;AES256;;;;;;;
2026-09-08T09:09:53;DC01;kerberos;4769;;;WKS-0286$@DEMO.NOPCAP.NET;DEMO;;HTTP/portal.demo.nopcap.net;;;;AES256;;;;;;;
2026-09-08T09:04:45;FS01;outgoing;8001;;;svc_backup;DEMO;System;cifs/fs01.demo.nopcap.net;;;;;;;;;;;
2026-09-08T09:03:10;DC01;kerberos;4769;;;p.neumann@DEMO.NOPCAP.NET;DEMO;;TERMSRV/vdi-broker.demo.nopcap.net;;;;AES256;;;;;;;
2026-09-08T09:00:49;DC01;kerberos;4769;;;NB-1096$@DEMO.NOPCAP.NET;DEMO;;TERMSRV/vdi-broker.demo.nopcap.net;;;;AES256;;;;;;;
2026-09-08T08:57:06;DC01;domain;4032;NTLMv2;;p.neumann;DEMO;;APP03;NB-1023;;;;;;;;Windows Server 2016 Standard;;
2026-09-08T08:49:04;DC01;kerberos;4769;;;svc_monitor@DEMO.NOPCAP.NET;DEMO;;HTTP/portal.demo.nopcap.net;;;;AES256;;;;;;;
2026-09-08T08:48:04;DC01;kerberos;4769;;;WKS-0497$@DEMO.NOPCAP.NET;DEMO;;HOST/app03.demo.nopcap.net;;;;AES256;;;;;;;
2026-09-08T08:44:59;WKS-0421;outgoing;4001;;Blocked;k.lorenz;DEMO;mmc.exe;cifs/10.14.22.31;;;;;;;;;;;C:\Windows\System32\mmc.exe
2026-09-08T08:40:41;DC02;kerberos;4769;;;d.fischer@DEMO.NOPCAP.NET;DEMO;;ldap/dc01.demo.nopcap.net;;;;AES256;;;;;;;
2026-09-08T08:28:49;FS01;outgoing;8001;;;svc_web;DEMO;svchost.exe;ldap/dc01.demo.nopcap.net;;;;;;;;;;;C:\Windows\System32\svchost.exe
2026-09-08T08:22:49;DC01;kerberos;4769;;;WKS-0409$@DEMO.NOPCAP.NET;DEMO;;HOST/app03.demo.nopcap.net;;;;AES256;;;;;;;
2026-09-08T08:16:31;DC02;kerberos;4769;;;d.fischer@DEMO.NOPCAP.NET;DEMO;;HOST/app03.demo.nopcap.net;;;;AES256;;;;;;;
2026-09-08T08:15:47;DC02;domain;8004;;;a.klein;DEMO;;ARCHIVE01;NB-1003;;;;;;;;;;
2026-09-08T08:13:28;DC01;kerberos;4769;;;m.becker@DEMO.NOPCAP.NET;DEMO;;ldap/dc01.demo.nopcap.net;;;;AES256;;;;;;;
2026-09-08T08:10:28;DC01;kerberos;4769;;;WKS-0842$@DEMO.NOPCAP.NET;DEMO;;ldap/dc01.demo.nopcap.net;;;;AES256;;;;;;;
2026-09-08T08:03:37;DC01;kerberos;4769;;;svc_sql@DEMO.NOPCAP.NET;DEMO;;HOST/app03.demo.nopcap.net;;;;AES256;;;;;;;
2026-09-07T17:59:38;DC01;kerberos;4769;;;VDI-037$@DEMO.NOPCAP.NET;DEMO;;ldap/dc02.demo.nopcap.net;;;;AES256;;;;;;;
2026-09-07T17:59:23;DC02;kerberos;4769;;;t.hoffmann@DEMO.NOPCAP.NET;DEMO;;TERMSRV/vdi-broker.demo.nopcap.net;;;;AES256;;;;;;;
2026-09-07T17:58:37;DC01;kerberos;4769;;;j.schulz@DEMO.NOPCAP.NET;DEMO;;ldap/dc01.demo.nopcap.net;;;;AES256;;;;;;;
2026-09-07T17:57:59;DC01;kerberos;4769;;;NB-1160$@DEMO.NOPCAP.NET;DEMO;;ldap/dc01.demo.nopcap.net;;;;AES256;;;;;;;
2026-09-07T17:56:04;DC01;kerberos;4769;;;svc_sql@DEMO.NOPCAP.NET;DEMO;;TERMSRV/vdi-broker.demo.nopcap.net;;;;AES256;;;;;;;
2026-09-07T17:49:02;DC01;kerberos;4769;;;p.neumann@DEMO.NOPCAP.NET;DEMO;;ldap/dc02.demo.nopcap.net;;;;AES256;;;;;;;
2026-09-07T17:42:52;APP03;outgoing;8001;;;svc_monitor;DEMO;svchost.exe;ldap/dc01.demo.nopcap.net;;;;;;;;;;;C:\Windows\System32\svchost.exe
2026-09-07T17:39:10;DC01;kerberos;4769;;;k.lorenz@DEMO.NOPCAP.NET;DEMO;;MSSQLSvc/sql01.demo.nopcap.net:1433;;;;AES256;;;;;;;
2026-09-07T17:35:01;DC02;kerberos;4769;;;administrator@DEMO.NOPCAP.NET;DEMO;;cifs/fs01.demo.nopcap.net;;;;AES256;;;;;;;
2026-09-07T17:33:58;DC01;kerberos;4769;;;k.lorenz@DEMO.NOPCAP.NET;DEMO;;MSSQLSvc/sql01.demo.nopcap.net:1433;;;;AES256;;;;;;;
2026-09-07T17:26:44;FS01;outgoing;8001;;;t.hoffmann;DEMO;lsass.exe;cifs/nas01;;;;;;;;;;;C:\Windows\System32\lsass.exe
2026-09-07T17:20:30;DC01;kerberos;4769;;;svc_sql@DEMO.NOPCAP.NET;DEMO;;MSSQLSvc/sql01.demo.nopcap.net:1433;;;;AES256;;;;;;;
2026-09-07T17:05:16;DC01;kerberos;4769;;;a.klein@DEMO.NOPCAP.NET;DEMO;;HOST/app03.demo.nopcap.net;;;;AES256;;;;;;;
2026-09-07T17:03:50;DC01;domain;8004;;;a.klein;DEMO;;NAS01;WKS-0358;;;;;;;;;;
2026-09-07T16:59:58;DC01;kerberos;4769;;;svc_backup@DEMO.NOPCAP.NET;DEMO;;HTTP/portal.demo.nopcap.net;;;;AES256;;;;;;;
2026-09-07T16:57:45;DC01;kerberos;4769;;;svc_sql@DEMO.NOPCAP.NET;DEMO;;TERMSRV/vdi-broker.demo.nopcap.net;;;;AES256;;;;;;;
2026-09-07T16:54:17;DC01;kerberos;4769;;;k.lorenz@DEMO.NOPCAP.NET;DEMO;;ldap/dc02.demo.nopcap.net;;;;AES256;;;;;;;
2026-09-07T16:51:13;DC02;kerberos;4769;;;svc_sql@DEMO.NOPCAP.NET;DEMO;;ldap/dc02.demo.nopcap.net;;;;AES256;;;;;;;
2026-09-07T16:51:05;DC01;kerberos;4769;;;VDI-073$@DEMO.NOPCAP.NET;DEMO;;ldap/dc01.demo.nopcap.net;;;;AES256;;;;;;;
2026-09-07T16:47:55;DC02;kerberos;4769;;;d.fischer@DEMO.NOPCAP.NET;DEMO;;TERMSRV/vdi-broker.demo.nopcap.net;;;;AES256;;;;;;;
2026-09-07T16:47:47;DC01;kerberos;4769;;;svc_sql@DEMO.NOPCAP.NET;DEMO;;TERMSRV/vdi-broker.demo.nopcap.net;;;;AES256;;;;;;;
2026-09-07T16:47:27;DC01;kerberos;4769;;;NB-1387$@DEMO.NOPCAP.NET;DEMO;;HTTP/portal.demo.nopcap.net;;;;AES256;;;;;;;
2026-09-07T16:38:15;DC02;kerberos;4769;;;j.schulz@DEMO.NOPCAP.NET;DEMO;;ldap/dc01.demo.nopcap.net;;;;AES256;;;;;;;
2026-09-07T16:35:35;DC01;kerberos;4769;;;svc_monitor@DEMO.NOPCAP.NET;DEMO;;cifs/fs01.demo.nopcap.net;;;;AES256;;;;;;;
2026-09-07T16:34:01;DC01;kerberos;4769;;;WKS-0840$@DEMO.NOPCAP.NET;DEMO;;HOST/app03.demo.nopcap.net;;;;AES256;;;;;;;
2026-09-07T16:32:39;DC02;kerberos;4769;;;p.neumann@DEMO.NOPCAP.NET;DEMO;;cifs/fs01.demo.nopcap.net;;;;AES256;;;;;;;
2026-09-07T16:31:33;DC02;kerberos;4769;;;svc_web@DEMO.NOPCAP.NET;DEMO;;TERMSRV/vdi-broker.demo.nopcap.net;;;;RC4;;;;;;;
2026-09-07T16:28:34;DC02;kerberos;4769;;;p.neumann@DEMO.NOPCAP.NET;DEMO;;cifs/fs01.demo.nopcap.net;;;;AES256;;;;;;;
2026-09-07T16:26:12;DC01;kerberos;4769;;;VDI-034$@DEMO.NOPCAP.NET;DEMO;;ldap/dc02.demo.nopcap.net;;;;AES256;;;;;;;
2026-09-07T16:19:06;APP03;outgoing;8001;;;j.schulz;DEMO;java.exe;HTTP/erp-test;;;;;;;;;;;C:\Program Files\Eclipse Adoptium\jdk-17\bin\java.exe
2026-09-07T16:15:15;WKS-0421;outgoing;4020;NTLMv2;Direct;j.schulz;DEMO;msedge.exe;HTTP/intranet;;;;;Target name could not be resolved by Kerberos;6;Unprotected;None;;;C:\Program Files (x86)\Microsoft\Edge\Application\msedge.exe
2026-09-07T16:07:35;DC01;kerberos;4769;;;NB-1005$@DEMO.NOPCAP.NET;DEMO;;TERMSRV/vdi-broker.demo.nopcap.net;;;;AES256;;;;;;;
2026-09-07T16:06:42;FS01;outgoing;8001;;;j.schulz;DEMO;lsass.exe;cifs/nas01;;;;;;;;;;;C:\Windows\System32\lsass.exe
2026-09-07T16:01:13;DC02;kerberos;4769;;;p.neumann@DEMO.NOPCAP.NET;DEMO;;cifs/fs01.demo.nopcap.net;;;;AES256;;;;;;;
2026-09-07T16:00:49;DC02;auth;4624;NTLMv2;Direct;s.wagner;DEMO;;;VDI-029;10.14.21.247;3;;;;;;;;
2026-09-07T16:00:17;DC02;kerberos;4769;;;m.becker@DEMO.NOPCAP.NET;DEMO;;ldap/dc02.demo.nopcap.net;;;;AES256;;;;;;;
2026-09-07T16:00:02;DC02;kerberos;4769;;;svc_monitor@DEMO.NOPCAP.NET;DEMO;;cifs/fs01.demo.nopcap.net;;;;AES256;;;;;;;
2026-09-07T15:57:42;WKS-0421;outgoing;4020;NTLMv2;Direct;m.becker;DEMO;lsass.exe;cifs/nas01;;;;;Target name could not be resolved by Kerberos;6;Unprotected;None;;;C:\Windows\System32\lsass.exe
2026-09-07T15:57:29;DC02;kerberos;4769;;;a.klein@DEMO.NOPCAP.NET;DEMO;;cifs/fs01.demo.nopcap.net;;;;AES256;;;;;;;
2026-09-07T15:55:56;DC01;kerberos;4769;;;WKS-0660$@DEMO.NOPCAP.NET;DEMO;;MSSQLSvc/sql01.demo.nopcap.net:1433;;;;AES256;;;;;;;
2026-09-07T15:55:02;DC02;kerberos;4769;;;administrator@DEMO.NOPCAP.NET;DEMO;;HTTP/portal.demo.nopcap.net;;;;AES256;;;;;;;
2026-09-07T15:53:54;DC02;kerberos;4769;;;k.lorenz@DEMO.NOPCAP.NET;DEMO;;ldap/dc02.demo.nopcap.net;;;;AES256;;;;;;;
2026-09-07T15:53:43;FS01;outgoing;8001;;;k.lorenz;DEMO;lsass.exe;cifs/nas01;;;;;;;;;;;C:\Windows\System32\lsass.exe
2026-09-07T15:48:22;APP03;outgoing;8001;;;j.schulz;DEMO;System;cifs/fs01.demo.nopcap.net;;;;;;;;;;;
2026-09-07T15:47:23;DC01;kerberos;4769;;;NB-1181$@DEMO.NOPCAP.NET;DEMO;;TERMSRV/vdi-broker.demo.nopcap.net;;;;AES256;;;;;;;
2026-09-07T15:46:35;DC02;kerberos;4769;;;svc_backup@DEMO.NOPCAP.NET;DEMO;;cifs/fs01.demo.nopcap.net;;;;AES256;;;;;;;
2026-09-07T15:44:40;DC02;kerberos;4769;;;m.becker@DEMO.NOPCAP.NET;DEMO;;ldap/dc02.demo.nopcap.net;;;;AES256;;;;;;;
2026-09-07T15:41:31;DC02;auth;4624;NTLMv2;Direct;t.hoffmann;DEMO;;;WKS-0263;10.14.25.52;3;;;;;;;;
2026-09-07T15:40:53;DC01;kerberos;4769;;;administrator@DEMO.NOPCAP.NET;DEMO;;HTTP/portal.demo.nopcap.net;;;;AES256;;;;;;;
2026-09-07T15:40:44;DC01;kerberos;4769;;;a.klein@DEMO.NOPCAP.NET;DEMO;;TERMSRV/vdi-broker.demo.nopcap.net;;;;AES256;;;;;;;
2026-09-07T15:34:28;DC01;kerberos;4769;;;VDI-066$@DEMO.NOPCAP.NET;DEMO;;TERMSRV/vdi-broker.demo.nopcap.net;;;;AES256;;;;;;;
2026-09-07T15:34:22;DC01;kerberos;4769;;;m.becker@DEMO.NOPCAP.NET;DEMO;;HOST/app03.demo.nopcap.net;;;;AES256;;;;;;;
2026-09-07T15:31:15;DC02;kerberos;4769;;;svc_web@DEMO.NOPCAP.NET;DEMO;;MSSQLSvc/sql01.demo.nopcap.net:1433;;;;RC4;;;;;;;
2026-09-07T15:30:54;DC02;kerberos;4769;;;svc_sql@DEMO.NOPCAP.NET;DEMO;;HOST/app03.demo.nopcap.net;;;;AES256;;;;;;;
2026-09-07T15:26:27;DC01;kerberos;4769;;;k.lorenz@DEMO.NOPCAP.NET;DEMO;;TERMSRV/vdi-broker.demo.nopcap.net;;;;AES256;;;;;;;
2026-09-07T15:26:01;DC01;kerberos;4769;;;a.klein@DEMO.NOPCAP.NET;DEMO;;cifs/fs01.demo.nopcap.net;;;;AES256;;;;;;;
2026-09-07T15:21:39;DC01;kerberos;4769;;;svc_monitor@DEMO.NOPCAP.NET;DEMO;;ldap/dc01.demo.nopcap.net;;;;AES256;;;;;;;
2026-09-07T15:21:08;DC01;kerberos;4769;;;VDI-054$@DEMO.NOPCAP.NET;DEMO;;cifs/fs01.demo.nopcap.net;;;;AES256;;;;;;;
2026-09-07T15:20:58;DC02;auth;4624;NTLMv2;Direct;a.klein;DEMO;;;WKS-0365;10.14.23.55;3;;;;;;;;
2026-09-07T15:14:15;DC01;kerberos;4769;;;m.becker@DEMO.NOPCAP.NET;DEMO;;HTTP/portal.demo.nopcap.net;;;;AES256;;;;;;;
2026-09-07T15:12:45;DC02;kerberos;4769;;;m.becker@DEMO.NOPCAP.NET;DEMO;;ldap/dc02.demo.nopcap.net;;;;AES256;;;;;;;
2026-09-07T15:12:26;DC02;kerberos;4769;;;svc_monitor@DEMO.NOPCAP.NET;DEMO;;MSSQLSvc/sql01.demo.nopcap.net:1433;;;;AES256;;;;;;;
2026-09-07T15:11:08;APP03;incoming;8003;;;m.becker;DEMO;svchost.exe;;VDI-072;;3;;;;;;;;
2026-09-07T15:08:53;DC01;kerberos;4769;;;WKS-0721$@DEMO.NOPCAP.NET;DEMO;;HTTP/portal.demo.nopcap.net;;;;AES256;;;;;;;
2026-09-07T15:08:45;DC01;kerberos;4769;;;VDI-055$@DEMO.NOPCAP.NET;DEMO;;cifs/fs01.demo.nopcap.net;;;;AES256;;;;;;;
2026-09-07T15:08:32;DC01;kerberos;4769;;;svc_backup@DEMO.NOPCAP.NET;DEMO;;cifs/fs01.demo.nopcap.net;;;;AES256;;;;;;;
2026-09-07T15:07:09;DC01;kerberos;4769;;;k.lorenz@DEMO.NOPCAP.NET;DEMO;;HTTP/portal.demo.nopcap.net;;;;AES256;;;;;;;
2026-09-07T15:05:52;DC01;kerberos;4769;;;svc_backup@DEMO.NOPCAP.NET;DEMO;;cifs/fs01.demo.nopcap.net;;;;AES256;;;;;;;
2026-09-07T15:05:21;DC02;kerberos;4769;;;administrator@DEMO.NOPCAP.NET;DEMO;;ldap/dc02.demo.nopcap.net;;;;AES256;;;;;;;
2026-09-07T15:02:44;APP03;outgoing;8001;;;a.klein;DEMO;System;cifs/fs01.demo.nopcap.net;;;;;;;;;;;
2026-09-07T15:02:30;DC02;kerberos;4769;;;m.becker@DEMO.NOPCAP.NET;DEMO;;MSSQLSvc/sql01.demo.nopcap.net:1433;;;;AES256;;;;;;;
2026-09-07T15:00:00;DC02;kerberos;4769;;;m.becker@DEMO.NOPCAP.NET;DEMO;;cifs/fs01.demo.nopcap.net;;;;AES256;;;;;;;
2026-09-07T14:50:41;DC01;kerberos;4769;;;k.lorenz@DEMO.NOPCAP.NET;DEMO;;HTTP/portal.demo.nopcap.net;;;;AES256;;;;;;;
2026-09-07T14:48:30;DC01;kerberos;4769;;;NB-1392$@DEMO.NOPCAP.NET;DEMO;;cifs/fs01.demo.nopcap.net;;;;AES256;;;;;;;
2026-09-07T14:45:09;DC01;domain;8004;;;a.klein;DEMO;;PRINTSRV01;VDI-062;;;;;;;;;;
2026-09-07T14:38:54;DC01;kerberos;4769;;;svc_web@DEMO.NOPCAP.NET;DEMO;;HOST/app03.demo.nopcap.net;;;;RC4;;;;;;;
2026-09-07T14:34:53;DC01;kerberos;4769;;;administrator@DEMO.NOPCAP.NET;DEMO;;HTTP/portal.demo.nopcap.net;;;;AES256;;;;;;;
2026-09-07T14:34:16;DC02;kerberos;4769;;;m.becker@DEMO.NOPCAP.NET;DEMO;;TERMSRV/vdi-broker.demo.nopcap.net;;;;AES256;;;;;;;
2026-09-07T14:32:57;DC02;kerberos;4769;;;s.wagner@DEMO.NOPCAP.NET;DEMO;;ldap/dc02.demo.nopcap.net;;;;AES256;;;;;;;
2026-09-07T14:24:26;DC02;kerberos;4769;;;svc_monitor@DEMO.NOPCAP.NET;DEMO;;ldap/dc02.demo.nopcap.net;;;;AES256;;;;;;;
2026-09-07T14:15:40;DC02;kerberos;4769;;;k.lorenz@DEMO.NOPCAP.NET;DEMO;;TERMSRV/vdi-broker.demo.nopcap.net;;;;AES256;;;;;;;
2026-09-07T14:14:12;FS01;outgoing;8001;;;t.hoffmann;DEMO;lsass.exe;cifs/nas01;;;;;;;;;;;C:\Windows\System32\lsass.exe
2026-09-07T14:10:56;DC01;kerberos;4769;;;d.fischer@DEMO.NOPCAP.NET;DEMO;;TERMSRV/vdi-broker.demo.nopcap.net;;;;AES256;;;;;;;
2026-09-07T14:10:48;DC01;kerberos;4769;;;VDI-039$@DEMO.NOPCAP.NET;DEMO;;ldap/dc01.demo.nopcap.net;;;;AES256;;;;;;;
2026-09-07T14:09:03;DC02;kerberos;4769;;;p.neumann@DEMO.NOPCAP.NET;DEMO;;MSSQLSvc/sql01.demo.nopcap.net:1433;;;;AES256;;;;;;;
2026-09-07T14:08:22;DC01;kerberos;4769;;;d.fischer@DEMO.NOPCAP.NET;DEMO;;HTTP/portal.demo.nopcap.net;;;;AES256;;;;;;;
2026-09-07T14:06:39;DC01;kerberos;4769;;;a.klein@DEMO.NOPCAP.NET;DEMO;;HTTP/portal.demo.nopcap.net;;;;AES256;;;;;;;
2026-09-07T14:04:27;DC01;kerberos;4769;;;VDI-014$@DEMO.NOPCAP.NET;DEMO;;HOST/app03.demo.nopcap.net;;;;AES256;;;;;;;
2026-09-07T14:03:37;DC02;kerberos;4769;;;svc_sql@DEMO.NOPCAP.NET;DEMO;;ldap/dc02.demo.nopcap.net;;;;AES256;;;;;;;
2026-09-07T14:02:01;DC01;kerberos;4769;;;svc_sql@DEMO.NOPCAP.NET;DEMO;;HOST/app03.demo.nopcap.net;;;;AES256;;;;;;;
2026-09-07T13:59:59;FS01;outgoing;8001;;;svc_web;DEMO;robocopy.exe;cifs/archive01;;;;;;;;;;;C:\Windows\System32\robocopy.exe
2026-09-07T13:59:12;DC02;kerberos;4769;;;k.lorenz@DEMO.NOPCAP.NET;DEMO;;HTTP/portal.demo.nopcap.net;;;;AES256;;;;;;;
2026-09-07T13:57:37;WKS-0421;outgoing;4001;;Blocked;j.schulz;DEMO;wsmprovhost.exe;HOST/app03;;;;;;;;;;;C:\Windows\System32\wsmprovhost.exe
2026-09-07T13:56:26;DC01;kerberos;4769;;;j.schulz@DEMO.NOPCAP.NET;DEMO;;ldap/dc02.demo.nopcap.net;;;;AES256;;;;;;;
2026-09-07T13:53:00;DC01;kerberos;4769;;;a.klein@DEMO.NOPCAP.NET;DEMO;;TERMSRV/vdi-broker.demo.nopcap.net;;;;AES256;;;;;;;
2026-09-07T13:51:52;DC01;kerberos;4769;;;WKS-0767$@DEMO.NOPCAP.NET;DEMO;;ldap/dc01.demo.nopcap.net;;;;AES256;;;;;;;
2026-09-07T13:51:05;APP03;outgoing;8001;;;svc_backup;DEMO;msedge.exe;HTTP/intranet;;;;;;;;;;;C:\Program Files (x86)\Microsoft\Edge\Application\msedge.exe
2026-09-07T13:47:47;WKS-0421;outgoing;4001;;Blocked;administrator;DEMO;powershell.exe;cifs/10.14.22.31;;;;;;;;;;;C:\Windows\System32\WindowsPowerShell\v1.0\powershell.exe
2026-09-07T13:45:22;DC01;kerberos;4769;;;NB-1187$@DEMO.NOPCAP.NET;DEMO;;TERMSRV/vdi-broker.demo.nopcap.net;;;;AES256;;;;;;;
2026-09-07T13:45:22;WKS-0421;outgoing;4020;NTLMv2;Direct;svc_monitor;DEMO;System;cifs/fs01.demo.nopcap.net;;;;;Application called NTLM directly;1;Unprotected;None;;;
2026-09-07T13:42:34;DC02;kerberos;4769;;;svc_backup@DEMO.NOPCAP.NET;DEMO;;cifs/fs01.demo.nopcap.net;;;;AES256;;;;;;;
2026-09-07T13:38:40;WKS-0421;outgoing;4020;NTLMv2;Direct;p.neumann;DEMO;wsmprovhost.exe;HOST/app03;;;;;Target name could not be resolved by Kerberos;6;Unprotected;None;;;C:\Windows\System32\wsmprovhost.exe
2026-09-07T13:37:04;DC01;kerberos;4769;;;NB-1122$@DEMO.NOPCAP.NET;DEMO;;MSSQLSvc/sql01.demo.nopcap.net:1433;;;;AES256;;;;;;;
2026-09-07T13:33:47;DC02;kerberos;4769;;;svc_backup@DEMO.NOPCAP.NET;DEMO;;cifs/fs01.demo.nopcap.net;;;;AES256;;;;;;;
2026-09-07T13:28:59;DC02;auth;4624;NTLMv2;Direct;k.lorenz;DEMO;;;VDI-042;10.14.24.50;3;;;;;;;;
2026-09-07T13:27:09;DC01;kerberos;4769;;;WKS-0230$@DEMO.NOPCAP.NET;DEMO;;ldap/dc01.demo.nopcap.net;;;;AES256;;;;;;;
2026-09-07T13:26:52;DC01;kerberos;4769;;;m.becker@DEMO.NOPCAP.NET;DEMO;;cifs/fs01.demo.nopcap.net;;;;AES256;;;;;;;
2026-09-07T13:22:50;DC01;kerberos;4769;;;WKS-0455$@DEMO.NOPCAP.NET;DEMO;;cifs/fs01.demo.nopcap.net;;;;AES256;;;;;;;
2026-09-07T13:21:59;DC02;kerberos;4769;;;a.klein@DEMO.NOPCAP.NET;DEMO;;MSSQLSvc/sql01.demo.nopcap.net:1433;;;;AES256;;;;;;;
2026-09-07T13:17:45;WKS-0421;outgoing;4020;NTLMv2;Direct;p.neumann;DEMO;lsass.exe;cifs/nas01;;;;;Target name could not be resolved by Kerberos;6;Unprotected;None;;;C:\Windows\System32\lsass.exe
2026-09-07T13:17:03;DC02;kerberos;4769;;;administrator@DEMO.NOPCAP.NET;DEMO;;ldap/dc01.demo.nopcap.net;;;;AES256;;;;;;;
2026-09-07T13:16:29;DC01;kerberos;4769;;;svc_backup@DEMO.NOPCAP.NET;DEMO;;HTTP/portal.demo.nopcap.net;;;;AES256;;;;;;;
2026-09-07T13:15:38;DC01;kerberos;4769;;;VDI-040$@DEMO.NOPCAP.NET;DEMO;;cifs/fs01.demo.nopcap.net;;;;AES256;;;;;;;
2026-09-07T13:15:24;DC02;domain;8004;;;d.fischer;DEMO;;NAS01;VDI-018;;;;;;;;;;
2026-09-07T13:13:37;FS01;incoming;8003;;;administrator;DEMO;System;;NB-1156;;3;;;;;;;;
2026-09-07T13:12:21;DC02;kerberos;4769;;;d.fischer@DEMO.NOPCAP.NET;DEMO;;ldap/dc02.demo.nopcap.net;;;;AES256;;;;;;;
2026-09-07T13:08:34;DC02;auth;4624;NTLMv2;Direct;p.neumann;DEMO;;;NB-1151;10.14.21.128;3;;;;;;;;
2026-09-07T13:03:23;DC01;auth;4624;NTLMv2;Fallback;svc_monitor;DEMO;;;NB-1068;10.14.25.236;3;;;;;;;;
2026-09-07T13:02:27;DC02;kerberos;4769;;;j.schulz@DEMO.NOPCAP.NET;DEMO;;HOST/app03.demo.nopcap.net;;;;AES256;;;;;;;
2026-09-07T12:58:36;DC01;kerberos;4769;;;t.hoffmann@DEMO.NOPCAP.NET;DEMO;;MSSQLSvc/sql01.demo.nopcap.net:1433;;;;AES256;;;;;;;
2026-09-07T12:57:34;DC01;kerberos;4769;;;a.klein@DEMO.NOPCAP.NET;DEMO;;TERMSRV/vdi-broker.demo.nopcap.net;;;;AES256;;;;;;;
2026-09-07T12:56:21;DC01;kerberos;4769;;;NB-1163$@DEMO.NOPCAP.NET;DEMO;;HTTP/portal.demo.nopcap.net;;;;AES256;;;;;;;
2026-09-07T12:54:08;APP03;outgoing;8001;;;svc_sql;DEMO;msedge.exe;HTTP/intranet;;;;;;;;;;;C:\Program Files (x86)\Microsoft\Edge\Application\msedge.exe
2026-09-07T12:50:55;DC01;kerberos;4769;;;administrator@DEMO.NOPCAP.NET;DEMO;;ldap/dc01.demo.nopcap.net;;;;AES256;;;;;;;
2026-09-07T12:47:52;DC01;kerberos;4769;;;svc_monitor@DEMO.NOPCAP.NET;DEMO;;ldap/dc01.demo.nopcap.net;;;;AES256;;;;;;;
2026-09-07T12:43:14;FS01;outgoing;8001;;;t.hoffmann;DEMO;lsass.exe;cifs/nas01;;;;;;;;;;;C:\Windows\System32\lsass.exe
2026-09-07T12:42:24;DC01;kerberos;4769;;;svc_sql@DEMO.NOPCAP.NET;DEMO;;HTTP/portal.demo.nopcap.net;;;;AES256;;;;;;;
2026-09-07T12:41:56;DC02;kerberos;4769;;;k.lorenz@DEMO.NOPCAP.NET;DEMO;;HTTP/portal.demo.nopcap.net;;;;AES256;;;;;;;
2026-09-07T12:37:21;FS01;incoming;8002;;;WKS-0421$;DEMO;sqlservr.exe;;;;;;;;;;;;
2026-09-07T12:30:16;DC01;kerberos;4769;;;VDI-010$@DEMO.NOPCAP.NET;DEMO;;ldap/dc02.demo.nopcap.net;;;;AES256;;;;;;;
2026-09-07T12:25:43;DC01;kerberos;4769;;;svc_web@DEMO.NOPCAP.NET;DEMO;;ldap/dc01.demo.nopcap.net;;;;RC4;;;;;;;
2026-09-07T12:22:33;DC01;kerberos;4769;;;WKS-0719$@DEMO.NOPCAP.NET;DEMO;;HTTP/portal.demo.nopcap.net;;;;AES256;;;;;;;
2026-09-07T12:21:38;DC01;kerberos;4769;;;svc_backup@DEMO.NOPCAP.NET;DEMO;;TERMSRV/vdi-broker.demo.nopcap.net;;;;AES256;;;;;;;
2026-09-07T12:19:42;DC02;kerberos;4769;;;k.lorenz@DEMO.NOPCAP.NET;DEMO;;HOST/app03.demo.nopcap.net;;;;AES256;;;;;;;
2026-09-07T12:18:34;DC01;kerberos;4769;;;WKS-0252$@DEMO.NOPCAP.NET;DEMO;;ldap/dc01.demo.nopcap.net;;;;AES256;;;;;;;
2026-09-07T12:16:43;FS01;outgoing;8001;;;k.lorenz;DEMO;lsass.exe;cifs/nas01;;;;;;;;;;;C:\Windows\System32\lsass.exe
2026-09-07T12:16:41;DC01;kerberos;4769;;;NB-1051$@DEMO.NOPCAP.NET;DEMO;;cifs/fs01.demo.nopcap.net;;;;AES256;;;;;;;
2026-09-07T12:16:25;DC01;kerberos;4769;;;p.neumann@DEMO.NOPCAP.NET;DEMO;;HTTP/portal.demo.nopcap.net;;;;AES256;;;;;;;
2026-09-07T12:10:55;DC01;kerberos;4769;;;VDI-022$@DEMO.NOPCAP.NET;DEMO;;HOST/app03.demo.nopcap.net;;;;AES256;;;;;;;
2026-09-07T12:09:56;DC01;kerberos;4769;;;t.hoffmann@DEMO.NOPCAP.NET;DEMO;;cifs/fs01.demo.nopcap.net;;;;AES256;;;;;;;
2026-09-07T12:09:10;DC01;kerberos;4769;;;WKS-0186$@DEMO.NOPCAP.NET;DEMO;;TERMSRV/vdi-broker.demo.nopcap.net;;;;AES256;;;;;;;
2026-09-07T12:09:10;DC01;kerberos;4769;;;svc_backup@DEMO.NOPCAP.NET;DEMO;;TERMSRV/vdi-broker.demo.nopcap.net;;;;AES256;;;;;;;
2026-09-07T12:03:34;DC01;kerberos;4769;;;NB-1316$@DEMO.NOPCAP.NET;DEMO;;HTTP/portal.demo.nopcap.net;;;;AES256;;;;;;;
2026-09-07T11:59:35;DC01;kerberos;4769;;;VDI-011$@DEMO.NOPCAP.NET;DEMO;;ldap/dc01.demo.nopcap.net;;;;AES256;;;;;;;
2026-09-07T11:57:54;DC01;kerberos;4769;;;VDI-049$@DEMO.NOPCAP.NET;DEMO;;TERMSRV/vdi-broker.demo.nopcap.net;;;;AES256;;;;;;;
2026-09-07T11:54:39;DC01;kerberos;4769;;;m.becker@DEMO.NOPCAP.NET;DEMO;;cifs/fs01.demo.nopcap.net;;;;AES256;;;;;;;
2026-09-07T11:51:07;DC01;kerberos;4769;;;j.schulz@DEMO.NOPCAP.NET;DEMO;;HOST/app03.demo.nopcap.net;;;;AES256;;;;;;;
2026-09-07T11:50:47;DC02;kerberos;4769;;;k.lorenz@DEMO.NOPCAP.NET;DEMO;;cifs/fs01.demo.nopcap.net;;;;AES256;;;;;;;
2026-09-07T11:50:03;DC01;kerberos;4769;;;k.lorenz@DEMO.NOPCAP.NET;DEMO;;HOST/app03.demo.nopcap.net;;;;AES256;;;;;;;
2026-09-07T11:48:07;DC02;domain;8004;;;svc_backup;DEMO;;PRINTSRV01;NB-1297;;;;;;;;;;
2026-09-07T11:47:13;FS01;outgoing;8001;;;j.schulz;DEMO;WINWORD.EXE;cifs/fs01.demo.nopcap.net;;;;;;;;;;;C:\Program Files\Microsoft Office\root\Office16\WINWORD.EXE
2026-09-07T11:45:14;DC01;kerberos;4769;;;svc_monitor@DEMO.NOPCAP.NET;DEMO;;ldap/dc02.demo.nopcap.net;;;;AES256;;;;;;;
2026-09-07T11:45:06;DC02;kerberos;4769;;;t.hoffmann@DEMO.NOPCAP.NET;DEMO;;ldap/dc01.demo.nopcap.net;;;;AES256;;;;;;;
2026-09-07T11:44:22;DC01;kerberos;4769;;;NB-1265$@DEMO.NOPCAP.NET;DEMO;;cifs/fs01.demo.nopcap.net;;;;AES256;;;;;;;
2026-09-07T11:43:03;DC01;kerberos;4769;;;administrator@DEMO.NOPCAP.NET;DEMO;;cifs/fs01.demo.nopcap.net;;;;AES256;;;;;;;
2026-09-07T11:39:08;DC01;kerberos;4769;;;svc_monitor@DEMO.NOPCAP.NET;DEMO;;HTTP/portal.demo.nopcap.net;;;;AES256;;;;;;;
2026-09-07T11:36:23;FS01;outgoing;8001;;;svc_backup;DEMO;System;cifs/fs01.demo.nopcap.net;;;;;;;;;;;
2026-09-07T11:33:56;DC01;kerberos;4769;;;p.neumann@DEMO.NOPCAP.NET;DEMO;;ldap/dc02.demo.nopcap.net;;;;AES256;;;;;;;
2026-09-07T11:33:03;DC02;kerberos;4769;;;p.neumann@DEMO.NOPCAP.NET;DEMO;;cifs/fs01.demo.nopcap.net;;;;AES256;;;;;;;
2026-09-07T11:30:57;DC01;kerberos;4769;;;k.lorenz@DEMO.NOPCAP.NET;DEMO;;ldap/dc01.demo.nopcap.net;;;;AES256;;;;;;;
2026-09-07T11:24:21;DC01;kerberos;4769;;;svc_sql@DEMO.NOPCAP.NET;DEMO;;HOST/app03.demo.nopcap.net;;;;AES256;;;;;;;
2026-09-07T11:23:32;DC02;kerberos;4769;;;d.fischer@DEMO.NOPCAP.NET;DEMO;;ldap/dc02.demo.nopcap.net;;;;AES256;;;;;;;
2026-09-07T11:21:13;DC02;kerberos;4769;;;k.lorenz@DEMO.NOPCAP.NET;DEMO;;cifs/fs01.demo.nopcap.net;;;;AES256;;;;;;;
2026-09-07T11:16:41;FS01;outgoing;8001;;;k.lorenz;DEMO;spoolsv.exe;cifs/printsrv01;;;;;;;;;;;C:\Windows\System32\spoolsv.exe
2026-09-07T11:10:58;FS01;incoming;8003;;;t.hoffmann;DEMO;w3wp.exe;;NB-1325;;3;;;;;;;;
2026-09-07T11:08:37;APP03;outgoing;8001;;;k.lorenz;DEMO;lsass.exe;cifs/nas01;;;;;;;;;;;C:\Windows\System32\lsass.exe
2026-09-07T11:08:10;DC01;kerberos;4769;;;k.lorenz@DEMO.NOPCAP.NET;DEMO;;HOST/app03.demo.nopcap.net;;;;AES256;;;;;;;
2026-09-07T11:07:19;DC01;kerberos;4769;;;WKS-0766$@DEMO.NOPCAP.NET;DEMO;;ldap/dc02.demo.nopcap.net;;;;AES256;;;;;;;
2026-09-07T11:06:16;DC01;kerberos;4769;;;VDI-081$@DEMO.NOPCAP.NET;DEMO;;ldap/dc02.demo.nopcap.net;;;;AES256;;;;;;;
2026-09-07T11:02:23;DC01;kerberos;4769;;;NB-1261$@DEMO.NOPCAP.NET;DEMO;;TERMSRV/vdi-broker.demo.nopcap.net;;;;AES256;;;;;;;
2026-09-07T11:01:54;FS01;outgoing;8001;;;t.hoffmann;DEMO;mmc.exe;cifs/10.14.22.31;;;;;;;;;;;C:\Windows\System32\mmc.exe
2026-09-07T10:53:22;DC01;kerberos;4769;;;NB-1366$@DEMO.NOPCAP.NET;DEMO;;ldap/dc01.demo.nopcap.net;;;;AES256;;;;;;;
2026-09-07T10:53:12;DC02;kerberos;4769;;;svc_backup@DEMO.NOPCAP.NET;DEMO;;TERMSRV/vdi-broker.demo.nopcap.net;;;;AES256;;;;;;;
2026-09-07T10:52:42;DC01;kerberos;4769;;;svc_backup@DEMO.NOPCAP.NET;DEMO;;cifs/fs01.demo.nopcap.net;;;;AES256;;;;;;;
2026-09-07T10:47:11;DC02;kerberos;4769;;;k.lorenz@DEMO.NOPCAP.NET;DEMO;;MSSQLSvc/sql01.demo.nopcap.net:1433;;;;AES256;;;;;;;
2026-09-07T10:42:56;DC01;kerberos;4769;;;svc_monitor@DEMO.NOPCAP.NET;DEMO;;ldap/dc02.demo.nopcap.net;;;;AES256;;;;;;;
2026-09-07T10:41:49;DC02;kerberos;4769;;;svc_backup@DEMO.NOPCAP.NET;DEMO;;MSSQLSvc/sql01.demo.nopcap.net:1433;;;;AES256;;;;;;;
2026-09-07T10:37:26;DC02;kerberos;4769;;;administrator@DEMO.NOPCAP.NET;DEMO;;cifs/fs01.demo.nopcap.net;;;;AES256;;;;;;;
2026-09-07T10:33:46;DC02;auth;4624;NTLMv2;Direct;k.lorenz;DEMO;;;NB-1320;10.14.24.44;3;;;;;;;;
2026-09-07T10:32:48;DC02;kerberos;4769;;;svc_sql@DEMO.NOPCAP.NET;DEMO;;TERMSRV/vdi-broker.demo.nopcap.net;;;;AES256;;;;;;;
2026-09-07T10:21:27;DC01;auth;4624;NTLMv2;Direct;svc_web;DEMO;;;WKS-0212;10.14.25.15;3;;;;;;;;
2026-09-07T10:17:14;DC01;kerberos;4769;;;WKS-0539$@DEMO.NOPCAP.NET;DEMO;;cifs/fs01.demo.nopcap.net;;;;AES256;;;;;;;
2026-09-07T10:14:06;DC01;kerberos;4769;;;k.lorenz@DEMO.NOPCAP.NET;DEMO;;TERMSRV/vdi-broker.demo.nopcap.net;;;;AES256;;;;;;;
2026-09-07T10:09:47;DC01;kerberos;4769;;;m.becker@DEMO.NOPCAP.NET;DEMO;;cifs/fs01.demo.nopcap.net;;;;AES256;;;;;;;
2026-09-07T10:08:26;DC02;kerberos;4769;;;m.becker@DEMO.NOPCAP.NET;DEMO;;HTTP/portal.demo.nopcap.net;;;;AES256;;;;;;;
2026-09-07T10:02:26;DC02;kerberos;4769;;;d.fischer@DEMO.NOPCAP.NET;DEMO;;MSSQLSvc/sql01.demo.nopcap.net:1433;;;;AES256;;;;;;;
2026-09-07T09:58:05;DC02;auth;4624;NTLMv2;Direct;j.schulz;DEMO;;;WKS-0162;10.14.25.164;3;;;;;;;;
2026-09-07T09:57:46;APP03;outgoing;8001;;;t.hoffmann;DEMO;spoolsv.exe;cifs/printsrv01;;;;;;;;;;;C:\Windows\System32\spoolsv.exe
2026-09-07T09:57:15;APP03;outgoing;8001;;;svc_web;DEMO;explorer.exe;cifs/fs01.demo.nopcap.net;;;;;;;;;;;C:\Windows\explorer.exe
2026-09-07T09:55:40;DC01;domain;8004;;;svc_sql;DEMO;;PRINTSRV01;NB-1139;;;;;;;;;;
2026-09-07T09:54:56;WKS-0421;cgblock;4014;;Blocked;;DEMO;svchost.exe;;;;;;;;;;;;C:\Windows\System32\svchost.exe
2026-09-07T09:52:49;DC01;kerberos;4769;;;m.becker@DEMO.NOPCAP.NET;DEMO;;ldap/dc01.demo.nopcap.net;;;;AES256;;;;;;;
2026-09-07T09:51:38;FS01;outgoing;8001;;;svc_monitor;DEMO;lsass.exe;cifs/nas01;;;;;;;;;;;C:\Windows\System32\lsass.exe
2026-09-07T09:50:38;DC01;kerberos;4769;;;svc_backup@DEMO.NOPCAP.NET;DEMO;;cifs/fs01.demo.nopcap.net;;;;AES256;;;;;;;
2026-09-07T09:48:39;WKS-0421;outgoing;4020;NTLMv2;Direct;t.hoffmann;DEMO;svchost.exe;ldap/dc01.demo.nopcap.net;;;;;Application called NTLM directly;1;Unprotected;None;;;C:\Windows\System32\svchost.exe
2026-09-07T09:47:32;DC01;kerberos;4769;;;svc_web@DEMO.NOPCAP.NET;DEMO;;TERMSRV/vdi-broker.demo.nopcap.net;;;;RC4;;;;;;;
2026-09-07T09:46:29;APP03;outgoing;8001;;;s.wagner;DEMO;robocopy.exe;cifs/archive01;;;;;;;;;;;C:\Windows\System32\robocopy.exe
2026-09-07T09:45:49;DC01;domain;8004;;;svc_web;DEMO;;PRINTSRV01;VDI-019;;;;;;;;;;
2026-09-07T09:41:36;DC01;kerberos;4769;;;s.wagner@DEMO.NOPCAP.NET;DEMO;;HOST/app03.demo.nopcap.net;;;;AES256;;;;;;;
2026-09-07T09:36:53;DC02;kerberos;4769;;;s.wagner@DEMO.NOPCAP.NET;DEMO;;MSSQLSvc/sql01.demo.nopcap.net:1433;;;;AES256;;;;;;;
2026-09-07T09:35:21;DC01;auth;4624;NTLMv2;Direct;administrator;DEMO;;;WKS-0686;10.14.20.188;3;;;;;;;;
2026-09-07T09:30:15;DC02;kerberos;4769;;;j.schulz@DEMO.NOPCAP.NET;DEMO;;HOST/app03.demo.nopcap.net;;;;AES256;;;;;;;
2026-09-07T09:28:02;DC02;auth;4624;NTLMv2;Direct;svc_web;DEMO;;;WKS-0385;10.14.20.201;3;;;;;;;;
2026-09-07T09:25:20;DC02;kerberos;4769;;;p.neumann@DEMO.NOPCAP.NET;DEMO;;ldap/dc01.demo.nopcap.net;;;;AES256;;;;;;;
2026-09-07T09:23:54;DC02;auth;4624;NTLMv2;Fallback;svc_sql;DEMO;;;WKS-0364;10.14.22.172;3;;;;;;;;
2026-09-07T09:18:01;DC01;kerberos;4769;;;NB-1144$@DEMO.NOPCAP.NET;DEMO;;ldap/dc02.demo.nopcap.net;;;;AES256;;;;;;;
2026-09-07T09:16:28;DC01;kerberos;4769;;;d.fischer@DEMO.NOPCAP.NET;DEMO;;MSSQLSvc/sql01.demo.nopcap.net:1433;;;;AES256;;;;;;;
2026-09-07T09:15:08;FS01;outgoing;8001;;;p.neumann;DEMO;explorer.exe;cifs/fs01.demo.nopcap.net;;;;;;;;;;;C:\Windows\explorer.exe
2026-09-07T09:11:29;DC01;kerberos;4769;;;VDI-078$@DEMO.NOPCAP.NET;DEMO;;cifs/fs01.demo.nopcap.net;;;;AES256;;;;;;;
2026-09-07T09:02:35;DC02;kerberos;4769;;;svc_monitor@DEMO.NOPCAP.NET;DEMO;;ldap/dc02.demo.nopcap.net;;;;AES256;;;;;;;
2026-09-07T09:00:13;DC02;kerberos;4769;;;s.wagner@DEMO.NOPCAP.NET;DEMO;;ldap/dc01.demo.nopcap.net;;;;AES256;;;;;;;
2026-09-07T08:58:49;DC02;kerberos;4769;;;p.neumann@DEMO.NOPCAP.NET;DEMO;;cifs/fs01.demo.nopcap.net;;;;AES256;;;;;;;
2026-09-07T08:53:31;APP03;outgoing;8001;;;svc_monitor;DEMO;lsass.exe;cifs/nas01;;;;;;;;;;;C:\Windows\System32\lsass.exe
2026-09-07T08:52:21;DC01;kerberos;4769;;;svc_web@DEMO.NOPCAP.NET;DEMO;;ldap/dc01.demo.nopcap.net;;;;RC4;;;;;;;
2026-09-07T08:51:58;DC01;kerberos;4769;;;svc_sql@DEMO.NOPCAP.NET;DEMO;;ldap/dc02.demo.nopcap.net;;;;AES256;;;;;;;
2026-09-07T08:43:34;DC01;kerberos;4769;;;administrator@DEMO.NOPCAP.NET;DEMO;;ldap/dc01.demo.nopcap.net;;;;AES256;;;;;;;
2026-09-07T08:37:54;DC01;kerberos;4769;;;NB-1311$@DEMO.NOPCAP.NET;DEMO;;HTTP/portal.demo.nopcap.net;;;;AES256;;;;;;;
2026-09-07T08:27:00;APP03;outgoing;8001;;;svc_web;DEMO;mmc.exe;cifs/10.14.22.31;;;;;;;;;;;C:\Windows\System32\mmc.exe
2026-09-07T08:20:30;DC01;kerberos;4769;;;VDI-054$@DEMO.NOPCAP.NET;DEMO;;HOST/app03.demo.nopcap.net;;;;AES256;;;;;;;
2026-09-07T08:20:09;APP03;outgoing;8001;;;k.lorenz;DEMO;lsass.exe;cifs/nas01;;;;;;;;;;;C:\Windows\System32\lsass.exe
2026-09-07T08:05:02;DC01;kerberos;4769;;;t.hoffmann@DEMO.NOPCAP.NET;DEMO;;ldap/dc01.demo.nopcap.net;;;;AES256;;;;;;;
2026-09-07T08:02:52;FS01;outgoing;8001;;;m.becker;DEMO;EXCEL.EXE;cifs/fs01.demo.nopcap.net;;;;;;;;;;;C:\Program Files\Microsoft Office\root\Office16\EXCEL.EXE
2026-09-06T17:34:11;DC01;kerberos;4769;;;WKS-0457$@DEMO.NOPCAP.NET;DEMO;;ldap/dc01.demo.nopcap.net;;;;AES256;;;;;;;
2026-09-06T17:32:33;DC02;kerberos;4769;;;j.schulz@DEMO.NOPCAP.NET;DEMO;;ldap/dc02.demo.nopcap.net;;;;AES256;;;;;;;
2026-09-06T17:21:39;APP03;outgoing;8001;;;svc_backup;DEMO;explorer.exe;cifs/fs01.demo.nopcap.net;;;;;;;;;;;C:\Windows\explorer.exe
2026-09-06T17:18:03;DC01;kerberos;4769;;;WKS-0694$@DEMO.NOPCAP.NET;DEMO;;HTTP/portal.demo.nopcap.net;;;;AES256;;;;;;;
2026-09-06T17:13:48;APP03;outgoing;8001;;;t.hoffmann;DEMO;lsass.exe;cifs/nas01;;;;;;;;;;;C:\Windows\System32\lsass.exe
2026-09-06T16:53:52;DC02;kerberos;4769;;;svc_web@DEMO.NOPCAP.NET;DEMO;;cifs/fs01.demo.nopcap.net;;;;AES256;;;;;;;
2026-09-06T16:52:32;DC02;kerberos;4769;;;svc_sql@DEMO.NOPCAP.NET;DEMO;;HOST/app03.demo.nopcap.net;;;;AES256;;;;;;;
2026-09-06T16:52:31;DC02;kerberos;4769;;;d.fischer@DEMO.NOPCAP.NET;DEMO;;TERMSRV/vdi-broker.demo.nopcap.net;;;;AES256;;;;;;;
2026-09-06T16:51:13;DC02;kerberos;4769;;;d.fischer@DEMO.NOPCAP.NET;DEMO;;HTTP/portal.demo.nopcap.net;;;;AES256;;;;;;;
2026-09-06T16:37:39;DC01;kerberos;4769;;;svc_sql@DEMO.NOPCAP.NET;DEMO;;HTTP/portal.demo.nopcap.net;;;;AES256;;;;;;;
2026-09-06T16:22:16;DC01;kerberos;4769;;;j.schulz@DEMO.NOPCAP.NET;DEMO;;ldap/dc01.demo.nopcap.net;;;;AES256;;;;;;;
2026-09-06T16:19:27;DC01;kerberos;4769;;;svc_backup@DEMO.NOPCAP.NET;DEMO;;TERMSRV/vdi-broker.demo.nopcap.net;;;;AES256;;;;;;;
2026-09-06T16:14:43;DC02;kerberos;4769;;;j.schulz@DEMO.NOPCAP.NET;DEMO;;ldap/dc01.demo.nopcap.net;;;;AES256;;;;;;;
2026-09-06T16:14:31;DC01;kerberos;4769;;;p.neumann@DEMO.NOPCAP.NET;DEMO;;TERMSRV/vdi-broker.demo.nopcap.net;;;;AES256;;;;;;;
2026-09-06T16:13:25;DC01;kerberos;4769;;;administrator@DEMO.NOPCAP.NET;DEMO;;HOST/app03.demo.nopcap.net;;;;AES256;;;;;;;
2026-09-06T16:01:58;DC01;auth;4624;NTLMv2;Direct;svc_backup;DEMO;;;NB-1044;10.14.24.235;3;;;;;;;;
2026-09-06T16:01:20;DC01;kerberos;4769;;;WKS-0598$@DEMO.NOPCAP.NET;DEMO;;TERMSRV/vdi-broker.demo.nopcap.net;;;;AES256;;;;;;;
2026-09-06T15:55:11;DC02;kerberos;4769;;;s.wagner@DEMO.NOPCAP.NET;DEMO;;ldap/dc02.demo.nopcap.net;;;;AES256;;;;;;;
2026-09-06T15:50:09;DC02;kerberos;4769;;;m.becker@DEMO.NOPCAP.NET;DEMO;;ldap/dc02.demo.nopcap.net;;;;AES256;;;;;;;
2026-09-06T15:35:24;WKS-0421;outgoing;4020;NTLMv2;Direct;k.lorenz;DEMO;System;cifs/fs01.demo.nopcap.net;;;;;Application called NTLM directly;1;Unprotected;None;;;
2026-09-06T15:27:02;DC01;kerberos;4769;;;m.becker@DEMO.NOPCAP.NET;DEMO;;HTTP/portal.demo.nopcap.net;;;;AES256;;;;;;;
2026-09-06T15:05:59;DC02;auth;4624;NTLMv2;Direct;m.becker;DEMO;;;VDI-034;10.14.21.209;3;;;;;;;;
2026-09-06T15:03:27;DC01;kerberos;4769;;;m.becker@DEMO.NOPCAP.NET;DEMO;;TERMSRV/vdi-broker.demo.nopcap.net;;;;AES256;;;;;;;
2026-09-06T14:59:05;DC02;kerberos;4769;;;svc_monitor@DEMO.NOPCAP.NET;DEMO;;TERMSRV/vdi-broker.demo.nopcap.net;;;;AES256;;;;;;;
2026-09-06T14:58:02;DC02;kerberos;4769;;;administrator@DEMO.NOPCAP.NET;DEMO;;MSSQLSvc/sql01.demo.nopcap.net:1433;;;;AES256;;;;;;;
2026-09-06T14:47:17;DC02;auth;4624;NTLMv2;Fallback;m.becker;DEMO;;;NB-1032;10.14.21.119;3;;;;;;;;
2026-09-06T14:44:21;DC02;auth;4624;NTLMv2;Fallback;k.lorenz;DEMO;;;WKS-0171;10.14.22.129;3;;;;;;;;
2026-09-06T14:41:37;WKS-0421;outgoing;4020;NTLMv2;Direct;s.wagner;DEMO;spoolsv.exe;cifs/printsrv01;;;;;Target name could not be resolved by Kerberos;6;Unprotected;None;;;C:\Windows\System32\spoolsv.exe
2026-09-06T14:35:56;DC01;kerberos;4769;;;WKS-0735$@DEMO.NOPCAP.NET;DEMO;;ldap/dc01.demo.nopcap.net;;;;AES256;;;;;;;
2026-09-06T14:35:40;DC02;kerberos;4769;;;svc_sql@DEMO.NOPCAP.NET;DEMO;;HTTP/portal.demo.nopcap.net;;;;AES256;;;;;;;
2026-09-06T14:33:07;DC01;kerberos;4769;;;svc_monitor@DEMO.NOPCAP.NET;DEMO;;MSSQLSvc/sql01.demo.nopcap.net:1433;;;;AES256;;;;;;;
2026-09-06T14:29:11;DC02;kerberos;4769;;;s.wagner@DEMO.NOPCAP.NET;DEMO;;cifs/fs01.demo.nopcap.net;;;;AES256;;;;;;;
2026-09-06T14:25:08;DC01;kerberos;4769;;;j.schulz@DEMO.NOPCAP.NET;DEMO;;HOST/app03.demo.nopcap.net;;;;AES256;;;;;;;
2026-09-06T14:21:49;FS01;outgoing;8001;;;svc_sql;DEMO;lsass.exe;cifs/nas01;;;;;;;;;;;C:\Windows\System32\lsass.exe
2026-09-06T14:19:03;DC01;kerberos;4769;;;svc_sql@DEMO.NOPCAP.NET;DEMO;;HTTP/portal.demo.nopcap.net;;;;AES256;;;;;;;
2026-09-06T14:18:39;WKS-0421;cgblock;4014;;Blocked;;DEMO;svchost.exe;;;;;;;;;;;;C:\Windows\System32\svchost.exe
2026-09-06T13:52:09;DC02;kerberos;4769;;;svc_monitor@DEMO.NOPCAP.NET;DEMO;;HOST/app03.demo.nopcap.net;;;;AES256;;;;;;;
2026-09-06T13:45:57;WKS-0421;outgoing;4001;;Blocked;administrator;DEMO;svchost.exe;ldap/dc01.demo.nopcap.net;;;;;;;;;;;C:\Windows\System32\svchost.exe
2026-09-06T13:45:42;WKS-0421;cgblock;4014;;Blocked;;DEMO;svchost.exe;;;;;;;;;;;;C:\Windows\System32\svchost.exe
2026-09-06T13:37:26;DC01;kerberos;4769;;;m.becker@DEMO.NOPCAP.NET;DEMO;;MSSQLSvc/sql01.demo.nopcap.net:1433;;;;AES256;;;;;;;
2026-09-06T13:32:23;DC02;kerberos;4769;;;d.fischer@DEMO.NOPCAP.NET;DEMO;;ldap/dc02.demo.nopcap.net;;;;AES256;;;;;;;
2026-09-06T13:25:59;DC02;auth;4624;NTLMv2;Direct;j.schulz;DEMO;;;NB-1085;10.14.22.139;3;;;;;;;;
2026-09-06T13:20:25;DC01;kerberos;4769;;;administrator@DEMO.NOPCAP.NET;DEMO;;HOST/app03.demo.nopcap.net;;;;AES256;;;;;;;
2026-09-06T13:14:27;DC01;kerberos;4769;;;svc_backup@DEMO.NOPCAP.NET;DEMO;;cifs/fs01.demo.nopcap.net;;;;AES256;;;;;;;
2026-09-06T13:10:48;DC01;kerberos;4769;;;s.wagner@DEMO.NOPCAP.NET;DEMO;;HTTP/portal.demo.nopcap.net;;;;AES256;;;;;;;
2026-09-06T13:03:30;DC02;kerberos;4769;;;t.hoffmann@DEMO.NOPCAP.NET;DEMO;;HOST/app03.demo.nopcap.net;;;;AES256;;;;;;;
2026-09-06T13:00:51;APP03;outgoing;8001;;;svc_backup;DEMO;System;cifs/fs01.demo.nopcap.net;;;;;;;;;;;
2026-09-06T12:53:13;DC01;kerberos;4769;;;d.fischer@DEMO.NOPCAP.NET;DEMO;;cifs/fs01.demo.nopcap.net;;;;AES256;;;;;;;
2026-09-06T12:53:11;DC01;kerberos;4769;;;k.lorenz@DEMO.NOPCAP.NET;DEMO;;TERMSRV/vdi-broker.demo.nopcap.net;;;;AES256;;;;;;;
2026-09-06T12:52:01;DC01;kerberos;4769;;;p.neumann@DEMO.NOPCAP.NET;DEMO;;cifs/fs01.demo.nopcap.net;;;;AES256;;;;;;;
2026-09-06T12:50:44;DC01;kerberos;4769;;;NB-1045$@DEMO.NOPCAP.NET;DEMO;;ldap/dc01.demo.nopcap.net;;;;AES256;;;;;;;
2026-09-06T12:46:50;DC02;krbfail;4769;;;t.hoffmann@DEMO.NOPCAP.NET;DEMO;;cifs/nas01;;;;;;;;;;0x7;
2026-09-06T12:43:23;DC01;auth;4624;NTLMv2;Direct;svc_backup;DEMO;;;VDI-010;10.14.20.111;3;;;;;;;;
2026-09-06T12:41:42;DC02;auth;4624;NTLMv2;Direct;p.neumann;DEMO;;;NB-1147;10.14.25.157;3;;;;;;;;
2026-09-06T12:36:51;DC01;kerberos;4769;;;VDI-075$@DEMO.NOPCAP.NET;DEMO;;TERMSRV/vdi-broker.demo.nopcap.net;;;;AES256;;;;;;;
2026-09-06T12:17:19;DC01;incoming;8003;;;d.fischer;DEMO;sqlservr.exe;;VDI-010;;3;;;;;;;;
2026-09-06T12:16:29;DC01;kerberos;4769;;;administrator@DEMO.NOPCAP.NET;DEMO;;MSSQLSvc/sql01.demo.nopcap.net:1433;;;;AES256;;;;;;;
2026-09-06T12:11:25;DC01;kerberos;4769;;;WKS-0856$@DEMO.NOPCAP.NET;DEMO;;ldap/dc01.demo.nopcap.net;;;;AES256;;;;;;;
2026-09-06T12:01:43;DC02;kerberos;4769;;;d.fischer@DEMO.NOPCAP.NET;DEMO;;ldap/dc02.demo.nopcap.net;;;;AES256;;;;;;;
2026-09-06T12:01:20;DC02;kerberos;4769;;;p.neumann@DEMO.NOPCAP.NET;DEMO;;ldap/dc02.demo.nopcap.net;;;;AES256;;;;;;;
2026-09-06T11:58:17;DC01;kerberos;4769;;;NB-1397$@DEMO.NOPCAP.NET;DEMO;;ldap/dc01.demo.nopcap.net;;;;AES256;;;;;;;
2026-09-06T11:42:06;DC01;kerberos;4769;;;WKS-0205$@DEMO.NOPCAP.NET;DEMO;;HOST/app03.demo.nopcap.net;;;;AES256;;;;;;;
2026-09-06T11:36:14;DC01;kerberos;4769;;;m.becker@DEMO.NOPCAP.NET;DEMO;;ldap/dc01.demo.nopcap.net;;;;AES256;;;;;;;
2026-09-06T11:23:26;DC02;kerberos;4769;;;a.klein@DEMO.NOPCAP.NET;DEMO;;cifs/fs01.demo.nopcap.net;;;;AES256;;;;;;;
2026-09-06T11:00:29;DC02;krbfail;4769;;;j.schulz@DEMO.NOPCAP.NET;DEMO;;ldap/dc01.demo.nopcap.net;;;;;;;;;;0xe;
2026-09-06T10:55:44;WKS-0421;cgblock;4013;NTLMv1;Blocked;administrator;DEMO;explorer.exe;nas01;;;;;;;;;;;C:\Windows\explorer.exe
2026-09-06T10:54:36;DC02;kerberos;4769;;;svc_backup@DEMO.NOPCAP.NET;DEMO;;TERMSRV/vdi-broker.demo.nopcap.net;;;;AES256;;;;;;;
2026-09-06T10:36:04;DC02;krbfail;4769;;;a.klein@DEMO.NOPCAP.NET;DEMO;;cifs/nas01;;;;;;;;;;0x7;
2026-09-06T10:04:43;DC01;kerberos;4769;;;t.hoffmann@DEMO.NOPCAP.NET;DEMO;;ldap/dc01.demo.nopcap.net;;;;AES256;;;;;;;
2026-09-06T09:55:27;DC01;kerberos;4769;;;WKS-0869$@DEMO.NOPCAP.NET;DEMO;;cifs/fs01.demo.nopcap.net;;;;AES256;;;;;;;
2026-09-06T09:54:30;DC01;kerberos;4769;;;WKS-0679$@DEMO.NOPCAP.NET;DEMO;;cifs/fs01.demo.nopcap.net;;;;AES256;;;;;;;
2026-09-06T09:46:48;DC01;kerberos;4769;;;s.wagner@DEMO.NOPCAP.NET;DEMO;;ldap/dc02.demo.nopcap.net;;;;AES256;;;;;;;
2026-09-06T09:45:29;DC01;kerberos;4769;;;WKS-0458$@DEMO.NOPCAP.NET;DEMO;;HTTP/portal.demo.nopcap.net;;;;AES256;;;;;;;
2026-09-06T09:45:18;DC01;kerberos;4769;;;svc_sql@DEMO.NOPCAP.NET;DEMO;;HTTP/portal.demo.nopcap.net;;;;AES256;;;;;;;
2026-09-06T09:31:40;FS01;outgoing;8001;;;svc_backup;DEMO;mmc.exe;cifs/10.14.22.31;;;;;;;;;;;C:\Windows\System32\mmc.exe
2026-09-06T09:29:48;DC01;kerberos;4769;;;WKS-0147$@DEMO.NOPCAP.NET;DEMO;;MSSQLSvc/sql01.demo.nopcap.net:1433;;;;AES256;;;;;;;
2026-09-06T09:23:42;DC01;domain;4032;NTLMv2;;a.klein;DEMO;;APP03;NB-1351;;;;;;;;Windows Server 2016 Standard;;
2026-09-06T09:23:25;DC01;kerberos;4769;;;VDI-056$@DEMO.NOPCAP.NET;DEMO;;cifs/fs01.demo.nopcap.net;;;;AES256;;;;;;;
2026-09-06T09:22:23;DC01;kerberos;4769;;;VDI-067$@DEMO.NOPCAP.NET;DEMO;;ldap/dc02.demo.nopcap.net;;;;AES256;;;;;;;
2026-09-06T09:21:41;DC01;kerberos;4769;;;WKS-0879$@DEMO.NOPCAP.NET;DEMO;;HOST/app03.demo.nopcap.net;;;;AES256;;;;;;;
2026-09-06T09:15:00;DC01;kerberos;4769;;;VDI-049$@DEMO.NOPCAP.NET;DEMO;;MSSQLSvc/sql01.demo.nopcap.net:1433;;;;AES256;;;;;;;
2026-09-06T09:06:50;WKS-0421;outgoing;8001;;;administrator;DEMO;java.exe;HTTP/erp-test;;;;;;;;;;;C:\Program Files\Eclipse Adoptium\jdk-17\bin\java.exe
2026-09-06T09:06:02;DC01;kerberos;4769;;;WKS-0528$@DEMO.NOPCAP.NET;DEMO;;cifs/fs01.demo.nopcap.net;;;;AES256;;;;;;;
2026-09-06T09:05:56;DC01;kerberos;4769;;;svc_web@DEMO.NOPCAP.NET;DEMO;;ldap/dc02.demo.nopcap.net;;;;RC4;;;;;;;
2026-09-06T09:00:17;DC01;kerberos;4769;;;administrator@DEMO.NOPCAP.NET;DEMO;;TERMSRV/vdi-broker.demo.nopcap.net;;;;AES256;;;;;;;
2026-09-06T08:55:20;DC01;kerberos;4769;;;s.wagner@DEMO.NOPCAP.NET;DEMO;;HTTP/portal.demo.nopcap.net;;;;AES256;;;;;;;
2026-09-06T08:41:02;DC02;kerberos;4769;;;m.becker@DEMO.NOPCAP.NET;DEMO;;ldap/dc01.demo.nopcap.net;;;;AES256;;;;;;;
2026-09-06T08:32:51;DC01;kerberos;4769;;;WKS-0480$@DEMO.NOPCAP.NET;DEMO;;cifs/fs01.demo.nopcap.net;;;;AES256;;;;;;;
2026-09-06T08:21:25;DC01;kerberos;4769;;;a.klein@DEMO.NOPCAP.NET;DEMO;;cifs/fs01.demo.nopcap.net;;;;AES256;;;;;;;
2026-09-06T08:11:46;FS01;outgoing;8001;;;svc_sql;DEMO;msedge.exe;HTTP/intranet;;;;;;;;;;;C:\Program Files (x86)\Microsoft\Edge\Application\msedge.exe
2026-09-06T03:39:48;FS01;outgoing;8001;;;svc_backup;DEMO;Veeam.Backup.Service.exe;cifs/nas01;;;;;;;;;;;C:\Program Files\Veeam\Backup and Replication\Backup\Veeam.Backup.Service.exe
2026-09-06T03:32:36;FS01;outgoing;8001;;;svc_backup;DEMO;Veeam.Backup.Service.exe;cifs/nas01;;;;;;;;;;;C:\Program Files\Veeam\Backup and Replication\Backup\Veeam.Backup.Service.exe
2026-09-06T03:28:20;FS01;outgoing;8001;;;svc_backup;DEMO;Veeam.Backup.Service.exe;cifs/nas01;;;;;;;;;;;C:\Program Files\Veeam\Backup and Replication\Backup\Veeam.Backup.Service.exe
2026-09-06T03:27:37;FS01;outgoing;8001;;;svc_backup;DEMO;Veeam.Backup.Service.exe;cifs/nas01;;;;;;;;;;;C:\Program Files\Veeam\Backup and Replication\Backup\Veeam.Backup.Service.exe
2026-09-06T03:22:22;FS01;outgoing;8001;;;svc_backup;DEMO;Veeam.Backup.Service.exe;cifs/nas01;;;;;;;;;;;C:\Program Files\Veeam\Backup and Replication\Backup\Veeam.Backup.Service.exe
2026-09-06T03:19:12;FS01;outgoing;8001;;;svc_backup;DEMO;Veeam.Backup.Service.exe;cifs/nas01;;;;;;;;;;;C:\Program Files\Veeam\Backup and Replication\Backup\Veeam.Backup.Service.exe
2026-09-06T03:12:05;FS01;outgoing;8001;;;svc_backup;DEMO;Veeam.Backup.Service.exe;cifs/nas01;;;;;;;;;;;C:\Program Files\Veeam\Backup and Replication\Backup\Veeam.Backup.Service.exe
2026-09-06T03:09:17;FS01;outgoing;8001;;;svc_backup;DEMO;Veeam.Backup.Service.exe;cifs/nas01;;;;;;;;;;;C:\Program Files\Veeam\Backup and Replication\Backup\Veeam.Backup.Service.exe
2026-09-06T03:04:46;FS01;outgoing;8001;;;svc_backup;DEMO;Veeam.Backup.Service.exe;cifs/nas01;;;;;;;;;;;C:\Program Files\Veeam\Backup and Replication\Backup\Veeam.Backup.Service.exe
2026-09-06T03:00:31;FS01;outgoing;8001;;;svc_backup;DEMO;Veeam.Backup.Service.exe;cifs/nas01;;;;;;;;;;;C:\Program Files\Veeam\Backup and Replication\Backup\Veeam.Backup.Service.exe
2026-09-05T17:26:02;DC01;kerberos;4769;;;s.wagner@DEMO.NOPCAP.NET;DEMO;;MSSQLSvc/sql01.demo.nopcap.net:1433;;;;AES256;;;;;;;
2026-09-05T17:16:19;DC02;kerberos;4769;;;svc_backup@DEMO.NOPCAP.NET;DEMO;;TERMSRV/vdi-broker.demo.nopcap.net;;;;AES256;;;;;;;
2026-09-05T17:15:34;DC01;kerberos;4769;;;WKS-0732$@DEMO.NOPCAP.NET;DEMO;;TERMSRV/vdi-broker.demo.nopcap.net;;;;AES256;;;;;;;
2026-09-05T16:56:34;DC02;kerberos;4769;;;j.schulz@DEMO.NOPCAP.NET;DEMO;;cifs/fs01.demo.nopcap.net;;;;AES256;;;;;;;
2026-09-05T16:47:53;DC02;auth;4624;NTLMv2;Direct;m.becker;DEMO;;;NB-1277;10.14.22.55;3;;;;;;;;
2026-09-05T16:47:08;DC02;kerberos;4769;;;svc_monitor@DEMO.NOPCAP.NET;DEMO;;HOST/app03.demo.nopcap.net;;;;AES256;;;;;;;
2026-09-05T16:40:57;DC02;auth;4624;NTLMv2;Direct;m.becker;DEMO;;;NB-1182;10.14.25.138;3;;;;;;;;
2026-09-05T16:30:10;DC01;kerberos;4769;;;VDI-061$@DEMO.NOPCAP.NET;DEMO;;TERMSRV/vdi-broker.demo.nopcap.net;;;;AES256;;;;;;;
2026-09-05T16:29:19;DC01;kerberos;4769;;;m.becker@DEMO.NOPCAP.NET;DEMO;;ldap/dc02.demo.nopcap.net;;;;AES256;;;;;;;
2026-09-05T16:28:24;DC02;kerberos;4769;;;d.fischer@DEMO.NOPCAP.NET;DEMO;;ldap/dc01.demo.nopcap.net;;;;AES256;;;;;;;
2026-09-05T16:20:25;WKS-0421;outgoing;4020;NTLMv2;Direct;svc_sql;DEMO;spoolsv.exe;cifs/printsrv01;;;;;Target name could not be resolved by Kerberos;6;Unprotected;None;;;C:\Windows\System32\spoolsv.exe
2026-09-05T16:00:57;APP03;outgoing;8001;;;svc_backup;DEMO;lsass.exe;cifs/nas01;;;;;;;;;;;C:\Windows\System32\lsass.exe
2026-09-05T15:57:36;DC02;auth;4624;NTLMv2;Direct;k.lorenz;DEMO;;;NB-1390;10.14.20.48;3;;;;;;;;
2026-09-05T15:50:12;DC02;kerberos;4769;;;p.neumann@DEMO.NOPCAP.NET;DEMO;;MSSQLSvc/sql01.demo.nopcap.net:1433;;;;AES256;;;;;;;
2026-09-05T15:47:27;APP03;outgoing;8001;;;m.becker;DEMO;mmc.exe;cifs/10.14.22.31;;;;;;;;;;;C:\Windows\System32\mmc.exe
2026-09-05T15:38:02;WKS-0421;cgblock;4014;;Blocked;;DEMO;svchost.exe;;;;;;;;;;;;C:\Windows\System32\svchost.exe
2026-09-05T15:35:25;DC01;incoming;8003;;;a.klein;DEMO;w3wp.exe;;NB-1332;;3;;;;;;;;
2026-09-05T15:26:52;DC02;kerberos;4769;;;j.schulz@DEMO.NOPCAP.NET;DEMO;;TERMSRV/vdi-broker.demo.nopcap.net;;;;AES256;;;;;;;
2026-09-05T15:25:38;DC02;auth;4624;NTLMv2;Direct;svc_sql;DEMO;;;VDI-038;10.14.24.9;3;;;;;;;;
2026-09-05T15:10:25;DC01;kerberos;4769;;;s.wagner@DEMO.NOPCAP.NET;DEMO;;cifs/fs01.demo.nopcap.net;;;;AES256;;;;;;;
2026-09-05T15:03:05;DC02;kerberos;4769;;;t.hoffmann@DEMO.NOPCAP.NET;DEMO;;HTTP/portal.demo.nopcap.net;;;;AES256;;;;;;;
2026-09-05T14:58:10;DC02;auth;4624;NTLMv2;Direct;s.wagner;DEMO;;;VDI-048;10.14.24.154;3;;;;;;;;
2026-09-05T14:51:25;FS01;outgoing;8001;;;j.schulz;DEMO;lsass.exe;cifs/nas01;;;;;;;;;;;C:\Windows\System32\lsass.exe
2026-09-05T14:51:05;DC01;kerberos;4769;;;svc_sql@DEMO.NOPCAP.NET;DEMO;;TERMSRV/vdi-broker.demo.nopcap.net;;;;AES256;;;;;;;
2026-09-05T14:48:16;DC01;kerberos;4769;;;VDI-046$@DEMO.NOPCAP.NET;DEMO;;HTTP/portal.demo.nopcap.net;;;;AES256;;;;;;;
2026-09-05T14:38:18;DC01;kerberos;4769;;;d.fischer@DEMO.NOPCAP.NET;DEMO;;ldap/dc01.demo.nopcap.net;;;;AES256;;;;;;;
2026-09-05T14:22:01;DC02;kerberos;4769;;;svc_web@DEMO.NOPCAP.NET;DEMO;;TERMSRV/vdi-broker.demo.nopcap.net;;;;RC4;;;;;;;
2026-09-05T14:11:24;DC01;kerberos;4769;;;k.lorenz@DEMO.NOPCAP.NET;DEMO;;ldap/dc01.demo.nopcap.net;;;;AES256;;;;;;;
2026-09-05T14:07:14;DC02;auth;4624;NTLMv2;Direct;p.neumann;DEMO;;;WKS-0417;10.14.25.81;3;;;;;;;;
2026-09-05T14:01:19;DC01;kerberos;4769;;;svc_sql@DEMO.NOPCAP.NET;DEMO;;cifs/fs01.demo.nopcap.net;;;;AES256;;;;;;;
2026-09-05T13:56:30;DC01;kerberos;4769;;;WKS-0736$@DEMO.NOPCAP.NET;DEMO;;HTTP/portal.demo.nopcap.net;;;;AES256;;;;;;;
2026-09-05T13:53:19;DC01;kerberos;4769;;;d.fischer@DEMO.NOPCAP.NET;DEMO;;MSSQLSvc/sql01.demo.nopcap.net:1433;;;;AES256;;;;;;;
2026-09-05T13:19:21;FS01;outgoing;8001;;;t.hoffmann;DEMO;wsmprovhost.exe;HOST/app03;;;;;;;;;;;C:\Windows\System32\wsmprovhost.exe
2026-09-05T13:18:31;DC01;kerberos;4769;;;VDI-025$@DEMO.NOPCAP.NET;DEMO;;cifs/fs01.demo.nopcap.net;;;;AES256;;;;;;;
2026-09-05T13:15:39;WKS-0421;outgoing;4020;NTLMv2;Direct;svc_monitor;DEMO;System;cifs/fs01.demo.nopcap.net;;;;;Application called NTLM directly;1;Unprotected;None;;;
2026-09-05T13:08:29;DC01;kerberos;4769;;;svc_backup@DEMO.NOPCAP.NET;DEMO;;HOST/app03.demo.nopcap.net;;;;AES256;;;;;;;
2026-09-05T13:02:10;DC02;auth;4624;NTLMv2;Direct;d.fischer;DEMO;;;WKS-0451;10.14.21.107;3;;;;;;;;
2026-09-05T12:48:01;DC01;kerberos;4769;;;svc_web@DEMO.NOPCAP.NET;DEMO;;TERMSRV/vdi-broker.demo.nopcap.net;;;;AES256;;;;;;;
2026-09-05T12:36:09;DC02;kerberos;4769;;;m.becker@DEMO.NOPCAP.NET;DEMO;;TERMSRV/vdi-broker.demo.nopcap.net;;;;AES256;;;;;;;
2026-09-05T12:28:07;DC02;kerberos;4769;;;svc_backup@DEMO.NOPCAP.NET;DEMO;;cifs/fs01.demo.nopcap.net;;;;AES256;;;;;;;
2026-09-05T12:26:49;DC01;kerberos;4769;;;NB-1359$@DEMO.NOPCAP.NET;DEMO;;ldap/dc02.demo.nopcap.net;;;;AES256;;;;;;;
2026-09-05T12:21:13;DC01;kerberos;4769;;;WKS-0674$@DEMO.NOPCAP.NET;DEMO;;cifs/fs01.demo.nopcap.net;;;;AES256;;;;;;;
2026-09-05T12:19:26;DC01;kerberos;4769;;;svc_web@DEMO.NOPCAP.NET;DEMO;;ldap/dc02.demo.nopcap.net;;;;RC4;;;;;;;
2026-09-05T12:14:53;DC01;kerberos;4769;;;administrator@DEMO.NOPCAP.NET;DEMO;;ldap/dc01.demo.nopcap.net;;;;AES256;;;;;;;
2026-09-05T12:08:29;DC02;kerberos;4769;;;p.neumann@DEMO.NOPCAP.NET;DEMO;;cifs/fs01.demo.nopcap.net;;;;AES256;;;;;;;
2026-09-05T12:05:11;DC02;kerberos;4769;;;svc_backup@DEMO.NOPCAP.NET;DEMO;;cifs/fs01.demo.nopcap.net;;;;AES256;;;;;;;
2026-09-05T12:05:07;DC01;kerberos;4769;;;d.fischer@DEMO.NOPCAP.NET;DEMO;;HTTP/portal.demo.nopcap.net;;;;AES256;;;;;;;
2026-09-05T12:03:02;WKS-0421;outgoing;4001;;Blocked;a.klein;DEMO;robocopy.exe;cifs/archive01;;;;;;;;;;;C:\Windows\System32\robocopy.exe
2026-09-05T11:55:25;APP03;outgoing;8001;;;svc_backup;DEMO;svchost.exe;ldap/dc01.demo.nopcap.net;;;;;;;;;;;C:\Windows\System32\svchost.exe
2026-09-05T11:44:12;DC02;auth;4624;NTLMv2;Direct;d.fischer;DEMO;;;WKS-0850;10.14.21.27;3;;;;;;;;
2026-09-05T11:38:05;DC01;kerberos;4769;;;NB-1097$@DEMO.NOPCAP.NET;DEMO;;HTTP/portal.demo.nopcap.net;;;;AES256;;;;;;;
2026-09-05T11:32:08;WKS-0421;outgoing;4020;NTLMv2;Direct;k.lorenz;DEMO;lsass.exe;cifs/nas01;;;;;Target name could not be resolved by Kerberos;6;Unprotected;None;;;C:\Windows\System32\lsass.exe
2026-09-05T11:26:42;DC02;kerberos;4769;;;a.klein@DEMO.NOPCAP.NET;DEMO;;ldap/dc02.demo.nopcap.net;;;;AES256;;;;;;;
2026-09-05T11:20:27;DC01;kerberos;4769;;;svc_web@DEMO.NOPCAP.NET;DEMO;;HOST/app03.demo.nopcap.net;;;;AES256;;;;;;;
2026-09-05T11:17:06;DC02;kerberos;4769;;;d.fischer@DEMO.NOPCAP.NET;DEMO;;HOST/app03.demo.nopcap.net;;;;AES256;;;;;;;
2026-09-05T11:05:31;DC02;kerberos;4769;;;k.lorenz@DEMO.NOPCAP.NET;DEMO;;cifs/fs01.demo.nopcap.net;;;;AES256;;;;;;;
2026-09-05T11:04:52;DC01;kerberos;4769;;;t.hoffmann@DEMO.NOPCAP.NET;DEMO;;MSSQLSvc/sql01.demo.nopcap.net:1433;;;;AES256;;;;;;;
2026-09-05T10:57:33;DC01;kerberos;4769;;;svc_web@DEMO.NOPCAP.NET;DEMO;;cifs/fs01.demo.nopcap.net;;;;RC4;;;;;;;
2026-09-05T10:57:04;DC02;kerberos;4769;;;s.wagner@DEMO.NOPCAP.NET;DEMO;;MSSQLSvc/sql01.demo.nopcap.net:1433;;;;AES256;;;;;;;
2026-09-05T10:45:09;DC02;kerberos;4769;;;d.fischer@DEMO.NOPCAP.NET;DEMO;;HOST/app03.demo.nopcap.net;;;;AES256;;;;;;;
2026-09-05T10:41:22;DC02;kerberos;4769;;;administrator@DEMO.NOPCAP.NET;DEMO;;cifs/fs01.demo.nopcap.net;;;;AES256;;;;;;;
2026-09-05T10:38:11;DC01;kerberos;4769;;;VDI-030$@DEMO.NOPCAP.NET;DEMO;;HOST/app03.demo.nopcap.net;;;;AES256;;;;;;;
2026-09-05T10:36:30;DC02;kerberos;4769;;;a.klein@DEMO.NOPCAP.NET;DEMO;;ldap/dc02.demo.nopcap.net;;;;AES256;;;;;;;
2026-09-05T10:36:29;DC02;kerberos;4769;;;d.fischer@DEMO.NOPCAP.NET;DEMO;;HOST/app03.demo.nopcap.net;;;;AES256;;;;;;;
2026-09-05T10:36:06;DC02;auth;4624;NTLMv2;Direct;s.wagner;DEMO;;;NB-1270;10.14.20.100;3;;;;;;;;
2026-09-05T10:23:05;DC02;kerberos;4769;;;t.hoffmann@DEMO.NOPCAP.NET;DEMO;;HOST/app03.demo.nopcap.net;;;;AES256;;;;;;;
2026-09-05T10:19:56;DC01;auth;4624;NTLMv2;Direct;s.wagner;DEMO;;;VDI-012;10.14.23.7;3;;;;;;;;
2026-09-05T10:19:48;DC01;kerberos;4769;;;svc_web@DEMO.NOPCAP.NET;DEMO;;ldap/dc01.demo.nopcap.net;;;;RC4;;;;;;;
2026-09-05T10:11:27;APP03;outgoing;8001;;;a.klein;DEMO;explorer.exe;cifs/fs01.demo.nopcap.net;;;;;;;;;;;C:\Windows\explorer.exe
2026-09-05T10:08:27;DC01;kerberos;4769;;;administrator@DEMO.NOPCAP.NET;DEMO;;HOST/app03.demo.nopcap.net;;;;AES256;;;;;;;
2026-09-05T10:07:56;DC02;kerberos;4769;;;p.neumann@DEMO.NOPCAP.NET;DEMO;;ldap/dc02.demo.nopcap.net;;;;AES256;;;;;;;
2026-09-05T10:03:41;DC01;kerberos;4769;;;k.lorenz@DEMO.NOPCAP.NET;DEMO;;ldap/dc01.demo.nopcap.net;;;;AES256;;;;;;;
2026-09-05T10:03:12;DC01;kerberos;4769;;;VDI-026$@DEMO.NOPCAP.NET;DEMO;;TERMSRV/vdi-broker.demo.nopcap.net;;;;AES256;;;;;;;
2026-09-05T10:01:38;DC01;kerberos;4769;;;VDI-020$@DEMO.NOPCAP.NET;DEMO;;HOST/app03.demo.nopcap.net;;;;AES256;;;;;;;
2026-09-05T09:43:49;DC01;kerberos;4769;;;svc_monitor@DEMO.NOPCAP.NET;DEMO;;cifs/fs01.demo.nopcap.net;;;;AES256;;;;;;;
2026-09-05T09:39:25;DC02;kerberos;4769;;;administrator@DEMO.NOPCAP.NET;DEMO;;cifs/fs01.demo.nopcap.net;;;;AES256;;;;;;;
2026-09-05T09:38:18;DC01;kerberos;4769;;;p.neumann@DEMO.NOPCAP.NET;DEMO;;ldap/dc02.demo.nopcap.net;;;;AES256;;;;;;;
2026-09-05T09:38:08;DC01;kerberos;4769;;;d.fischer@DEMO.NOPCAP.NET;DEMO;;ldap/dc02.demo.nopcap.net;;;;AES256;;;;;;;
2026-09-05T09:37:58;DC02;kerberos;4769;;;d.fischer@DEMO.NOPCAP.NET;DEMO;;ldap/dc01.demo.nopcap.net;;;;AES256;;;;;;;
2026-09-05T09:37:51;DC02;kerberos;4769;;;svc_web@DEMO.NOPCAP.NET;DEMO;;MSSQLSvc/sql01.demo.nopcap.net:1433;;;;RC4;;;;;;;
2026-09-05T09:32:39;DC01;kerberos;4769;;;WKS-0703$@DEMO.NOPCAP.NET;DEMO;;TERMSRV/vdi-broker.demo.nopcap.net;;;;AES256;;;;;;;
2026-09-05T09:28:58;DC02;kerberos;4769;;;p.neumann@DEMO.NOPCAP.NET;DEMO;;cifs/fs01.demo.nopcap.net;;;;AES256;;;;;;;
2026-09-05T09:27:47;DC02;kerberos;4769;;;svc_monitor@DEMO.NOPCAP.NET;DEMO;;ldap/dc01.demo.nopcap.net;;;;AES256;;;;;;;
2026-09-05T09:21:47;DC01;kerberos;4769;;;administrator@DEMO.NOPCAP.NET;DEMO;;ldap/dc02.demo.nopcap.net;;;;AES256;;;;;;;
2026-09-05T09:14:45;DC02;kerberos;4769;;;svc_backup@DEMO.NOPCAP.NET;DEMO;;HOST/app03.demo.nopcap.net;;;;AES256;;;;;;;
2026-09-05T09:12:38;DC01;kerberos;4769;;;svc_backup@DEMO.NOPCAP.NET;DEMO;;cifs/fs01.demo.nopcap.net;;;;AES256;;;;;;;
2026-09-05T09:02:53;DC02;kerberos;4769;;;k.lorenz@DEMO.NOPCAP.NET;DEMO;;ldap/dc02.demo.nopcap.net;;;;AES256;;;;;;;
2026-09-05T09:01:29;DC01;auth;4624;NTLMv2;Direct;k.lorenz;DEMO;;;VDI-077;10.14.24.50;3;;;;;;;;
2026-09-05T08:40:20;DC01;kerberos;4769;;;s.wagner@DEMO.NOPCAP.NET;DEMO;;cifs/fs01.demo.nopcap.net;;;;AES256;;;;;;;
2026-09-05T08:32:46;DC01;kerberos;4769;;;m.becker@DEMO.NOPCAP.NET;DEMO;;ldap/dc01.demo.nopcap.net;;;;AES256;;;;;;;
2026-09-05T08:31:34;DC02;kerberos;4769;;;t.hoffmann@DEMO.NOPCAP.NET;DEMO;;cifs/fs01.demo.nopcap.net;;;;AES256;;;;;;;
2026-09-05T08:24:35;DC01;auth;4624;NTLMv2;Direct;svc_web;DEMO;;;VDI-085;10.14.23.29;3;;;;;;;;
2026-09-05T08:21:17;DC01;kerberos;4769;;;VDI-022$@DEMO.NOPCAP.NET;DEMO;;HTTP/portal.demo.nopcap.net;;;;AES256;;;;;;;
2026-09-04T17:55:57;DC01;kerberos;4769;;;s.wagner@DEMO.NOPCAP.NET;DEMO;;ldap/dc01.demo.nopcap.net;;;;AES256;;;;;;;
2026-09-04T17:48:53;DC02;kerberos;4769;;;administrator@DEMO.NOPCAP.NET;DEMO;;cifs/fs01.demo.nopcap.net;;;;AES256;;;;;;;
2026-09-04T17:45:39;DC01;kerberos;4769;;;m.becker@DEMO.NOPCAP.NET;DEMO;;MSSQLSvc/sql01.demo.nopcap.net:1433;;;;AES256;;;;;;;
2026-09-04T17:41:34;DC01;kerberos;4769;;;administrator@DEMO.NOPCAP.NET;DEMO;;cifs/fs01.demo.nopcap.net;;;;AES256;;;;;;;
2026-09-04T17:41:11;DC01;kerberos;4769;;;d.fischer@DEMO.NOPCAP.NET;DEMO;;MSSQLSvc/sql01.demo.nopcap.net:1433;;;;AES256;;;;;;;
2026-09-04T17:40:24;FS01;outgoing;8001;;;k.lorenz;DEMO;lsass.exe;cifs/nas01;;;;;;;;;;;C:\Windows\System32\lsass.exe
2026-09-04T17:38:19;DC01;kerberos;4769;;;svc_sql@DEMO.NOPCAP.NET;DEMO;;MSSQLSvc/sql01.demo.nopcap.net:1433;;;;AES256;;;;;;;
2026-09-04T17:29:01;APP03;outgoing;8001;;;svc_web;DEMO;Veeam.Backup.Service.exe;cifs/nas01;;;;;;;;;;;C:\Program Files\Veeam\Backup and Replication\Backup\Veeam.Backup.Service.exe
2026-09-04T17:24:34;DC02;kerberos;4769;;;svc_monitor@DEMO.NOPCAP.NET;DEMO;;HOST/app03.demo.nopcap.net;;;;AES256;;;;;;;
2026-09-04T17:21:12;FS01;outgoing;8001;;;svc_web;DEMO;msedge.exe;HTTP/intranet;;;;;;;;;;;C:\Program Files (x86)\Microsoft\Edge\Application\msedge.exe
2026-09-04T17:18:23;DC01;kerberos;4769;;;WKS-0673$@DEMO.NOPCAP.NET;DEMO;;ldap/dc01.demo.nopcap.net;;;;AES256;;;;;;;
2026-09-04T17:17:33;DC01;kerberos;4769;;;svc_web@DEMO.NOPCAP.NET;DEMO;;ldap/dc01.demo.nopcap.net;;;;AES256;;;;;;;
2026-09-04T17:09:23;DC01;kerberos;4769;;;WKS-0258$@DEMO.NOPCAP.NET;DEMO;;HTTP/portal.demo.nopcap.net;;;;AES256;;;;;;;
2026-09-04T16:51:54;DC01;kerberos;4769;;;d.fischer@DEMO.NOPCAP.NET;DEMO;;MSSQLSvc/sql01.demo.nopcap.net:1433;;;;AES256;;;;;;;
2026-09-04T16:47:02;DC01;incoming;8003;;;t.hoffmann;DEMO;svchost.exe;;VDI-026;;3;;;;;;;;
2026-09-04T16:39:23;DC01;kerberos;4769;;;svc_sql@DEMO.NOPCAP.NET;DEMO;;MSSQLSvc/sql01.demo.nopcap.net:1433;;;;AES256;;;;;;;
2026-09-04T16:31:30;DC01;kerberos;4769;;;WKS-0250$@DEMO.NOPCAP.NET;DEMO;;MSSQLSvc/sql01.demo.nopcap.net:1433;;;;AES256;;;;;;;
2026-09-04T16:29:40;WKS-0421;outgoing;4020;NTLMv2;Direct;administrator;DEMO;lsass.exe;cifs/nas01;;;;;Target name could not be resolved by Kerberos;6;Unprotected;None;;;C:\Windows\System32\lsass.exe
2026-09-04T16:28:54;APP03;outgoing;8001;;;m.becker;DEMO;lsass.exe;cifs/nas01;;;;;;;;;;;C:\Windows\System32\lsass.exe
2026-09-04T16:26:30;DC02;kerberos;4769;;;s.wagner@DEMO.NOPCAP.NET;DEMO;;HTTP/portal.demo.nopcap.net;;;;AES256;;;;;;;
2026-09-04T16:26:13;DC01;kerberos;4769;;;WKS-0266$@DEMO.NOPCAP.NET;DEMO;;HTTP/portal.demo.nopcap.net;;;;AES256;;;;;;;
2026-09-04T16:22:45;DC02;kerberos;4769;;;administrator@DEMO.NOPCAP.NET;DEMO;;HTTP/portal.demo.nopcap.net;;;;AES256;;;;;;;
2026-09-04T16:21:43;WKS-0421;outgoing;4001;;Blocked;m.becker;DEMO;msedge.exe;HTTP/intranet;;;;;;;;;;;C:\Program Files (x86)\Microsoft\Edge\Application\msedge.exe
2026-09-04T16:10:32;DC02;kerberos;4769;;;p.neumann@DEMO.NOPCAP.NET;DEMO;;HOST/app03.demo.nopcap.net;;;;AES256;;;;;;;
2026-09-04T16:07:35;DC01;domain;8004;;;p.neumann;DEMO;;ARCHIVE01;NB-1266;;;;;;;;;;
2026-09-04T16:05:08;DC01;kerberos;4769;;;d.fischer@DEMO.NOPCAP.NET;DEMO;;HOST/app03.demo.nopcap.net;;;;AES256;;;;;;;
2026-09-04T16:02:07;DC02;kerberos;4769;;;svc_monitor@DEMO.NOPCAP.NET;DEMO;;HTTP/portal.demo.nopcap.net;;;;AES256;;;;;;;
2026-09-04T16:01:54;DC01;kerberos;4769;;;s.wagner@DEMO.NOPCAP.NET;DEMO;;MSSQLSvc/sql01.demo.nopcap.net:1433;;;;AES256;;;;;;;
2026-09-04T15:58:19;DC01;kerberos;4769;;;k.lorenz@DEMO.NOPCAP.NET;DEMO;;ldap/dc02.demo.nopcap.net;;;;AES256;;;;;;;
2026-09-04T15:56:47;DC01;auth;4624;NTLMv2;Fallback;svc_sql;DEMO;;;VDI-076;10.14.24.3;3;;;;;;;;
2026-09-04T15:55:07;FS01;outgoing;8001;;;m.becker;DEMO;robocopy.exe;cifs/archive01;;;;;;;;;;;C:\Windows\System32\robocopy.exe
2026-09-04T15:54:55;FS01;outgoing;8001;;;svc_monitor;DEMO;System;cifs/fs01.demo.nopcap.net;;;;;;;;;;;
2026-09-04T15:54:43;FS01;outgoing;8001;;;svc_backup;DEMO;System;cifs/fs01.demo.nopcap.net;;;;;;;;;;;
2026-09-04T15:54:30;DC01;kerberos;4769;;;s.wagner@DEMO.NOPCAP.NET;DEMO;;MSSQLSvc/sql01.demo.nopcap.net:1433;;;;AES256;;;;;;;
2026-09-04T15:52:26;DC01;kerberos;4769;;;d.fischer@DEMO.NOPCAP.NET;DEMO;;HOST/app03.demo.nopcap.net;;;;AES256;;;;;;;
2026-09-04T15:51:13;DC01;kerberos;4769;;;NB-1234$@DEMO.NOPCAP.NET;DEMO;;ldap/dc02.demo.nopcap.net;;;;AES256;;;;;;;
2026-09-04T15:50:55;DC02;kerberos;4769;;;j.schulz@DEMO.NOPCAP.NET;DEMO;;HOST/app03.demo.nopcap.net;;;;AES256;;;;;;;
2026-09-04T15:46:25;DC01;kerberos;4769;;;NB-1060$@DEMO.NOPCAP.NET;DEMO;;TERMSRV/vdi-broker.demo.nopcap.net;;;;AES256;;;;;;;
2026-09-04T15:42:31;DC02;kerberos;4769;;;a.klein@DEMO.NOPCAP.NET;DEMO;;HTTP/portal.demo.nopcap.net;;;;AES256;;;;;;;
2026-09-04T15:40:34;DC01;kerberos;4769;;;NB-1301$@DEMO.NOPCAP.NET;DEMO;;MSSQLSvc/sql01.demo.nopcap.net:1433;;;;AES256;;;;;;;
2026-09-04T15:33:36;DC01;kerberos;4769;;;t.hoffmann@DEMO.NOPCAP.NET;DEMO;;MSSQLSvc/sql01.demo.nopcap.net:1433;;;;AES256;;;;;;;
2026-09-04T15:33:30;DC01;kerberos;4769;;;VDI-082$@DEMO.NOPCAP.NET;DEMO;;ldap/dc02.demo.nopcap.net;;;;AES256;;;;;;;
2026-09-04T15:30:20;DC01;kerberos;4769;;;WKS-0595$@DEMO.NOPCAP.NET;DEMO;;HOST/app03.demo.nopcap.net;;;;AES256;;;;;;;
2026-09-04T15:29:09;DC02;kerberos;4769;;;svc_backup@DEMO.NOPCAP.NET;DEMO;;ldap/dc01.demo.nopcap.net;;;;AES256;;;;;;;
2026-09-04T15:22:13;DC01;kerberos;4769;;;WKS-0403$@DEMO.NOPCAP.NET;DEMO;;MSSQLSvc/sql01.demo.nopcap.net:1433;;;;AES256;;;;;;;
2026-09-04T15:20:59;DC02;kerberos;4769;;;s.wagner@DEMO.NOPCAP.NET;DEMO;;HOST/app03.demo.nopcap.net;;;;AES256;;;;;;;
2026-09-04T15:18:11;DC01;auth;4624;NTLMv2;Direct;m.becker;DEMO;;;NB-1214;10.14.21.122;3;;;;;;;;
2026-09-04T15:17:01;DC02;kerberos;4769;;;svc_backup@DEMO.NOPCAP.NET;DEMO;;ldap/dc01.demo.nopcap.net;;;;AES256;;;;;;;
2026-09-04T15:16:14;APP03;incoming;8002;;;APP03$;DEMO;sqlservr.exe;;;;;;;;;;;;
2026-09-04T15:15:57;DC02;kerberos;4769;;;p.neumann@DEMO.NOPCAP.NET;DEMO;;ldap/dc02.demo.nopcap.net;;;;AES256;;;;;;;
2026-09-04T15:14:24;APP03;outgoing;8001;;;k.lorenz;DEMO;lsass.exe;cifs/nas01;;;;;;;;;;;C:\Windows\System32\lsass.exe
2026-09-04T15:10:18;DC02;kerberos;4769;;;m.becker@DEMO.NOPCAP.NET;DEMO;;HOST/app03.demo.nopcap.net;;;;AES256;;;;;;;
2026-09-04T15:01:00;DC01;domain;8004;;;svc_backup;DEMO;;ERP-TEST;VDI-051;;;;;;;;;;
2026-09-04T14:58:43;DC02;kerberos;4769;;;p.neumann@DEMO.NOPCAP.NET;DEMO;;HOST/app03.demo.nopcap.net;;;;AES256;;;;;;;
2026-09-04T14:58:08;DC01;kerberos;4769;;;svc_sql@DEMO.NOPCAP.NET;DEMO;;cifs/fs01.demo.nopcap.net;;;;AES256;;;;;;;
2026-09-04T14:54:57;DC02;kerberos;4769;;;d.fischer@DEMO.NOPCAP.NET;DEMO;;cifs/fs01.demo.nopcap.net;;;;AES256;;;;;;;
2026-09-04T14:54:28;DC01;kerberos;4769;;;a.klein@DEMO.NOPCAP.NET;DEMO;;HTTP/portal.demo.nopcap.net;;;;AES256;;;;;;;
2026-09-04T14:53:30;DC01;kerberos;4769;;;j.schulz@DEMO.NOPCAP.NET;DEMO;;MSSQLSvc/sql01.demo.nopcap.net:1433;;;;AES256;;;;;;;
2026-09-04T14:53:28;DC01;kerberos;4769;;;a.klein@DEMO.NOPCAP.NET;DEMO;;ldap/dc02.demo.nopcap.net;;;;AES256;;;;;;;
2026-09-04T14:52:46;DC02;kerberos;4769;;;a.klein@DEMO.NOPCAP.NET;DEMO;;TERMSRV/vdi-broker.demo.nopcap.net;;;;AES256;;;;;;;
2026-09-04T14:51:15;WKS-0421;outgoing;8001;;;m.becker;DEMO;explorer.exe;cifs/fs01.demo.nopcap.net;;;;;;;;;;;C:\Windows\explorer.exe
2026-09-04T14:45:17;DC01;kerberos;4769;;;d.fischer@DEMO.NOPCAP.NET;DEMO;;HOST/app03.demo.nopcap.net;;;;AES256;;;;;;;
2026-09-04T14:45:05;DC02;kerberos;4769;;;svc_backup@DEMO.NOPCAP.NET;DEMO;;ldap/dc02.demo.nopcap.net;;;;AES256;;;;;;;
2026-09-04T14:41:04;DC01;auth;4624;NTLMv2;Direct;a.klein;DEMO;;;NB-1250;10.14.22.53;3;;;;;;;;
2026-09-04T14:41:00;FS01;incoming;8003;;;administrator;DEMO;svchost.exe;;WKS-0261;;3;;;;;;;;
2026-09-04T14:40:40;DC01;kerberos;4769;;;svc_monitor@DEMO.NOPCAP.NET;DEMO;;ldap/dc01.demo.nopcap.net;;;;AES256;;;;;;;
2026-09-04T14:39:01;WKS-0421;outgoing;4001;;Blocked;d.fischer;DEMO;lsass.exe;cifs/nas01;;;;;;;;;;;C:\Windows\System32\lsass.exe
2026-09-04T14:37:16;DC02;kerberos;4769;;;administrator@DEMO.NOPCAP.NET;DEMO;;cifs/fs01.demo.nopcap.net;;;;AES256;;;;;;;
2026-09-04T14:36:52;DC01;kerberos;4769;;;svc_monitor@DEMO.NOPCAP.NET;DEMO;;cifs/fs01.demo.nopcap.net;;;;AES256;;;;;;;
2026-09-04T14:32:32;DC01;kerberos;4769;;;p.neumann@DEMO.NOPCAP.NET;DEMO;;ldap/dc02.demo.nopcap.net;;;;AES256;;;;;;;
2026-09-04T14:30:06;DC01;incoming;8003;;;d.fischer;DEMO;w3wp.exe;;WKS-0548;;3;;;;;;;;
2026-09-04T14:26:24;DC01;kerberos;4769;;;p.neumann@DEMO.NOPCAP.NET;DEMO;;MSSQLSvc/sql01.demo.nopcap.net:1433;;;;AES256;;;;;;;
2026-09-04T14:23:03;DC01;kerberos;4769;;;WKS-0853$@DEMO.NOPCAP.NET;DEMO;;HTTP/portal.demo.nopcap.net;;;;AES256;;;;;;;
2026-09-04T14:22:19;DC02;kerberos;4769;;;k.lorenz@DEMO.NOPCAP.NET;DEMO;;ldap/dc02.demo.nopcap.net;;;;AES256;;;;;;;
2026-09-04T14:18:32;DC01;kerberos;4769;;;j.schulz@DEMO.NOPCAP.NET;DEMO;;HTTP/portal.demo.nopcap.net;;;;AES256;;;;;;;
2026-09-04T14:17:22;DC01;kerberos;4769;;;NB-1065$@DEMO.NOPCAP.NET;DEMO;;ldap/dc01.demo.nopcap.net;;;;AES256;;;;;;;
2026-09-04T14:09:17;DC01;kerberos;4769;;;svc_web@DEMO.NOPCAP.NET;DEMO;;ldap/dc01.demo.nopcap.net;;;;RC4;;;;;;;
2026-09-04T14:04:16;DC01;kerberos;4769;;;NB-1238$@DEMO.NOPCAP.NET;DEMO;;MSSQLSvc/sql01.demo.nopcap.net:1433;;;;AES256;;;;;;;
2026-09-04T14:00:03;DC01;kerberos;4769;;;svc_web@DEMO.NOPCAP.NET;DEMO;;ldap/dc01.demo.nopcap.net;;;;AES256;;;;;;;
2026-09-04T13:59:28;DC02;kerberos;4769;;;administrator@DEMO.NOPCAP.NET;DEMO;;HTTP/portal.demo.nopcap.net;;;;AES256;;;;;;;
2026-09-04T13:57:52;APP03;incoming;8003;;;d.fischer;DEMO;svchost.exe;;NB-1149;;3;;;;;;;;
2026-09-04T13:57:17;DC02;kerberos;4769;;;p.neumann@DEMO.NOPCAP.NET;DEMO;;HOST/app03.demo.nopcap.net;;;;AES256;;;;;;;
2026-09-04T13:56:55;DC01;kerberos;4769;;;d.fischer@DEMO.NOPCAP.NET;DEMO;;cifs/fs01.demo.nopcap.net;;;;AES256;;;;;;;
2026-09-04T13:56:05;DC01;kerberos;4769;;;NB-1222$@DEMO.NOPCAP.NET;DEMO;;HOST/app03.demo.nopcap.net;;;;AES256;;;;;;;
2026-09-04T13:51:35;WKS-0421;outgoing;4020;NTLMv2;Direct;k.lorenz;DEMO;msedge.exe;HTTP/intranet;;;;;Target name could not be resolved by Kerberos;6;Unprotected;None;;;C:\Program Files (x86)\Microsoft\Edge\Application\msedge.exe
2026-09-04T13:46:07;DC01;kerberos;4769;;;svc_monitor@DEMO.NOPCAP.NET;DEMO;;cifs/fs01.demo.nopcap.net;;;;AES256;;;;;;;
2026-09-04T13:39:51;DC02;kerberos;4769;;;m.becker@DEMO.NOPCAP.NET;DEMO;;TERMSRV/vdi-broker.demo.nopcap.net;;;;AES256;;;;;;;
2026-09-04T13:39:18;DC01;kerberos;4769;;;svc_web@DEMO.NOPCAP.NET;DEMO;;TERMSRV/vdi-broker.demo.nopcap.net;;;;RC4;;;;;;;
2026-09-04T13:30:25;FS01;outgoing;8001;;;d.fischer;DEMO;lsass.exe;cifs/nas01;;;;;;;;;;;C:\Windows\System32\lsass.exe
2026-09-04T13:29:59;DC01;kerberos;4769;;;m.becker@DEMO.NOPCAP.NET;DEMO;;ldap/dc01.demo.nopcap.net;;;;AES256;;;;;;;
2026-09-04T13:29:19;DC01;kerberos;4769;;;svc_monitor@DEMO.NOPCAP.NET;DEMO;;MSSQLSvc/sql01.demo.nopcap.net:1433;;;;AES256;;;;;;;
2026-09-04T13:28:59;DC01;kerberos;4769;;;WKS-0192$@DEMO.NOPCAP.NET;DEMO;;HOST/app03.demo.nopcap.net;;;;AES256;;;;;;;
2026-09-04T13:27:17;DC01;kerberos;4769;;;svc_monitor@DEMO.NOPCAP.NET;DEMO;;HOST/app03.demo.nopcap.net;;;;AES256;;;;;;;
2026-09-04T13:24:17;FS01;incoming;8003;;;t.hoffmann;DEMO;System;;WKS-0191;;3;;;;;;;;
2026-09-04T13:23:41;DC02;kerberos;4769;;;administrator@DEMO.NOPCAP.NET;DEMO;;HTTP/portal.demo.nopcap.net;;;;AES256;;;;;;;
2026-09-04T13:20:15;DC01;kerberos;4769;;;VDI-083$@DEMO.NOPCAP.NET;DEMO;;HOST/app03.demo.nopcap.net;;;;AES256;;;;;;;
2026-09-04T13:19:29;WKS-0421;outgoing;4020;NTLMv2;Direct;d.fischer;DEMO;System;cifs/fs01.demo.nopcap.net;;;;;Application called NTLM directly;1;Unprotected;None;;;
2026-09-04T13:17:32;DC02;domain;8004;;;m.becker;DEMO;;PRINTSRV01;WKS-0104;;;;;;;;;;
2026-09-04T13:14:22;DC01;kerberos;4769;;;t.hoffmann@DEMO.NOPCAP.NET;DEMO;;HOST/app03.demo.nopcap.net;;;;AES256;;;;;;;
2026-09-04T13:13:05;DC01;auth;4624;NTLMv1;Direct;mfp_service;DEMO;;;MFP-EG-01;10.14.30.40;3;;;;;;;;
2026-09-04T13:08:13;DC01;kerberos;4769;;;s.wagner@DEMO.NOPCAP.NET;DEMO;;ldap/dc02.demo.nopcap.net;;;;AES256;;;;;;;
2026-09-04T13:02:14;DC01;kerberos;4769;;;WKS-0172$@DEMO.NOPCAP.NET;DEMO;;ldap/dc01.demo.nopcap.net;;;;AES256;;;;;;;
2026-09-04T13:01:32;DC02;kerberos;4769;;;administrator@DEMO.NOPCAP.NET;DEMO;;cifs/fs01.demo.nopcap.net;;;;AES256;;;;;;;
2026-09-04T12:59:59;DC01;kerberos;4769;;;administrator@DEMO.NOPCAP.NET;DEMO;;HTTP/portal.demo.nopcap.net;;;;AES256;;;;;;;
2026-09-04T12:58:43;DC02;kerberos;4769;;;m.becker@DEMO.NOPCAP.NET;DEMO;;ldap/dc02.demo.nopcap.net;;;;AES256;;;;;;;
2026-09-04T12:58:22;DC02;kerberos;4769;;;t.hoffmann@DEMO.NOPCAP.NET;DEMO;;HOST/app03.demo.nopcap.net;;;;AES256;;;;;;;
2026-09-04T12:58:02;DC01;kerberos;4769;;;VDI-050$@DEMO.NOPCAP.NET;DEMO;;TERMSRV/vdi-broker.demo.nopcap.net;;;;AES256;;;;;;;
2026-09-04T12:56:42;DC01;kerberos;4769;;;t.hoffmann@DEMO.NOPCAP.NET;DEMO;;TERMSRV/vdi-broker.demo.nopcap.net;;;;AES256;;;;;;;
2026-09-04T12:46:06;DC02;kerberos;4769;;;m.becker@DEMO.NOPCAP.NET;DEMO;;MSSQLSvc/sql01.demo.nopcap.net:1433;;;;AES256;;;;;;;
2026-09-04T12:45:13;DC01;kerberos;4769;;;svc_sql@DEMO.NOPCAP.NET;DEMO;;HTTP/portal.demo.nopcap.net;;;;AES256;;;;;;;
2026-09-04T12:44:44;DC02;kerberos;4769;;;p.neumann@DEMO.NOPCAP.NET;DEMO;;TERMSRV/vdi-broker.demo.nopcap.net;;;;AES256;;;;;;;
2026-09-04T12:39:35;DC01;kerberos;4769;;;s.wagner@DEMO.NOPCAP.NET;DEMO;;HOST/app03.demo.nopcap.net;;;;AES256;;;;;;;
2026-09-04T12:37:54;DC01;kerberos;4769;;;NB-1053$@DEMO.NOPCAP.NET;DEMO;;ldap/dc01.demo.nopcap.net;;;;AES256;;;;;;;
2026-09-04T12:35:06;DC01;kerberos;4769;;;WKS-0697$@DEMO.NOPCAP.NET;DEMO;;ldap/dc02.demo.nopcap.net;;;;AES256;;;;;;;
2026-09-04T12:28:13;DC02;kerberos;4769;;;svc_web@DEMO.NOPCAP.NET;DEMO;;HTTP/portal.demo.nopcap.net;;;;RC4;;;;;;;
2026-09-04T12:26:11;DC01;kerberos;4769;;;k.lorenz@DEMO.NOPCAP.NET;DEMO;;ldap/dc01.demo.nopcap.net;;;;AES256;;;;;;;
2026-09-04T12:23:23;DC01;kerberos;4769;;;administrator@DEMO.NOPCAP.NET;DEMO;;ldap/dc01.demo.nopcap.net;;;;AES256;;;;;;;
2026-09-04T12:22:47;DC01;auth;4624;NTLMv2;Direct;t.hoffmann;DEMO;;;WKS-0178;10.14.24.40;3;;;;;;;;
2026-09-04T12:22:32;DC01;kerberos;4769;;;svc_sql@DEMO.NOPCAP.NET;DEMO;;ldap/dc02.demo.nopcap.net;;;;AES256;;;;;;;
2026-09-04T12:20:27;DC02;kerberos;4769;;;svc_backup@DEMO.NOPCAP.NET;DEMO;;TERMSRV/vdi-broker.demo.nopcap.net;;;;AES256;;;;;;;
2026-09-04T12:14:17;DC02;kerberos;4769;;;svc_sql@DEMO.NOPCAP.NET;DEMO;;MSSQLSvc/sql01.demo.nopcap.net:1433;;;;AES256;;;;;;;
2026-09-04T12:07:39;DC01;kerberos;4769;;;j.schulz@DEMO.NOPCAP.NET;DEMO;;MSSQLSvc/sql01.demo.nopcap.net:1433;;;;AES256;;;;;;;
2026-09-04T12:05:17;DC01;kerberos;4769;;;svc_web@DEMO.NOPCAP.NET;DEMO;;cifs/fs01.demo.nopcap.net;;;;RC4;;;;;;;
2026-09-04T12:03:37;DC01;kerberos;4769;;;VDI-048$@DEMO.NOPCAP.NET;DEMO;;cifs/fs01.demo.nopcap.net;;;;AES256;;;;;;;
2026-09-04T12:02:26;DC01;kerberos;4769;;;m.becker@DEMO.NOPCAP.NET;DEMO;;MSSQLSvc/sql01.demo.nopcap.net:1433;;;;AES256;;;;;;;
2026-09-04T12:02:18;DC01;kerberos;4769;;;svc_web@DEMO.NOPCAP.NET;DEMO;;cifs/fs01.demo.nopcap.net;;;;AES256;;;;;;;
2026-09-04T12:00:42;DC02;kerberos;4769;;;j.schulz@DEMO.NOPCAP.NET;DEMO;;ldap/dc01.demo.nopcap.net;;;;AES256;;;;;;;
2026-09-04T11:57:45;DC01;kerberos;4769;;;VDI-044$@DEMO.NOPCAP.NET;DEMO;;ldap/dc02.demo.nopcap.net;;;;AES256;;;;;;;
2026-09-04T11:57:07;FS01;outgoing;8001;;;a.klein;DEMO;svchost.exe;ldap/dc01.demo.nopcap.net;;;;;;;;;;;C:\Windows\System32\svchost.exe
2026-09-04T11:49:36;DC02;domain;8004;;;svc_web;DEMO;;NAS01;NB-1257;;;;;;;;;;
2026-09-04T11:44:52;DC01;kerberos;4769;;;administrator@DEMO.NOPCAP.NET;DEMO;;HTTP/portal.demo.nopcap.net;;;;AES256;;;;;;;
2026-09-04T11:44:48;DC01;kerberos;4769;;;WKS-0663$@DEMO.NOPCAP.NET;DEMO;;TERMSRV/vdi-broker.demo.nopcap.net;;;;AES256;;;;;;;
2026-09-04T11:43:54;DC01;kerberos;4769;;;NB-1354$@DEMO.NOPCAP.NET;DEMO;;ldap/dc01.demo.nopcap.net;;;;AES256;;;;;;;
2026-09-04T11:41:36;DC01;kerberos;4769;;;k.lorenz@DEMO.NOPCAP.NET;DEMO;;cifs/fs01.demo.nopcap.net;;;;AES256;;;;;;;
2026-09-04T11:37:50;APP03;outgoing;8001;;;s.wagner;DEMO;lsass.exe;cifs/nas01;;;;;;;;;;;C:\Windows\System32\lsass.exe
2026-09-04T11:37:33;DC01;domain;8004;;;m.becker;DEMO;;PRINTSRV01;WKS-0892;;;;;;;;;;
2026-09-04T11:37:05;DC01;kerberos;4769;;;VDI-012$@DEMO.NOPCAP.NET;DEMO;;ldap/dc02.demo.nopcap.net;;;;AES256;;;;;;;
2026-09-04T11:36:03;DC01;kerberos;4769;;;NB-1300$@DEMO.NOPCAP.NET;DEMO;;TERMSRV/vdi-broker.demo.nopcap.net;;;;AES256;;;;;;;
2026-09-04T11:36:00;DC02;kerberos;4769;;;svc_monitor@DEMO.NOPCAP.NET;DEMO;;TERMSRV/vdi-broker.demo.nopcap.net;;;;AES256;;;;;;;
2026-09-04T11:35:19;DC01;kerberos;4769;;;VDI-036$@DEMO.NOPCAP.NET;DEMO;;ldap/dc01.demo.nopcap.net;;;;AES256;;;;;;;
2026-09-04T11:32:03;DC01;kerberos;4769;;;VDI-049$@DEMO.NOPCAP.NET;DEMO;;cifs/fs01.demo.nopcap.net;;;;AES256;;;;;;;
2026-09-04T11:28:01;DC01;kerberos;4769;;;a.klein@DEMO.NOPCAP.NET;DEMO;;ldap/dc02.demo.nopcap.net;;;;AES256;;;;;;;
2026-09-04T11:25:54;DC01;kerberos;4769;;;d.fischer@DEMO.NOPCAP.NET;DEMO;;ldap/dc02.demo.nopcap.net;;;;AES256;;;;;;;
2026-09-04T11:25:53;DC01;kerberos;4769;;;VDI-074$@DEMO.NOPCAP.NET;DEMO;;HTTP/portal.demo.nopcap.net;;;;AES256;;;;;;;
2026-09-04T11:21:41;FS01;outgoing;8001;;;k.lorenz;DEMO;spoolsv.exe;cifs/printsrv01;;;;;;;;;;;C:\Windows\System32\spoolsv.exe
2026-09-04T11:17:50;DC01;kerberos;4769;;;NB-1041$@DEMO.NOPCAP.NET;DEMO;;MSSQLSvc/sql01.demo.nopcap.net:1433;;;;AES256;;;;;;;
2026-09-04T11:17:45;DC01;kerberos;4769;;;svc_sql@DEMO.NOPCAP.NET;DEMO;;cifs/fs01.demo.nopcap.net;;;;AES256;;;;;;;
2026-09-04T11:15:44;DC01;kerberos;4769;;;m.becker@DEMO.NOPCAP.NET;DEMO;;TERMSRV/vdi-broker.demo.nopcap.net;;;;AES256;;;;;;;
2026-09-04T11:15:05;DC01;kerberos;4769;;;NB-1018$@DEMO.NOPCAP.NET;DEMO;;TERMSRV/vdi-broker.demo.nopcap.net;;;;AES256;;;;;;;
2026-09-04T11:09:16;DC01;kerberos;4769;;;j.schulz@DEMO.NOPCAP.NET;DEMO;;ldap/dc01.demo.nopcap.net;;;;AES256;;;;;;;
2026-09-04T11:08:27;DC01;kerberos;4769;;;WKS-0444$@DEMO.NOPCAP.NET;DEMO;;HOST/app03.demo.nopcap.net;;;;AES256;;;;;;;
2026-09-04T11:07:27;FS01;outgoing;8001;;;administrator;DEMO;explorer.exe;cifs/fs01.demo.nopcap.net;;;;;;;;;;;C:\Windows\explorer.exe
2026-09-04T11:03:18;DC01;kerberos;4769;;;svc_sql@DEMO.NOPCAP.NET;DEMO;;HOST/app03.demo.nopcap.net;;;;AES256;;;;;;;
2026-09-04T10:57:46;WKS-0421;outgoing;4001;;Blocked;d.fischer;DEMO;powershell.exe;cifs/10.14.22.31;;;;;;;;;;;C:\Windows\System32\WindowsPowerShell\v1.0\powershell.exe
2026-09-04T10:53:01;DC02;kerberos;4769;;;svc_web@DEMO.NOPCAP.NET;DEMO;;cifs/fs01.demo.nopcap.net;;;;RC4;;;;;;;
2026-09-04T10:52:46;DC01;kerberos;4769;;;NB-1172$@DEMO.NOPCAP.NET;DEMO;;MSSQLSvc/sql01.demo.nopcap.net:1433;;;;AES256;;;;;;;
2026-09-04T10:48:18;DC01;auth;4624;NTLMv2;Direct;svc_monitor;DEMO;;;VDI-079;10.14.23.88;3;;;;;;;;
2026-09-04T10:47:54;DC01;kerberos;4769;;;WKS-0566$@DEMO.NOPCAP.NET;DEMO;;HOST/app03.demo.nopcap.net;;;;AES256;;;;;;;
2026-09-04T10:43:23;DC02;kerberos;4769;;;svc_sql@DEMO.NOPCAP.NET;DEMO;;MSSQLSvc/sql01.demo.nopcap.net:1433;;;;AES256;;;;;;;
2026-09-04T10:41:42;DC02;kerberos;4769;;;svc_backup@DEMO.NOPCAP.NET;DEMO;;cifs/fs01.demo.nopcap.net;;;;AES256;;;;;;;
2026-09-04T10:41:39;APP03;outgoing;8001;;;t.hoffmann;DEMO;System;cifs/fs01.demo.nopcap.net;;;;;;;;;;;
2026-09-04T10:37:29;DC02;kerberos;4769;;;s.wagner@DEMO.NOPCAP.NET;DEMO;;cifs/fs01.demo.nopcap.net;;;;AES256;;;;;;;
2026-09-04T10:32:38;DC01;kerberos;4769;;;svc_monitor@DEMO.NOPCAP.NET;DEMO;;ldap/dc02.demo.nopcap.net;;;;AES256;;;;;;;
2026-09-04T10:32:04;DC01;kerberos;4769;;;WKS-0774$@DEMO.NOPCAP.NET;DEMO;;MSSQLSvc/sql01.demo.nopcap.net:1433;;;;AES256;;;;;;;
2026-09-04T10:32:00;APP03;outgoing;8001;;;administrator;DEMO;EXCEL.EXE;cifs/fs01.demo.nopcap.net;;;;;;;;;;;C:\Program Files\Microsoft Office\root\Office16\EXCEL.EXE
2026-09-04T10:29:45;DC02;kerberos;4769;;;svc_sql@DEMO.NOPCAP.NET;DEMO;;MSSQLSvc/sql01.demo.nopcap.net:1433;;;;AES256;;;;;;;
2026-09-04T10:27:32;DC01;kerberos;4769;;;d.fischer@DEMO.NOPCAP.NET;DEMO;;HOST/app03.demo.nopcap.net;;;;AES256;;;;;;;
2026-09-04T10:26:25;DC01;kerberos;4769;;;WKS-0130$@DEMO.NOPCAP.NET;DEMO;;MSSQLSvc/sql01.demo.nopcap.net:1433;;;;AES256;;;;;;;
2026-09-04T10:25:31;DC01;kerberos;4769;;;k.lorenz@DEMO.NOPCAP.NET;DEMO;;TERMSRV/vdi-broker.demo.nopcap.net;;;;AES256;;;;;;;
2026-09-04T10:20:28;DC01;kerberos;4769;;;svc_backup@DEMO.NOPCAP.NET;DEMO;;ldap/dc01.demo.nopcap.net;;;;AES256;;;;;;;
2026-09-04T10:05:16;DC02;domain;8004;;;d.fischer;DEMO;;ERP-TEST;WKS-0308;;;;;;;;;;
2026-09-04T10:02:19;DC01;kerberos;4769;;;administrator@DEMO.NOPCAP.NET;DEMO;;TERMSRV/vdi-broker.demo.nopcap.net;;;;AES256;;;;;;;
2026-09-04T10:00:19;DC01;kerberos;4769;;;svc_monitor@DEMO.NOPCAP.NET;DEMO;;cifs/fs01.demo.nopcap.net;;;;AES256;;;;;;;
2026-09-04T09:57:43;DC02;kerberos;4769;;;svc_web@DEMO.NOPCAP.NET;DEMO;;cifs/fs01.demo.nopcap.net;;;;RC4;;;;;;;
2026-09-04T09:57:43;DC01;kerberos;4769;;;k.lorenz@DEMO.NOPCAP.NET;DEMO;;TERMSRV/vdi-broker.demo.nopcap.net;;;;AES256;;;;;;;
2026-09-04T09:55:38;DC01;auth;4624;NTLMv2;Direct;m.becker;DEMO;;;VDI-046;10.14.21.68;3;;;;;;;;
2026-09-04T09:52:23;DC02;kerberos;4769;;;s.wagner@DEMO.NOPCAP.NET;DEMO;;ldap/dc02.demo.nopcap.net;;;;AES256;;;;;;;
2026-09-04T09:52:20;APP03;outgoing;8001;;;k.lorenz;DEMO;explorer.exe;cifs/fs01.demo.nopcap.net;;;;;;;;;;;C:\Windows\explorer.exe
2026-09-04T09:46:00;DC01;kerberos;4769;;;WKS-0625$@DEMO.NOPCAP.NET;DEMO;;ldap/dc02.demo.nopcap.net;;;;AES256;;;;;;;
2026-09-04T09:45:07;DC02;kerberos;4769;;;administrator@DEMO.NOPCAP.NET;DEMO;;MSSQLSvc/sql01.demo.nopcap.net:1433;;;;AES256;;;;;;;
2026-09-04T09:44:23;DC02;kerberos;4769;;;j.schulz@DEMO.NOPCAP.NET;DEMO;;MSSQLSvc/sql01.demo.nopcap.net:1433;;;;AES256;;;;;;;
2026-09-04T09:37:38;DC01;auth;4624;NTLMv2;Direct;k.lorenz;DEMO;;;WKS-0813;10.14.21.137;3;;;;;;;;
2026-09-04T09:31:26;WKS-0421;outgoing;4001;;Blocked;k.lorenz;DEMO;System;cifs/fs01.demo.nopcap.net;;;;;;;;;;;
2026-09-04T09:29:05;DC01;kerberos;4769;;;s.wagner@DEMO.NOPCAP.NET;DEMO;;TERMSRV/vdi-broker.demo.nopcap.net;;;;AES256;;;;;;;
2026-09-04T09:28:46;DC02;kerberos;4769;;;d.fischer@DEMO.NOPCAP.NET;DEMO;;TERMSRV/vdi-broker.demo.nopcap.net;;;;AES256;;;;;;;
2026-09-04T09:28:27;DC01;kerberos;4769;;;a.klein@DEMO.NOPCAP.NET;DEMO;;MSSQLSvc/sql01.demo.nopcap.net:1433;;;;AES256;;;;;;;
2026-09-04T09:27:11;DC02;kerberos;4769;;;svc_sql@DEMO.NOPCAP.NET;DEMO;;cifs/fs01.demo.nopcap.net;;;;AES256;;;;;;;
2026-09-04T09:26:16;DC02;domain;8004;;;svc_monitor;DEMO;;APP03;VDI-044;;;;;;;;;;
2026-09-04T09:26:15;FS01;outgoing;8001;;;p.neumann;DEMO;svchost.exe;ldap/dc01.demo.nopcap.net;;;;;;;;;;;C:\Windows\System32\svchost.exe
2026-09-04T09:26:13;DC02;kerberos;4769;;;svc_backup@DEMO.NOPCAP.NET;DEMO;;ldap/dc01.demo.nopcap.net;;;;AES256;;;;;;;
2026-09-04T09:25:53;DC02;kerberos;4769;;;svc_web@DEMO.NOPCAP.NET;DEMO;;ldap/dc01.demo.nopcap.net;;;;RC4;;;;;;;
2026-09-04T09:22:21;DC01;kerberos;4769;;;s.wagner@DEMO.NOPCAP.NET;DEMO;;cifs/fs01.demo.nopcap.net;;;;AES256;;;;;;;
2026-09-04T09:22:15;DC02;auth;4624;NTLMv2;Fallback;t.hoffmann;DEMO;;;VDI-081;10.14.24.87;3;;;;;;;;
2026-09-04T09:20:33;DC01;kerberos;4769;;;VDI-032$@DEMO.NOPCAP.NET;DEMO;;HTTP/portal.demo.nopcap.net;;;;AES256;;;;;;;
2026-09-04T09:09:43;DC01;kerberos;4769;;;p.neumann@DEMO.NOPCAP.NET;DEMO;;TERMSRV/vdi-broker.demo.nopcap.net;;;;AES256;;;;;;;
2026-09-04T09:07:35;DC01;auth;4624;NTLMv1;Direct;svc_scan;DEMO;;;MFP-EG-01;10.14.30.45;3;;;;;;;;
2026-09-04T09:06:18;DC01;kerberos;4769;;;a.klein@DEMO.NOPCAP.NET;DEMO;;TERMSRV/vdi-broker.demo.nopcap.net;;;;AES256;;;;;;;
2026-09-04T09:05:53;FS01;outgoing;8001;;;administrator;DEMO;spoolsv.exe;cifs/printsrv01;;;;;;;;;;;C:\Windows\System32\spoolsv.exe
2026-09-04T09:00:12;DC01;kerberos;4769;;;WKS-0343$@DEMO.NOPCAP.NET;DEMO;;HOST/app03.demo.nopcap.net;;;;AES256;;;;;;;
2026-09-04T08:55:05;DC02;auth;4624;NTLMv2;Direct;j.schulz;DEMO;;;NB-1031;10.14.23.88;3;;;;;;;;
2026-09-04T08:53:59;DC01;kerberos;4769;;;a.klein@DEMO.NOPCAP.NET;DEMO;;HTTP/portal.demo.nopcap.net;;;;AES256;;;;;;;
2026-09-04T08:51:40;FS01;outgoing;8001;;;m.becker;DEMO;robocopy.exe;cifs/archive01;;;;;;;;;;;C:\Windows\System32\robocopy.exe
2026-09-04T08:50:49;DC01;kerberos;4769;;;t.hoffmann@DEMO.NOPCAP.NET;DEMO;;ldap/dc02.demo.nopcap.net;;;;AES256;;;;;;;
2026-09-04T08:46:11;DC02;kerberos;4769;;;p.neumann@DEMO.NOPCAP.NET;DEMO;;TERMSRV/vdi-broker.demo.nopcap.net;;;;AES256;;;;;;;
2026-09-04T08:37:45;WKS-0421;outgoing;8001;;;p.neumann;DEMO;java.exe;HTTP/erp-test;;;;;;;;;;;C:\Program Files\Eclipse Adoptium\jdk-17\bin\java.exe
2026-09-04T08:34:21;DC01;kerberos;4769;;;svc_monitor@DEMO.NOPCAP.NET;DEMO;;ldap/dc01.demo.nopcap.net;;;;AES256;;;;;;;
2026-09-04T08:29:42;DC02;kerberos;4769;;;svc_monitor@DEMO.NOPCAP.NET;DEMO;;MSSQLSvc/sql01.demo.nopcap.net:1433;;;;AES256;;;;;;;
2026-09-04T08:27:15;DC02;kerberos;4769;;;svc_web@DEMO.NOPCAP.NET;DEMO;;cifs/fs01.demo.nopcap.net;;;;AES256;;;;;;;
2026-09-04T08:18:20;DC01;kerberos;4769;;;s.wagner@DEMO.NOPCAP.NET;DEMO;;ldap/dc02.demo.nopcap.net;;;;AES256;;;;;;;
2026-09-04T08:17:22;APP03;outgoing;8001;;;svc_monitor;DEMO;wsmprovhost.exe;HOST/app03;;;;;;;;;;;C:\Windows\System32\wsmprovhost.exe
2026-09-04T08:08:08;DC01;kerberos;4769;;;NB-1060$@DEMO.NOPCAP.NET;DEMO;;HTTP/portal.demo.nopcap.net;;;;AES256;;;;;;;
2026-09-04T08:04:31;DC01;kerberos;4769;;;m.becker@DEMO.NOPCAP.NET;DEMO;;cifs/fs01.demo.nopcap.net;;;;AES256;;;;;;;
2026-09-04T08:00:17;DC02;kerberos;4769;;;m.becker@DEMO.NOPCAP.NET;DEMO;;ldap/dc02.demo.nopcap.net;;;;AES256;;;;;;;
2026-09-03T17:59:37;DC02;kerberos;4769;;;k.lorenz@DEMO.NOPCAP.NET;DEMO;;HOST/app03.demo.nopcap.net;;;;AES256;;;;;;;
2026-09-03T17:54:55;DC01;kerberos;4769;;;s.wagner@DEMO.NOPCAP.NET;DEMO;;ldap/dc02.demo.nopcap.net;;;;AES256;;;;;;;
2026-09-03T17:47:08;DC02;kerberos;4769;;;svc_backup@DEMO.NOPCAP.NET;DEMO;;ldap/dc01.demo.nopcap.net;;;;AES256;;;;;;;
2026-09-03T17:41:26;DC01;kerberos;4769;;;NB-1175$@DEMO.NOPCAP.NET;DEMO;;ldap/dc02.demo.nopcap.net;;;;AES256;;;;;;;
2026-09-03T17:40:36;DC01;kerberos;4769;;;VDI-069$@DEMO.NOPCAP.NET;DEMO;;ldap/dc01.demo.nopcap.net;;;;AES256;;;;;;;
2026-09-03T17:40:08;DC01;kerberos;4769;;;VDI-063$@DEMO.NOPCAP.NET;DEMO;;HTTP/portal.demo.nopcap.net;;;;AES256;;;;;;;
2026-09-03T17:39:44;DC01;kerberos;4769;;;svc_monitor@DEMO.NOPCAP.NET;DEMO;;cifs/fs01.demo.nopcap.net;;;;AES256;;;;;;;
2026-09-03T17:33:58;APP03;outgoing;8001;;;s.wagner;DEMO;robocopy.exe;cifs/archive01;;;;;;;;;;;C:\Windows\System32\robocopy.exe
2026-09-03T17:28:32;DC02;kerberos;4769;;;svc_backup@DEMO.NOPCAP.NET;DEMO;;HTTP/portal.demo.nopcap.net;;;;AES256;;;;;;;
2026-09-03T17:27:13;DC02;kerberos;4769;;;administrator@DEMO.NOPCAP.NET;DEMO;;ldap/dc01.demo.nopcap.net;;;;AES256;;;;;;;
2026-09-03T17:21:33;DC01;kerberos;4769;;;t.hoffmann@DEMO.NOPCAP.NET;DEMO;;HOST/app03.demo.nopcap.net;;;;AES256;;;;;;;
2026-09-03T17:15:38;DC01;kerberos;4769;;;WKS-0533$@DEMO.NOPCAP.NET;DEMO;;HTTP/portal.demo.nopcap.net;;;;AES256;;;;;;;
2026-09-03T17:02:40;WKS-0421;outgoing;4001;;Blocked;administrator;DEMO;EXCEL.EXE;cifs/fs01.demo.nopcap.net;;;;;;;;;;;C:\Program Files\Microsoft Office\root\Office16\EXCEL.EXE
2026-09-03T17:01:11;DC02;kerberos;4769;;;m.becker@DEMO.NOPCAP.NET;DEMO;;ldap/dc02.demo.nopcap.net;;;;AES256;;;;;;;
2026-09-03T16:58:54;DC01;kerberos;4769;;;m.becker@DEMO.NOPCAP.NET;DEMO;;HOST/app03.demo.nopcap.net;;;;AES256;;;;;;;
2026-09-03T16:58:40;DC01;kerberos;4769;;;WKS-0375$@DEMO.NOPCAP.NET;DEMO;;ldap/dc02.demo.nopcap.net;;;;AES256;;;;;;;
2026-09-03T16:58:33;DC02;kerberos;4769;;;svc_sql@DEMO.NOPCAP.NET;DEMO;;ldap/dc01.demo.nopcap.net;;;;AES256;;;;;;;
2026-09-03T16:57:55;DC01;kerberos;4769;;;NB-1212$@DEMO.NOPCAP.NET;DEMO;;HTTP/portal.demo.nopcap.net;;;;AES256;;;;;;;
2026-09-03T16:55:40;DC01;domain;8004;;;svc_web;DEMO;;ERP-TEST;WKS-0846;;;;;;;;;;
2026-09-03T16:53:07;DC02;kerberos;4769;;;p.neumann@DEMO.NOPCAP.NET;DEMO;;ldap/dc01.demo.nopcap.net;;;;AES256;;;;;;;
2026-09-03T16:49:24;DC02;kerberos;4769;;;svc_monitor@DEMO.NOPCAP.NET;DEMO;;ldap/dc01.demo.nopcap.net;;;;AES256;;;;;;;
2026-09-03T16:49:14;FS01;outgoing;8001;;;p.neumann;DEMO;msedge.exe;HTTP/intranet;;;;;;;;;;;C:\Program Files (x86)\Microsoft\Edge\Application\msedge.exe
2026-09-03T16:47:10;WKS-0421;outgoing;4020;NTLMv2;Direct;p.neumann;DEMO;svchost.exe;ldap/dc01.demo.nopcap.net;;;;;Application called NTLM directly;1;Unprotected;None;;;C:\Windows\System32\svchost.exe
2026-09-03T16:44:26;DC02;kerberos;4769;;;svc_monitor@DEMO.NOPCAP.NET;DEMO;;HTTP/portal.demo.nopcap.net;;;;AES256;;;;;;;
2026-09-03T16:40:21;DC01;kerberos;4769;;;NB-1367$@DEMO.NOPCAP.NET;DEMO;;ldap/dc01.demo.nopcap.net;;;;AES256;;;;;;;
2026-09-03T16:39:13;DC01;incoming;8002;;;APP03$;DEMO;w3wp.exe;;;;;;;;;;;;
2026-09-03T16:38:10;DC01;domain;8004;;;svc_sql;DEMO;;PRINTSRV01;NB-1395;;;;;;;;;;
2026-09-03T16:32:16;DC01;kerberos;4769;;;svc_web@DEMO.NOPCAP.NET;DEMO;;ldap/dc02.demo.nopcap.net;;;;AES256;;;;;;;
2026-09-03T16:32:00;DC02;kerberos;4769;;;p.neumann@DEMO.NOPCAP.NET;DEMO;;HTTP/portal.demo.nopcap.net;;;;AES256;;;;;;;
2026-09-03T16:27:06;DC01;kerberos;4769;;;NB-1328$@DEMO.NOPCAP.NET;DEMO;;ldap/dc02.demo.nopcap.net;;;;AES256;;;;;;;
2026-09-03T16:26:53;DC02;kerberos;4769;;;m.becker@DEMO.NOPCAP.NET;DEMO;;ldap/dc01.demo.nopcap.net;;;;AES256;;;;;;;
2026-09-03T16:25:33;DC01;kerberos;4769;;;m.becker@DEMO.NOPCAP.NET;DEMO;;HTTP/portal.demo.nopcap.net;;;;AES256;;;;;;;
2026-09-03T16:25:04;APP03;outgoing;8001;;;svc_web;DEMO;spoolsv.exe;cifs/printsrv01;;;;;;;;;;;C:\Windows\System32\spoolsv.exe
2026-09-03T16:22:37;APP03;outgoing;8001;;;j.schulz;DEMO;System;cifs/fs01.demo.nopcap.net;;;;;;;;;;;
2026-09-03T16:15:08;DC02;kerberos;4769;;;a.klein@DEMO.NOPCAP.NET;DEMO;;HOST/app03.demo.nopcap.net;;;;AES256;;;;;;;
2026-09-03T16:14:18;DC01;domain;8004;;;svc_web;DEMO;;PRINTSRV01;NB-1298;;;;;;;;;;
2026-09-03T16:13:15;DC01;kerberos;4769;;;svc_sql@DEMO.NOPCAP.NET;DEMO;;TERMSRV/vdi-broker.demo.nopcap.net;;;;AES256;;;;;;;
2026-09-03T16:09:17;WKS-0421;outgoing;4020;NTLMv2;Direct;a.klein;DEMO;Veeam.Backup.Service.exe;cifs/nas01;;;;;Target name could not be resolved by Kerberos;6;Unprotected;None;;;C:\Program Files\Veeam\Backup and Replication\Backup\Veeam.Backup.Service.exe
2026-09-03T16:04:45;DC02;kerberos;4769;;;svc_sql@DEMO.NOPCAP.NET;DEMO;;ldap/dc01.demo.nopcap.net;;;;AES256;;;;;;;
2026-09-03T15:58:55;DC01;kerberos;4769;;;VDI-088$@DEMO.NOPCAP.NET;DEMO;;ldap/dc02.demo.nopcap.net;;;;AES256;;;;;;;
2026-09-03T15:57:49;DC02;domain;8004;;;p.neumann;DEMO;;ERP-TEST;VDI-035;;;;;;;;;;
2026-09-03T15:52:49;DC02;kerberos;4769;;;svc_backup@DEMO.NOPCAP.NET;DEMO;;MSSQLSvc/sql01.demo.nopcap.net:1433;;;;AES256;;;;;;;
2026-09-03T15:52:40;DC02;kerberos;4769;;;d.fischer@DEMO.NOPCAP.NET;DEMO;;HOST/app03.demo.nopcap.net;;;;AES256;;;;;;;
2026-09-03T15:52:21;DC01;kerberos;4769;;;administrator@DEMO.NOPCAP.NET;DEMO;;TERMSRV/vdi-broker.demo.nopcap.net;;;;AES256;;;;;;;
2026-09-03T15:49:25;DC01;kerberos;4769;;;VDI-082$@DEMO.NOPCAP.NET;DEMO;;HOST/app03.demo.nopcap.net;;;;AES256;;;;;;;
2026-09-03T15:43:58;DC01;kerberos;4769;;;svc_backup@DEMO.NOPCAP.NET;DEMO;;MSSQLSvc/sql01.demo.nopcap.net:1433;;;;AES256;;;;;;;
2026-09-03T15:42:35;DC01;kerberos;4769;;;p.neumann@DEMO.NOPCAP.NET;DEMO;;MSSQLSvc/sql01.demo.nopcap.net:1433;;;;AES256;;;;;;;
2026-09-03T15:42:01;DC01;kerberos;4769;;;VDI-026$@DEMO.NOPCAP.NET;DEMO;;HOST/app03.demo.nopcap.net;;;;AES256;;;;;;;
2026-09-03T15:36:03;DC02;kerberos;4769;;;d.fischer@DEMO.NOPCAP.NET;DEMO;;HOST/app03.demo.nopcap.net;;;;AES256;;;;;;;
2026-09-03T15:34:32;WKS-0421;outgoing;4001;;Blocked;svc_monitor;DEMO;wsmprovhost.exe;HOST/app03;;;;;;;;;;;C:\Windows\System32\wsmprovhost.exe
2026-09-03T15:26:47;DC02;kerberos;4769;;;p.neumann@DEMO.NOPCAP.NET;DEMO;;TERMSRV/vdi-broker.demo.nopcap.net;;;;AES256;;;;;;;
2026-09-03T15:23:26;DC01;kerberos;4769;;;VDI-081$@DEMO.NOPCAP.NET;DEMO;;ldap/dc01.demo.nopcap.net;;;;AES256;;;;;;;
2026-09-03T15:22:27;DC02;kerberos;4769;;;j.schulz@DEMO.NOPCAP.NET;DEMO;;ldap/dc01.demo.nopcap.net;;;;AES256;;;;;;;
2026-09-03T15:20:49;FS01;outgoing;8001;;;d.fischer;DEMO;explorer.exe;cifs/fs01.demo.nopcap.net;;;;;;;;;;;C:\Windows\explorer.exe
2026-09-03T15:20:05;DC02;kerberos;4769;;;a.klein@DEMO.NOPCAP.NET;DEMO;;MSSQLSvc/sql01.demo.nopcap.net:1433;;;;AES256;;;;;;;
2026-09-03T15:12:17;DC01;kerberos;4769;;;NB-1328$@DEMO.NOPCAP.NET;DEMO;;ldap/dc02.demo.nopcap.net;;;;AES256;;;;;;;
2026-09-03T15:09:33;DC01;auth;4624;NTLMv2;Direct;d.fischer;DEMO;;;WKS-0746;10.14.23.117;3;;;;;;;;
2026-09-03T15:07:25;DC01;kerberos;4769;;;m.becker@DEMO.NOPCAP.NET;DEMO;;HTTP/portal.demo.nopcap.net;;;;AES256;;;;;;;
2026-09-03T15:06:09;APP03;outgoing;8001;;;svc_sql;DEMO;System;cifs/fs01.demo.nopcap.net;;;;;;;;;;;
2026-09-03T15:00:19;FS01;outgoing;8001;;;t.hoffmann;DEMO;lsass.exe;cifs/nas01;;;;;;;;;;;C:\Windows\System32\lsass.exe
2026-09-03T14:58:16;DC01;kerberos;4769;;;t.hoffmann@DEMO.NOPCAP.NET;DEMO;;HOST/app03.demo.nopcap.net;;;;AES256;;;;;;;
2026-09-03T14:57:15;DC02;kerberos;4769;;;t.hoffmann@DEMO.NOPCAP.NET;DEMO;;cifs/fs01.demo.nopcap.net;;;;AES256;;;;;;;
2026-09-03T14:53:54;DC02;kerberos;4769;;;k.lorenz@DEMO.NOPCAP.NET;DEMO;;HOST/app03.demo.nopcap.net;;;;AES256;;;;;;;
2026-09-03T14:47:36;APP03;incoming;8003;;;a.klein;DEMO;System;;NB-1249;;3;;;;;;;;
2026-09-03T14:46:17;DC01;domain;8004;;;svc_sql;DEMO;;APP03;WKS-0323;;;;;;;;;;
2026-09-03T14:45:51;DC01;kerberos;4769;;;d.fischer@DEMO.NOPCAP.NET;DEMO;;HOST/app03.demo.nopcap.net;;;;AES256;;;;;;;
2026-09-03T14:45:32;DC01;kerberos;4769;;;j.schulz@DEMO.NOPCAP.NET;DEMO;;cifs/fs01.demo.nopcap.net;;;;AES256;;;;;;;
2026-09-03T14:45:22;DC01;kerberos;4769;;;VDI-070$@DEMO.NOPCAP.NET;DEMO;;MSSQLSvc/sql01.demo.nopcap.net:1433;;;;AES256;;;;;;;
2026-09-03T14:43:39;DC01;kerberos;4769;;;j.schulz@DEMO.NOPCAP.NET;DEMO;;ldap/dc01.demo.nopcap.net;;;;AES256;;;;;;;
2026-09-03T14:43:30;DC02;kerberos;4769;;;d.fischer@DEMO.NOPCAP.NET;DEMO;;ldap/dc01.demo.nopcap.net;;;;AES256;;;;;;;
2026-09-03T14:41:30;WKS-0421;cgblock;4014;;Blocked;;DEMO;svchost.exe;;;;;;;;;;;;C:\Windows\System32\svchost.exe
2026-09-03T14:40:17;DC01;kerberos;4769;;;p.neumann@DEMO.NOPCAP.NET;DEMO;;HOST/app03.demo.nopcap.net;;;;AES256;;;;;;;
2026-09-03T14:39:28;DC01;auth;4624;NTLMv2;Direct;svc_monitor;DEMO;;;NB-1078;10.14.20.185;3;;;;;;;;
2026-09-03T14:39:07;DC01;kerberos;4769;;;VDI-087$@DEMO.NOPCAP.NET;DEMO;;ldap/dc02.demo.nopcap.net;;;;AES256;;;;;;;
2026-09-03T14:35:08;DC01;kerberos;4769;;;svc_monitor@DEMO.NOPCAP.NET;DEMO;;TERMSRV/vdi-broker.demo.nopcap.net;;;;AES256;;;;;;;
2026-09-03T14:32:09;DC02;kerberos;4769;;;svc_web@DEMO.NOPCAP.NET;DEMO;;MSSQLSvc/sql01.demo.nopcap.net:1433;;;;AES256;;;;;;;
2026-09-03T14:27:22;DC01;kerberos;4769;;;svc_sql@DEMO.NOPCAP.NET;DEMO;;cifs/fs01.demo.nopcap.net;;;;AES256;;;;;;;
2026-09-03T14:27:11;DC02;kerberos;4769;;;svc_web@DEMO.NOPCAP.NET;DEMO;;TERMSRV/vdi-broker.demo.nopcap.net;;;;RC4;;;;;;;
2026-09-03T14:23:18;DC02;kerberos;4769;;;s.wagner@DEMO.NOPCAP.NET;DEMO;;cifs/fs01.demo.nopcap.net;;;;AES256;;;;;;;
2026-09-03T14:22:57;DC01;kerberos;4769;;;m.becker@DEMO.NOPCAP.NET;DEMO;;TERMSRV/vdi-broker.demo.nopcap.net;;;;AES256;;;;;;;
2026-09-03T14:20:34;DC01;kerberos;4769;;;a.klein@DEMO.NOPCAP.NET;DEMO;;HOST/app03.demo.nopcap.net;;;;AES256;;;;;;;
2026-09-03T14:16:41;DC01;kerberos;4769;;;NB-1075$@DEMO.NOPCAP.NET;DEMO;;TERMSRV/vdi-broker.demo.nopcap.net;;;;AES256;;;;;;;
2026-09-03T14:14:28;DC01;kerberos;4769;;;d.fischer@DEMO.NOPCAP.NET;DEMO;;ldap/dc01.demo.nopcap.net;;;;AES256;;;;;;;
2026-09-03T14:10:47;DC01;auth;4624;NTLMv2;Direct;a.klein;DEMO;;;VDI-083;10.14.20.40;3;;;;;;;;
2026-09-03T14:10:22;DC02;kerberos;4769;;;svc_backup@DEMO.NOPCAP.NET;DEMO;;cifs/fs01.demo.nopcap.net;;;;AES256;;;;;;;
2026-09-03T14:01:05;DC02;kerberos;4769;;;s.wagner@DEMO.NOPCAP.NET;DEMO;;ldap/dc02.demo.nopcap.net;;;;AES256;;;;;;;
2026-09-03T13:59:15;DC01;kerberos;4769;;;j.schulz@DEMO.NOPCAP.NET;DEMO;;MSSQLSvc/sql01.demo.nopcap.net:1433;;;;AES256;;;;;;;
2026-09-03T13:58:01;FS01;outgoing;8001;;;svc_monitor;DEMO;lsass.exe;cifs/nas01;;;;;;;;;;;C:\Windows\System32\lsass.exe
2026-09-03T13:46:07;DC01;kerberos;4769;;;VDI-074$@DEMO.NOPCAP.NET;DEMO;;cifs/fs01.demo.nopcap.net;;;;AES256;;;;;;;
2026-09-03T13:43:55;DC01;kerberos;4769;;;m.becker@DEMO.NOPCAP.NET;DEMO;;TERMSRV/vdi-broker.demo.nopcap.net;;;;AES256;;;;;;;
2026-09-03T13:38:39;DC02;kerberos;4769;;;d.fischer@DEMO.NOPCAP.NET;DEMO;;ldap/dc01.demo.nopcap.net;;;;AES256;;;;;;;
2026-09-03T13:33:55;DC01;kerberos;4769;;;m.becker@DEMO.NOPCAP.NET;DEMO;;HOST/app03.demo.nopcap.net;;;;AES256;;;;;;;
2026-09-03T13:33:22;DC01;kerberos;4769;;;svc_sql@DEMO.NOPCAP.NET;DEMO;;ldap/dc01.demo.nopcap.net;;;;AES256;;;;;;;
2026-09-03T13:28:06;DC02;kerberos;4769;;;j.schulz@DEMO.NOPCAP.NET;DEMO;;HTTP/portal.demo.nopcap.net;;;;AES256;;;;;;;
2026-09-03T13:27:08;DC01;kerberos;4769;;;d.fischer@DEMO.NOPCAP.NET;DEMO;;HOST/app03.demo.nopcap.net;;;;AES256;;;;;;;
2026-09-03T13:25:43;DC01;kerberos;4769;;;VDI-038$@DEMO.NOPCAP.NET;DEMO;;ldap/dc02.demo.nopcap.net;;;;AES256;;;;;;;
2026-09-03T13:22:27;DC01;kerberos;4769;;;NB-1179$@DEMO.NOPCAP.NET;DEMO;;ldap/dc02.demo.nopcap.net;;;;AES256;;;;;;;
2026-09-03T13:20:43;DC02;auth;4624;NTLMv2;Direct;k.lorenz;DEMO;;;NB-1236;10.14.24.182;3;;;;;;;;
2026-09-03T13:19:02;DC02;kerberos;4769;;;svc_web@DEMO.NOPCAP.NET;DEMO;;MSSQLSvc/sql01.demo.nopcap.net:1433;;;;AES256;;;;;;;
2026-09-03T13:18:24;DC01;kerberos;4769;;;a.klein@DEMO.NOPCAP.NET;DEMO;;HOST/app03.demo.nopcap.net;;;;AES256;;;;;;;
2026-09-03T13:13:03;DC02;kerberos;4769;;;a.klein@DEMO.NOPCAP.NET;DEMO;;HOST/app03.demo.nopcap.net;;;;AES256;;;;;;;
2026-09-03T13:12:05;DC02;kerberos;4769;;;administrator@DEMO.NOPCAP.NET;DEMO;;MSSQLSvc/sql01.demo.nopcap.net:1433;;;;AES256;;;;;;;
2026-09-03T13:08:08;DC01;auth;4624;NTLMv2;Direct;m.becker;DEMO;;;NB-1185;10.14.20.217;3;;;;;;;;
2026-09-03T13:06:59;DC02;kerberos;4769;;;s.wagner@DEMO.NOPCAP.NET;DEMO;;ldap/dc02.demo.nopcap.net;;;;AES256;;;;;;;
2026-09-03T13:05:49;DC02;kerberos;4769;;;administrator@DEMO.NOPCAP.NET;DEMO;;ldap/dc02.demo.nopcap.net;;;;AES256;;;;;;;
2026-09-03T13:05:17;DC01;kerberos;4769;;;NB-1275$@DEMO.NOPCAP.NET;DEMO;;cifs/fs01.demo.nopcap.net;;;;AES256;;;;;;;
2026-09-03T13:02:25;DC02;kerberos;4769;;;s.wagner@DEMO.NOPCAP.NET;DEMO;;ldap/dc01.demo.nopcap.net;;;;AES256;;;;;;;
2026-09-03T13:01:33;APP03;outgoing;8001;;;p.neumann;DEMO;System;cifs/fs01.demo.nopcap.net;;;;;;;;;;;
2026-09-03T12:59:45;DC02;kerberos;4769;;;s.wagner@DEMO.NOPCAP.NET;DEMO;;ldap/dc01.demo.nopcap.net;;;;AES256;;;;;;;
2026-09-03T12:54:40;APP03;incoming;8003;;;j.schulz;DEMO;svchost.exe;;WKS-0702;;3;;;;;;;;
2026-09-03T12:54:34;DC01;kerberos;4769;;;t.hoffmann@DEMO.NOPCAP.NET;DEMO;;cifs/fs01.demo.nopcap.net;;;;AES256;;;;;;;
2026-09-03T12:52:19;DC02;kerberos;4769;;;m.becker@DEMO.NOPCAP.NET;DEMO;;ldap/dc01.demo.nopcap.net;;;;AES256;;;;;;;
2026-09-03T12:51:42;DC02;kerberos;4769;;;p.neumann@DEMO.NOPCAP.NET;DEMO;;ldap/dc02.demo.nopcap.net;;;;AES256;;;;;;;
2026-09-03T12:51:34;DC01;kerberos;4769;;;svc_sql@DEMO.NOPCAP.NET;DEMO;;HTTP/portal.demo.nopcap.net;;;;AES256;;;;;;;
2026-09-03T12:50:48;WKS-0421;outgoing;4020;NTLMv2;Direct;svc_backup;DEMO;svchost.exe;ldap/dc01.demo.nopcap.net;;;;;Application called NTLM directly;1;Unprotected;None;;;C:\Windows\System32\svchost.exe
2026-09-03T12:47:25;DC02;kerberos;4769;;;t.hoffmann@DEMO.NOPCAP.NET;DEMO;;cifs/fs01.demo.nopcap.net;;;;AES256;;;;;;;
2026-09-03T12:43:52;DC01;kerberos;4769;;;svc_backup@DEMO.NOPCAP.NET;DEMO;;cifs/fs01.demo.nopcap.net;;;;AES256;;;;;;;
2026-09-03T12:43:38;DC02;auth;4624;NTLMv2;Direct;administrator;DEMO;;;VDI-032;10.14.24.141;3;;;;;;;;
2026-09-03T12:41:09;DC01;kerberos;4769;;;VDI-048$@DEMO.NOPCAP.NET;DEMO;;cifs/fs01.demo.nopcap.net;;;;AES256;;;;;;;
2026-09-03T12:39:54;DC02;kerberos;4769;;;svc_backup@DEMO.NOPCAP.NET;DEMO;;cifs/fs01.demo.nopcap.net;;;;AES256;;;;;;;
2026-09-03T12:38:05;APP03;outgoing;8001;;;svc_web;DEMO;mmc.exe;cifs/10.14.22.31;;;;;;;;;;;C:\Windows\System32\mmc.exe
2026-09-03T12:35:31;FS01;outgoing;8001;;;k.lorenz;DEMO;powershell.exe;cifs/10.14.22.31;;;;;;;;;;;C:\Windows\System32\WindowsPowerShell\v1.0\powershell.exe
2026-09-03T12:33:58;DC02;auth;4624;NTLMv2;Direct;t.hoffmann;DEMO;;;NB-1107;10.14.22.215;3;;;;;;;;
2026-09-03T12:33:50;FS01;outgoing;8001;;;a.klein;DEMO;msedge.exe;HTTP/intranet;;;;;;;;;;;C:\Program Files (x86)\Microsoft\Edge\Application\msedge.exe
2026-09-03T12:31:44;DC02;kerberos;4769;;;svc_sql@DEMO.NOPCAP.NET;DEMO;;HOST/app03.demo.nopcap.net;;;;AES256;;;;;;;
2026-09-03T12:29:27;WKS-0421;outgoing;4020;NTLMv2;Direct;s.wagner;DEMO;lsass.exe;cifs/nas01;;;;;Target name could not be resolved by Kerberos;6;Unprotected;None;;;C:\Windows\System32\lsass.exe
2026-09-03T12:29:04;WKS-0421;outgoing;4001;;Blocked;svc_sql;DEMO;lsass.exe;cifs/nas01;;;;;;;;;;;C:\Windows\System32\lsass.exe
2026-09-03T12:27:49;DC02;kerberos;4769;;;m.becker@DEMO.NOPCAP.NET;DEMO;;ldap/dc02.demo.nopcap.net;;;;AES256;;;;;;;
2026-09-03T12:26:07;DC01;kerberos;4769;;;WKS-0498$@DEMO.NOPCAP.NET;DEMO;;TERMSRV/vdi-broker.demo.nopcap.net;;;;AES256;;;;;;;
2026-09-03T12:25:41;DC02;kerberos;4769;;;administrator@DEMO.NOPCAP.NET;DEMO;;ldap/dc02.demo.nopcap.net;;;;AES256;;;;;;;
2026-09-03T12:16:43;DC01;kerberos;4769;;;WKS-0557$@DEMO.NOPCAP.NET;DEMO;;HTTP/portal.demo.nopcap.net;;;;AES256;;;;;;;
2026-09-03T12:14:11;DC01;domain;8004;;;svc_sql;DEMO;;APP03;WKS-0743;;;;;;;;;;
2026-09-03T12:12:44;DC01;kerberos;4769;;;a.klein@DEMO.NOPCAP.NET;DEMO;;HTTP/portal.demo.nopcap.net;;;;AES256;;;;;;;
2026-09-03T12:08:04;DC02;kerberos;4769;;;svc_backup@DEMO.NOPCAP.NET;DEMO;;HTTP/portal.demo.nopcap.net;;;;AES256;;;;;;;
2026-09-03T12:01:07;DC01;kerberos;4769;;;VDI-080$@DEMO.NOPCAP.NET;DEMO;;TERMSRV/vdi-broker.demo.nopcap.net;;;;AES256;;;;;;;
2026-09-03T11:59:06;DC02;kerberos;4769;;;d.fischer@DEMO.NOPCAP.NET;DEMO;;ldap/dc01.demo.nopcap.net;;;;AES256;;;;;;;
2026-09-03T11:58:25;FS01;outgoing;8001;;;svc_monitor;DEMO;mmc.exe;cifs/10.14.22.31;;;;;;;;;;;C:\Windows\System32\mmc.exe
2026-09-03T11:57:07;DC02;kerberos;4769;;;p.neumann@DEMO.NOPCAP.NET;DEMO;;ldap/dc01.demo.nopcap.net;;;;AES256;;;;;;;
2026-09-03T11:55:20;WKS-0421;outgoing;4020;NTLMv2;Direct;administrator;DEMO;lsass.exe;cifs/nas01;;;;;Target name could not be resolved by Kerberos;6;Unprotected;None;;;C:\Windows\System32\lsass.exe
2026-09-03T11:54:33;DC02;kerberos;4769;;;s.wagner@DEMO.NOPCAP.NET;DEMO;;MSSQLSvc/sql01.demo.nopcap.net:1433;;;;AES256;;;;;;;
2026-09-03T11:54:26;WKS-0421;cgblock;4014;;Blocked;;DEMO;svchost.exe;;;;;;;;;;;;C:\Windows\System32\svchost.exe
2026-09-03T11:53:00;DC02;kerberos;4769;;;svc_backup@DEMO.NOPCAP.NET;DEMO;;ldap/dc01.demo.nopcap.net;;;;AES256;;;;;;;
2026-09-03T11:51:11;DC01;kerberos;4769;;;d.fischer@DEMO.NOPCAP.NET;DEMO;;cifs/fs01.demo.nopcap.net;;;;AES256;;;;;;;
2026-09-03T11:45:15;DC02;kerberos;4769;;;s.wagner@DEMO.NOPCAP.NET;DEMO;;cifs/fs01.demo.nopcap.net;;;;AES256;;;;;;;
2026-09-03T11:44:57;DC01;kerberos;4769;;;d.fischer@DEMO.NOPCAP.NET;DEMO;;ldap/dc02.demo.nopcap.net;;;;AES256;;;;;;;
2026-09-03T11:39:09;DC01;kerberos;4769;;;j.schulz@DEMO.NOPCAP.NET;DEMO;;MSSQLSvc/sql01.demo.nopcap.net:1433;;;;AES256;;;;;;;
2026-09-03T11:37:16;DC01;kerberos;4769;;;p.neumann@DEMO.NOPCAP.NET;DEMO;;HTTP/portal.demo.nopcap.net;;;;AES256;;;;;;;
2026-09-03T11:34:28;FS01;incoming;8003;;;a.klein;DEMO;svchost.exe;;VDI-072;;3;;;;;;;;
2026-09-03T11:31:24;DC01;kerberos;4769;;;administrator@DEMO.NOPCAP.NET;DEMO;;TERMSRV/vdi-broker.demo.nopcap.net;;;;AES256;;;;;;;
2026-09-03T11:22:22;DC02;auth;4624;NTLMv2;Direct;administrator;DEMO;;;VDI-043;10.14.24.179;3;;;;;;;;
2026-09-03T11:16:40;DC02;kerberos;4769;;;p.neumann@DEMO.NOPCAP.NET;DEMO;;cifs/fs01.demo.nopcap.net;;;;AES256;;;;;;;
2026-09-03T11:13:10;DC01;kerberos;4769;;;svc_sql@DEMO.NOPCAP.NET;DEMO;;HTTP/portal.demo.nopcap.net;;;;AES256;;;;;;;
2026-09-03T11:13:07;DC01;kerberos;4769;;;k.lorenz@DEMO.NOPCAP.NET;DEMO;;ldap/dc01.demo.nopcap.net;;;;AES256;;;;;;;
2026-09-03T11:13:06;DC01;kerberos;4769;;;VDI-038$@DEMO.NOPCAP.NET;DEMO;;TERMSRV/vdi-broker.demo.nopcap.net;;;;AES256;;;;;;;
2026-09-03T11:10:19;DC01;kerberos;4769;;;t.hoffmann@DEMO.NOPCAP.NET;DEMO;;ldap/dc02.demo.nopcap.net;;;;AES256;;;;;;;
2026-09-03T11:09:55;DC01;kerberos;4769;;;VDI-051$@DEMO.NOPCAP.NET;DEMO;;TERMSRV/vdi-broker.demo.nopcap.net;;;;AES256;;;;;;;
2026-09-03T11:09:18;DC02;kerberos;4769;;;svc_web@DEMO.NOPCAP.NET;DEMO;;HTTP/portal.demo.nopcap.net;;;;AES256;;;;;;;
2026-09-03T11:08:58;DC01;kerberos;4769;;;WKS-0287$@DEMO.NOPCAP.NET;DEMO;;MSSQLSvc/sql01.demo.nopcap.net:1433;;;;AES256;;;;;;;
2026-09-03T11:07:36;APP03;outgoing;8001;;;a.klein;DEMO;lsass.exe;cifs/nas01;;;;;;;;;;;C:\Windows\System32\lsass.exe
2026-09-03T11:05:05;DC01;kerberos;4769;;;svc_backup@DEMO.NOPCAP.NET;DEMO;;MSSQLSvc/sql01.demo.nopcap.net:1433;;;;AES256;;;;;;;
2026-09-03T11:04:13;DC02;kerberos;4769;;;j.schulz@DEMO.NOPCAP.NET;DEMO;;TERMSRV/vdi-broker.demo.nopcap.net;;;;AES256;;;;;;;
2026-09-03T11:03:33;DC01;kerberos;4769;;;WKS-0799$@DEMO.NOPCAP.NET;DEMO;;TERMSRV/vdi-broker.demo.nopcap.net;;;;AES256;;;;;;;
2026-09-03T11:02:20;APP03;outgoing;8001;;;svc_sql;DEMO;System;cifs/fs01.demo.nopcap.net;;;;;;;;;;;
2026-09-03T11:01:44;DC02;kerberos;4769;;;a.klein@DEMO.NOPCAP.NET;DEMO;;ldap/dc01.demo.nopcap.net;;;;AES256;;;;;;;
2026-09-03T10:53:53;DC01;kerberos;4769;;;a.klein@DEMO.NOPCAP.NET;DEMO;;ldap/dc01.demo.nopcap.net;;;;AES256;;;;;;;
2026-09-03T10:47:55;WKS-0421;outgoing;4001;;Blocked;a.klein;DEMO;EXCEL.EXE;cifs/fs01.demo.nopcap.net;;;;;;;;;;;C:\Program Files\Microsoft Office\root\Office16\EXCEL.EXE
2026-09-03T10:46:02;FS01;outgoing;8001;;;d.fischer;DEMO;WINWORD.EXE;cifs/fs01.demo.nopcap.net;;;;;;;;;;;C:\Program Files\Microsoft Office\root\Office16\WINWORD.EXE
2026-09-03T10:44:30;DC01;kerberos;4769;;;NB-1200$@DEMO.NOPCAP.NET;DEMO;;ldap/dc02.demo.nopcap.net;;;;AES256;;;;;;;
2026-09-03T10:41:01;DC01;auth;4624;NTLMv2;Direct;t.hoffmann;DEMO;;;NB-1149;10.14.24.73;3;;;;;;;;
2026-09-03T10:39:47;DC01;kerberos;4769;;;VDI-074$@DEMO.NOPCAP.NET;DEMO;;ldap/dc01.demo.nopcap.net;;;;AES256;;;;;;;
2026-09-03T10:39:42;DC02;kerberos;4769;;;t.hoffmann@DEMO.NOPCAP.NET;DEMO;;HTTP/portal.demo.nopcap.net;;;;AES256;;;;;;;
2026-09-03T10:39:18;DC01;kerberos;4769;;;svc_backup@DEMO.NOPCAP.NET;DEMO;;cifs/fs01.demo.nopcap.net;;;;AES256;;;;;;;
2026-09-03T10:38:46;DC02;kerberos;4769;;;administrator@DEMO.NOPCAP.NET;DEMO;;cifs/fs01.demo.nopcap.net;;;;AES256;;;;;;;
2026-09-03T10:37:59;DC01;kerberos;4769;;;WKS-0833$@DEMO.NOPCAP.NET;DEMO;;HOST/app03.demo.nopcap.net;;;;AES256;;;;;;;
2026-09-03T10:35:44;DC02;auth;4624;NTLMv2;Fallback;svc_sql;DEMO;;;WKS-0834;10.14.21.34;3;;;;;;;;
2026-09-03T10:26:55;DC01;kerberos;4769;;;VDI-038$@DEMO.NOPCAP.NET;DEMO;;cifs/fs01.demo.nopcap.net;;;;AES256;;;;;;;
2026-09-03T10:22:29;APP03;outgoing;8001;;;svc_sql;DEMO;System;cifs/fs01.demo.nopcap.net;;;;;;;;;;;
2026-09-03T10:20:02;DC02;kerberos;4769;;;svc_monitor@DEMO.NOPCAP.NET;DEMO;;HOST/app03.demo.nopcap.net;;;;AES256;;;;;;;
2026-09-03T10:17:16;DC01;kerberos;4769;;;WKS-0446$@DEMO.NOPCAP.NET;DEMO;;TERMSRV/vdi-broker.demo.nopcap.net;;;;AES256;;;;;;;
2026-09-03T10:16:34;DC01;kerberos;4769;;;m.becker@DEMO.NOPCAP.NET;DEMO;;ldap/dc01.demo.nopcap.net;;;;AES256;;;;;;;
2026-09-03T10:11:53;DC01;kerberos;4769;;;a.klein@DEMO.NOPCAP.NET;DEMO;;HTTP/portal.demo.nopcap.net;;;;AES256;;;;;;;
2026-09-03T10:10:32;WKS-0421;outgoing;4020;NTLMv2;Direct;t.hoffmann;DEMO;explorer.exe;cifs/fs01.demo.nopcap.net;;;;;Application called NTLM directly;1;Unprotected;None;;;C:\Windows\explorer.exe
2026-09-03T10:08:28;DC01;kerberos;4769;;;WKS-0763$@DEMO.NOPCAP.NET;DEMO;;ldap/dc02.demo.nopcap.net;;;;AES256;;;;;;;
2026-09-03T10:04:00;DC02;kerberos;4769;;;svc_sql@DEMO.NOPCAP.NET;DEMO;;TERMSRV/vdi-broker.demo.nopcap.net;;;;AES256;;;;;;;
2026-09-03T09:59:44;DC01;kerberos;4769;;;j.schulz@DEMO.NOPCAP.NET;DEMO;;HOST/app03.demo.nopcap.net;;;;AES256;;;;;;;
2026-09-03T09:57:04;DC01;kerberos;4769;;;NB-1343$@DEMO.NOPCAP.NET;DEMO;;MSSQLSvc/sql01.demo.nopcap.net:1433;;;;AES256;;;;;;;
2026-09-03T09:56:45;DC02;kerberos;4769;;;svc_sql@DEMO.NOPCAP.NET;DEMO;;ldap/dc01.demo.nopcap.net;;;;AES256;;;;;;;
2026-09-03T09:56:25;DC01;kerberos;4769;;;VDI-061$@DEMO.NOPCAP.NET;DEMO;;ldap/dc01.demo.nopcap.net;;;;AES256;;;;;;;
2026-09-03T09:54:31;DC02;kerberos;4769;;;d.fischer@DEMO.NOPCAP.NET;DEMO;;HOST/app03.demo.nopcap.net;;;;AES256;;;;;;;
2026-09-03T09:52:03;DC01;kerberos;4769;;;NB-1124$@DEMO.NOPCAP.NET;DEMO;;cifs/fs01.demo.nopcap.net;;;;AES256;;;;;;;
2026-09-03T09:51:51;DC01;kerberos;4769;;;NB-1390$@DEMO.NOPCAP.NET;DEMO;;HOST/app03.demo.nopcap.net;;;;AES256;;;;;;;
2026-09-03T09:51:18;DC01;kerberos;4769;;;NB-1367$@DEMO.NOPCAP.NET;DEMO;;MSSQLSvc/sql01.demo.nopcap.net:1433;;;;AES256;;;;;;;
2026-09-03T09:48:44;DC01;kerberos;4769;;;j.schulz@DEMO.NOPCAP.NET;DEMO;;MSSQLSvc/sql01.demo.nopcap.net:1433;;;;AES256;;;;;;;
2026-09-03T09:48:21;APP03;incoming;8003;;;administrator;DEMO;System;;WKS-0741;;3;;;;;;;;
2026-09-03T09:47:18;DC01;kerberos;4769;;;NB-1357$@DEMO.NOPCAP.NET;DEMO;;ldap/dc02.demo.nopcap.net;;;;AES256;;;;;;;
2026-09-03T09:47:02;DC02;kerberos;4769;;;administrator@DEMO.NOPCAP.NET;DEMO;;MSSQLSvc/sql01.demo.nopcap.net:1433;;;;AES256;;;;;;;
2026-09-03T09:45:01;DC02;kerberos;4769;;;m.becker@DEMO.NOPCAP.NET;DEMO;;HOST/app03.demo.nopcap.net;;;;AES256;;;;;;;
2026-09-03T09:42:31;FS01;outgoing;8001;;;svc_monitor;DEMO;lsass.exe;cifs/nas01;;;;;;;;;;;C:\Windows\System32\lsass.exe
2026-09-03T09:42:20;DC01;kerberos;4769;;;svc_sql@DEMO.NOPCAP.NET;DEMO;;HOST/app03.demo.nopcap.net;;;;AES256;;;;;;;
2026-09-03T09:41:12;DC02;domain;8004;;;s.wagner;DEMO;;ERP-TEST;NB-1175;;;;;;;;;;
2026-09-03T09:40:19;DC01;kerberos;4769;;;svc_monitor@DEMO.NOPCAP.NET;DEMO;;ldap/dc02.demo.nopcap.net;;;;AES256;;;;;;;
2026-09-03T09:38:19;DC01;kerberos;4769;;;svc_backup@DEMO.NOPCAP.NET;DEMO;;ldap/dc02.demo.nopcap.net;;;;AES256;;;;;;;
2026-09-03T09:37:09;DC01;kerberos;4769;;;WKS-0293$@DEMO.NOPCAP.NET;DEMO;;cifs/fs01.demo.nopcap.net;;;;AES256;;;;;;;
2026-09-03T09:35:13;DC01;kerberos;4769;;;t.hoffmann@DEMO.NOPCAP.NET;DEMO;;ldap/dc01.demo.nopcap.net;;;;AES256;;;;;;;
2026-09-03T09:32:30;APP03;outgoing;8001;;;svc_sql;DEMO;lsass.exe;cifs/nas01;;;;;;;;;;;C:\Windows\System32\lsass.exe
2026-09-03T09:28:10;DC01;domain;8004;;;administrator;DEMO;;ERP-TEST;WKS-0274;;;;;;;;;;
2026-09-03T09:24:33;DC01;kerberos;4769;;;administrator@DEMO.NOPCAP.NET;DEMO;;cifs/fs01.demo.nopcap.net;;;;AES256;;;;;;;
2026-09-03T09:22:43;DC01;kerberos;4769;;;m.becker@DEMO.NOPCAP.NET;DEMO;;MSSQLSvc/sql01.demo.nopcap.net:1433;;;;AES256;;;;;;;
2026-09-03T09:19:34;APP03;outgoing;8001;;;svc_backup;DEMO;explorer.exe;cifs/fs01.demo.nopcap.net;;;;;;;;;;;C:\Windows\explorer.exe
2026-09-03T09:17:54;DC01;kerberos;4769;;;NB-1348$@DEMO.NOPCAP.NET;DEMO;;MSSQLSvc/sql01.demo.nopcap.net:1433;;;;AES256;;;;;;;
2026-09-03T09:17:02;DC01;kerberos;4769;;;VDI-088$@DEMO.NOPCAP.NET;DEMO;;cifs/fs01.demo.nopcap.net;;;;AES256;;;;;;;
2026-09-03T09:16:32;DC01;kerberos;4769;;;NB-1035$@DEMO.NOPCAP.NET;DEMO;;HTTP/portal.demo.nopcap.net;;;;AES256;;;;;;;
2026-09-03T09:11:00;DC02;kerberos;4769;;;d.fischer@DEMO.NOPCAP.NET;DEMO;;cifs/fs01.demo.nopcap.net;;;;AES256;;;;;;;
2026-09-03T09:09:37;DC01;kerberos;4769;;;svc_monitor@DEMO.NOPCAP.NET;DEMO;;MSSQLSvc/sql01.demo.nopcap.net:1433;;;;AES256;;;;;;;
2026-09-03T09:09:02;WKS-0421;outgoing;4020;NTLMv2;Direct;a.klein;DEMO;spoolsv.exe;cifs/printsrv01;;;;;Target name could not be resolved by Kerberos;6;Unprotected;None;;;C:\Windows\System32\spoolsv.exe
2026-09-03T09:07:14;DC02;kerberos;4769;;;svc_backup@DEMO.NOPCAP.NET;DEMO;;HOST/app03.demo.nopcap.net;;;;AES256;;;;;;;
2026-09-03T09:05:38;DC01;kerberos;4769;;;VDI-052$@DEMO.NOPCAP.NET;DEMO;;MSSQLSvc/sql01.demo.nopcap.net:1433;;;;AES256;;;;;;;
2026-09-03T09:04:16;DC02;kerberos;4769;;;t.hoffmann@DEMO.NOPCAP.NET;DEMO;;HTTP/portal.demo.nopcap.net;;;;AES256;;;;;;;
2026-09-03T09:01:28;DC02;kerberos;4769;;;m.becker@DEMO.NOPCAP.NET;DEMO;;TERMSRV/vdi-broker.demo.nopcap.net;;;;AES256;;;;;;;
2026-09-03T09:01:03;WKS-0421;outgoing;4020;NTLMv2;Direct;administrator;DEMO;lsass.exe;cifs/nas01;;;;;Target name could not be resolved by Kerberos;6;Unprotected;None;;;C:\Windows\System32\lsass.exe
2026-09-03T09:00:35;DC02;kerberos;4769;;;svc_sql@DEMO.NOPCAP.NET;DEMO;;HTTP/portal.demo.nopcap.net;;;;AES256;;;;;;;
2026-09-03T09:00:07;DC01;kerberos;4769;;;NB-1352$@DEMO.NOPCAP.NET;DEMO;;ldap/dc02.demo.nopcap.net;;;;AES256;;;;;;;
2026-09-03T08:58:56;DC01;kerberos;4769;;;a.klein@DEMO.NOPCAP.NET;DEMO;;MSSQLSvc/sql01.demo.nopcap.net:1433;;;;AES256;;;;;;;
2026-09-03T08:50:05;DC01;kerberos;4769;;;k.lorenz@DEMO.NOPCAP.NET;DEMO;;ldap/dc02.demo.nopcap.net;;;;AES256;;;;;;;
2026-09-03T08:49:59;DC01;kerberos;4769;;;svc_web@DEMO.NOPCAP.NET;DEMO;;cifs/fs01.demo.nopcap.net;;;;AES256;;;;;;;
2026-09-03T08:44:56;DC01;kerberos;4769;;;NB-1023$@DEMO.NOPCAP.NET;DEMO;;cifs/fs01.demo.nopcap.net;;;;AES256;;;;;;;
2026-09-03T08:41:08;DC01;kerberos;4769;;;svc_monitor@DEMO.NOPCAP.NET;DEMO;;HTTP/portal.demo.nopcap.net;;;;AES256;;;;;;;
2026-09-03T08:31:25;DC01;kerberos;4769;;;s.wagner@DEMO.NOPCAP.NET;DEMO;;ldap/dc01.demo.nopcap.net;;;;AES256;;;;;;;
2026-09-03T08:30:33;DC01;kerberos;4769;;;m.becker@DEMO.NOPCAP.NET;DEMO;;TERMSRV/vdi-broker.demo.nopcap.net;;;;AES256;;;;;;;
2026-09-03T08:26:14;DC01;kerberos;4769;;;k.lorenz@DEMO.NOPCAP.NET;DEMO;;TERMSRV/vdi-broker.demo.nopcap.net;;;;AES256;;;;;;;
2026-09-03T08:25:54;DC01;kerberos;4769;;;svc_monitor@DEMO.NOPCAP.NET;DEMO;;HTTP/portal.demo.nopcap.net;;;;AES256;;;;;;;
2026-09-03T08:25:06;DC01;kerberos;4769;;;VDI-066$@DEMO.NOPCAP.NET;DEMO;;MSSQLSvc/sql01.demo.nopcap.net:1433;;;;AES256;;;;;;;
2026-09-03T08:15:06;WKS-0421;outgoing;4020;NTLMv2;Direct;m.becker;DEMO;WINWORD.EXE;cifs/fs01.demo.nopcap.net;;;;;Application called NTLM directly;1;Unprotected;None;;;C:\Program Files\Microsoft Office\root\Office16\WINWORD.EXE
2026-09-03T08:13:19;FS01;outgoing;8001;;;d.fischer;DEMO;lsass.exe;cifs/nas01;;;;;;;;;;;C:\Windows\System32\lsass.exe
2026-09-03T08:10:35;FS01;outgoing;8001;;;administrator;DEMO;lsass.exe;cifs/nas01;;;;;;;;;;;C:\Windows\System32\lsass.exe
2026-09-03T08:04:14;FS01;outgoing;8001;;;svc_monitor;DEMO;explorer.exe;cifs/fs01.demo.nopcap.net;;;;;;;;;;;C:\Windows\explorer.exe
2026-09-02T17:56:44;DC02;kerberos;4769;;;m.becker@DEMO.NOPCAP.NET;DEMO;;HOST/app03.demo.nopcap.net;;;;AES256;;;;;;;
2026-09-02T17:50:48;FS01;outgoing;8001;;;a.klein;DEMO;WINWORD.EXE;cifs/fs01.demo.nopcap.net;;;;;;;;;;;C:\Program Files\Microsoft Office\root\Office16\WINWORD.EXE
2026-09-02T17:49:06;DC01;ntlmv1sso;4024;NTLMv1;;svc_scan;DEMO;;cifs/fs01.demo.nopcap.net;;;;;;;;;;;
2026-09-02T17:45:28;DC01;kerberos;4769;;;NB-1235$@DEMO.NOPCAP.NET;DEMO;;cifs/fs01.demo.nopcap.net;;;;AES256;;;;;;;
2026-09-02T17:42:52;FS01;outgoing;8001;;;a.klein;DEMO;spoolsv.exe;cifs/printsrv01;;;;;;;;;;;C:\Windows\System32\spoolsv.exe
2026-09-02T17:39:08;APP03;outgoing;8001;;;svc_sql;DEMO;robocopy.exe;cifs/archive01;;;;;;;;;;;C:\Windows\System32\robocopy.exe
2026-09-02T17:34:28;DC02;kerberos;4769;;;p.neumann@DEMO.NOPCAP.NET;DEMO;;HOST/app03.demo.nopcap.net;;;;AES256;;;;;;;
2026-09-02T17:29:02;DC02;kerberos;4769;;;p.neumann@DEMO.NOPCAP.NET;DEMO;;ldap/dc02.demo.nopcap.net;;;;AES256;;;;;;;
2026-09-02T17:28:58;DC01;auth;4624;NTLMv2;Fallback;s.wagner;DEMO;;;WKS-0559;10.14.25.9;3;;;;;;;;
2026-09-02T17:13:49;DC02;kerberos;4769;;;j.schulz@DEMO.NOPCAP.NET;DEMO;;HTTP/portal.demo.nopcap.net;;;;AES256;;;;;;;
2026-09-02T17:04:36;DC02;kerberos;4769;;;svc_backup@DEMO.NOPCAP.NET;DEMO;;MSSQLSvc/sql01.demo.nopcap.net:1433;;;;AES256;;;;;;;
2026-09-02T17:03:19;DC02;kerberos;4769;;;k.lorenz@DEMO.NOPCAP.NET;DEMO;;ldap/dc02.demo.nopcap.net;;;;AES256;;;;;;;
2026-09-02T17:03:18;FS01;outgoing;8001;;;svc_web;DEMO;java.exe;HTTP/erp-test;;;;;;;;;;;C:\Program Files\Eclipse Adoptium\jdk-17\bin\java.exe
2026-09-02T16:56:19;DC01;kerberos;4769;;;NB-1068$@DEMO.NOPCAP.NET;DEMO;;MSSQLSvc/sql01.demo.nopcap.net:1433;;;;AES256;;;;;;;
2026-09-02T16:52:07;DC01;kerberos;4769;;;p.neumann@DEMO.NOPCAP.NET;DEMO;;ldap/dc01.demo.nopcap.net;;;;AES256;;;;;;;
2026-09-02T16:49:32;FS01;outgoing;8001;;;p.neumann;DEMO;svchost.exe;ldap/dc01.demo.nopcap.net;;;;;;;;;;;C:\Windows\System32\svchost.exe
2026-09-02T16:49:05;DC02;kerberos;4769;;;t.hoffmann@DEMO.NOPCAP.NET;DEMO;;ldap/dc01.demo.nopcap.net;;;;AES256;;;;;;;
2026-09-02T16:48:24;DC01;kerberos;4769;;;NB-1309$@DEMO.NOPCAP.NET;DEMO;;TERMSRV/vdi-broker.demo.nopcap.net;;;;AES256;;;;;;;
2026-09-02T16:46:57;DC02;kerberos;4769;;;s.wagner@DEMO.NOPCAP.NET;DEMO;;ldap/dc02.demo.nopcap.net;;;;AES256;;;;;;;
2026-09-02T16:45:06;DC01;kerberos;4769;;;p.neumann@DEMO.NOPCAP.NET;DEMO;;HTTP/portal.demo.nopcap.net;;;;AES256;;;;;;;
2026-09-02T16:44:19;DC01;auth;4624;NTLMv2;Direct;k.lorenz;DEMO;;;VDI-016;10.14.22.172;3;;;;;;;;
2026-09-02T16:43:42;DC01;kerberos;4769;;;VDI-073$@DEMO.NOPCAP.NET;DEMO;;ldap/dc02.demo.nopcap.net;;;;AES256;;;;;;;
2026-09-02T16:43:22;DC02;kerberos;4769;;;svc_sql@DEMO.NOPCAP.NET;DEMO;;HTTP/portal.demo.nopcap.net;;;;AES256;;;;;;;
2026-09-02T16:42:13;DC02;kerberos;4769;;;svc_sql@DEMO.NOPCAP.NET;DEMO;;ldap/dc02.demo.nopcap.net;;;;AES256;;;;;;;
2026-09-02T16:37:40;DC02;kerberos;4769;;;m.becker@DEMO.NOPCAP.NET;DEMO;;cifs/fs01.demo.nopcap.net;;;;AES256;;;;;;;
2026-09-02T16:35:42;DC02;kerberos;4769;;;a.klein@DEMO.NOPCAP.NET;DEMO;;TERMSRV/vdi-broker.demo.nopcap.net;;;;AES256;;;;;;;
2026-09-02T16:28:09;DC02;kerberos;4769;;;p.neumann@DEMO.NOPCAP.NET;DEMO;;ldap/dc01.demo.nopcap.net;;;;AES256;;;;;;;
2026-09-02T16:24:52;DC01;kerberos;4769;;;WKS-0618$@DEMO.NOPCAP.NET;DEMO;;TERMSRV/vdi-broker.demo.nopcap.net;;;;AES256;;;;;;;
2026-09-02T16:23:31;DC02;kerberos;4769;;;t.hoffmann@DEMO.NOPCAP.NET;DEMO;;cifs/fs01.demo.nopcap.net;;;;AES256;;;;;;;
2026-09-02T16:22:43;DC01;kerberos;4769;;;svc_backup@DEMO.NOPCAP.NET;DEMO;;ldap/dc02.demo.nopcap.net;;;;AES256;;;;;;;
2026-09-02T16:18:56;DC01;kerberos;4769;;;WKS-0498$@DEMO.NOPCAP.NET;DEMO;;TERMSRV/vdi-broker.demo.nopcap.net;;;;AES256;;;;;;;
2026-09-02T16:18:42;DC01;kerberos;4769;;;VDI-054$@DEMO.NOPCAP.NET;DEMO;;HOST/app03.demo.nopcap.net;;;;AES256;;;;;;;
2026-09-02T16:11:07;DC02;kerberos;4769;;;k.lorenz@DEMO.NOPCAP.NET;DEMO;;MSSQLSvc/sql01.demo.nopcap.net:1433;;;;AES256;;;;;;;
2026-09-02T16:07:03;DC01;auth;4624;NTLMv1;Direct;svc_scan;DEMO;;;MFP-EG-02;10.14.30.45;3;;;;;;;;
2026-09-02T16:03:47;DC01;kerberos;4769;;;a.klein@DEMO.NOPCAP.NET;DEMO;;HOST/app03.demo.nopcap.net;;;;AES256;;;;;;;
2026-09-02T15:57:22;DC01;kerberos;4769;;;NB-1312$@DEMO.NOPCAP.NET;DEMO;;TERMSRV/vdi-broker.demo.nopcap.net;;;;AES256;;;;;;;
2026-09-02T15:56:38;DC01;kerberos;4769;;;s.wagner@DEMO.NOPCAP.NET;DEMO;;cifs/fs01.demo.nopcap.net;;;;AES256;;;;;;;
2026-09-02T15:56:05;DC01;kerberos;4769;;;administrator@DEMO.NOPCAP.NET;DEMO;;TERMSRV/vdi-broker.demo.nopcap.net;;;;AES256;;;;;;;
2026-09-02T15:55:11;DC01;kerberos;4769;;;svc_monitor@DEMO.NOPCAP.NET;DEMO;;cifs/fs01.demo.nopcap.net;;;;AES256;;;;;;;
2026-09-02T15:55:11;APP03;outgoing;8001;;;svc_backup;DEMO;lsass.exe;cifs/nas01;;;;;;;;;;;C:\Windows\System32\lsass.exe
2026-09-02T15:53:59;APP03;outgoing;8001;;;s.wagner;DEMO;System;cifs/fs01.demo.nopcap.net;;;;;;;;;;;
2026-09-02T15:50:45;DC01;kerberos;4769;;;m.becker@DEMO.NOPCAP.NET;DEMO;;HOST/app03.demo.nopcap.net;;;;AES256;;;;;;;
2026-09-02T15:49:46;DC01;kerberos;4769;;;NB-1266$@DEMO.NOPCAP.NET;DEMO;;cifs/fs01.demo.nopcap.net;;;;AES256;;;;;;;
2026-09-02T15:48:43;FS01;incoming;8003;;;t.hoffmann;DEMO;w3wp.exe;;WKS-0869;;3;;;;;;;;
2026-09-02T15:48:02;FS01;outgoing;8001;;;svc_monitor;DEMO;System;cifs/fs01.demo.nopcap.net;;;;;;;;;;;
2026-09-02T15:44:20;DC01;kerberos;4769;;;svc_monitor@DEMO.NOPCAP.NET;DEMO;;ldap/dc01.demo.nopcap.net;;;;AES256;;;;;;;
2026-09-02T15:42:13;DC01;kerberos;4769;;;WKS-0442$@DEMO.NOPCAP.NET;DEMO;;MSSQLSvc/sql01.demo.nopcap.net:1433;;;;AES256;;;;;;;
2026-09-02T15:41:38;DC02;kerberos;4769;;;a.klein@DEMO.NOPCAP.NET;DEMO;;HTTP/portal.demo.nopcap.net;;;;AES256;;;;;;;
2026-09-02T15:39:38;DC02;domain;8004;;;a.klein;DEMO;;ERP-TEST;NB-1257;;;;;;;;;;
2026-09-02T15:39:34;DC01;kerberos;4769;;;VDI-017$@DEMO.NOPCAP.NET;DEMO;;HOST/app03.demo.nopcap.net;;;;AES256;;;;;;;
2026-09-02T15:32:32;DC02;kerberos;4769;;;svc_sql@DEMO.NOPCAP.NET;DEMO;;cifs/fs01.demo.nopcap.net;;;;AES256;;;;;;;
2026-09-02T15:32:27;DC01;kerberos;4769;;;d.fischer@DEMO.NOPCAP.NET;DEMO;;HOST/app03.demo.nopcap.net;;;;AES256;;;;;;;
2026-09-02T15:29:40;DC01;incoming;8002;;;FS01$;DEMO;System;;;;;;;;;;;;
2026-09-02T15:28:28;APP03;outgoing;8001;;;k.lorenz;DEMO;lsass.exe;cifs/nas01;;;;;;;;;;;C:\Windows\System32\lsass.exe
2026-09-02T15:25:11;DC01;kerberos;4769;;;j.schulz@DEMO.NOPCAP.NET;DEMO;;ldap/dc01.demo.nopcap.net;;;;AES256;;;;;;;
2026-09-02T15:22:57;WKS-0421;outgoing;4001;;Blocked;d.fischer;DEMO;lsass.exe;cifs/nas01;;;;;;;;;;;C:\Windows\System32\lsass.exe
2026-09-02T15:17:39;DC02;kerberos;4769;;;m.becker@DEMO.NOPCAP.NET;DEMO;;ldap/dc01.demo.nopcap.net;;;;AES256;;;;;;;
2026-09-02T15:14:26;DC01;kerberos;4769;;;NB-1298$@DEMO.NOPCAP.NET;DEMO;;TERMSRV/vdi-broker.demo.nopcap.net;;;;AES256;;;;;;;
2026-09-02T15:03:22;FS01;outgoing;8001;;;svc_web;DEMO;mmc.exe;cifs/10.14.22.31;;;;;;;;;;;C:\Windows\System32\mmc.exe
2026-09-02T15:02:50;WKS-0421;outgoing;4020;NTLMv2;Direct;svc_web;DEMO;explorer.exe;cifs/fs01.demo.nopcap.net;;;;;Application called NTLM directly;1;Unprotected;None;;;C:\Windows\explorer.exe
2026-09-02T15:02:35;DC02;kerberos;4769;;;svc_web@DEMO.NOPCAP.NET;DEMO;;ldap/dc01.demo.nopcap.net;;;;RC4;;;;;;;
2026-09-02T15:01:15;DC01;kerberos;4769;;;svc_monitor@DEMO.NOPCAP.NET;DEMO;;MSSQLSvc/sql01.demo.nopcap.net:1433;;;;AES256;;;;;;;
2026-09-02T15:00:46;DC01;incoming;8003;;;d.fischer;DEMO;System;;NB-1274;;3;;;;;;;;
2026-09-02T15:00:14;APP03;outgoing;8001;;;administrator;DEMO;mmc.exe;cifs/10.14.22.31;;;;;;;;;;;C:\Windows\System32\mmc.exe
2026-09-02T14:59:45;DC02;kerberos;4769;;;s.wagner@DEMO.NOPCAP.NET;DEMO;;HOST/app03.demo.nopcap.net;;;;AES256;;;;;;;
2026-09-02T14:59:29;DC01;kerberos;4769;;;NB-1375$@DEMO.NOPCAP.NET;DEMO;;HOST/app03.demo.nopcap.net;;;;AES256;;;;;;;
2026-09-02T14:55:52;DC02;auth;4624;NTLMv2;Direct;svc_web;DEMO;;;NB-1164;10.14.25.184;3;;;;;;;;
2026-09-02T14:55:37;DC01;kerberos;4769;;;VDI-083$@DEMO.NOPCAP.NET;DEMO;;HOST/app03.demo.nopcap.net;;;;AES256;;;;;;;
2026-09-02T14:55:18;DC01;kerberos;4769;;;NB-1083$@DEMO.NOPCAP.NET;DEMO;;ldap/dc01.demo.nopcap.net;;;;AES256;;;;;;;
2026-09-02T14:53:53;DC01;kerberos;4769;;;m.becker@DEMO.NOPCAP.NET;DEMO;;ldap/dc02.demo.nopcap.net;;;;AES256;;;;;;;
2026-09-02T14:37:00;DC02;auth;4624;NTLMv2;Direct;svc_backup;DEMO;;;WKS-0147;10.14.21.114;3;;;;;;;;
2026-09-02T14:35:33;WKS-0421;outgoing;4001;;Blocked;k.lorenz;DEMO;spoolsv.exe;cifs/printsrv01;;;;;;;;;;;C:\Windows\System32\spoolsv.exe
2026-09-02T14:32:26;DC01;kerberos;4769;;;VDI-012$@DEMO.NOPCAP.NET;DEMO;;MSSQLSvc/sql01.demo.nopcap.net:1433;;;;AES256;;;;;;;
2026-09-02T14:30:35;DC01;kerberos;4769;;;NB-1315$@DEMO.NOPCAP.NET;DEMO;;TERMSRV/vdi-broker.demo.nopcap.net;;;;AES256;;;;;;;
2026-09-02T14:28:44;DC02;kerberos;4769;;;a.klein@DEMO.NOPCAP.NET;DEMO;;HTTP/portal.demo.nopcap.net;;;;AES256;;;;;;;
2026-09-02T14:24:24;DC02;kerberos;4769;;;svc_monitor@DEMO.NOPCAP.NET;DEMO;;ldap/dc01.demo.nopcap.net;;;;AES256;;;;;;;
2026-09-02T14:21:25;DC01;kerberos;4769;;;j.schulz@DEMO.NOPCAP.NET;DEMO;;ldap/dc02.demo.nopcap.net;;;;AES256;;;;;;;
2026-09-02T14:20:06;DC01;kerberos;4769;;;t.hoffmann@DEMO.NOPCAP.NET;DEMO;;HOST/app03.demo.nopcap.net;;;;AES256;;;;;;;
2026-09-02T14:19:25;DC01;kerberos;4769;;;WKS-0100$@DEMO.NOPCAP.NET;DEMO;;ldap/dc02.demo.nopcap.net;;;;AES256;;;;;;;
2026-09-02T14:15:13;DC01;domain;8004;;;s.wagner;DEMO;;ARCHIVE01;VDI-034;;;;;;;;;;
2026-09-02T14:13:20;FS01;outgoing;8001;;;t.hoffmann;DEMO;lsass.exe;cifs/nas01;;;;;;;;;;;C:\Windows\System32\lsass.exe
2026-09-02T14:13:04;FS01;outgoing;8001;;;svc_sql;DEMO;explorer.exe;cifs/fs01.demo.nopcap.net;;;;;;;;;;;C:\Windows\explorer.exe
2026-09-02T14:09:48;DC01;kerberos;4769;;;k.lorenz@DEMO.NOPCAP.NET;DEMO;;TERMSRV/vdi-broker.demo.nopcap.net;;;;AES256;;;;;;;
2026-09-02T14:08:45;DC01;kerberos;4769;;;t.hoffmann@DEMO.NOPCAP.NET;DEMO;;ldap/dc01.demo.nopcap.net;;;;AES256;;;;;;;
2026-09-02T14:07:13;DC02;kerberos;4769;;;administrator@DEMO.NOPCAP.NET;DEMO;;MSSQLSvc/sql01.demo.nopcap.net:1433;;;;AES256;;;;;;;
2026-09-02T14:05:17;APP03;outgoing;8001;;;m.becker;DEMO;lsass.exe;cifs/nas01;;;;;;;;;;;C:\Windows\System32\lsass.exe
2026-09-02T14:04:38;DC01;domain;8004;;;p.neumann;DEMO;;ERP-TEST;WKS-0331;;;;;;;;;;
2026-09-02T14:02:04;DC01;kerberos;4769;;;t.hoffmann@DEMO.NOPCAP.NET;DEMO;;ldap/dc02.demo.nopcap.net;;;;AES256;;;;;;;
2026-09-02T13:59:22;DC01;kerberos;4769;;;m.becker@DEMO.NOPCAP.NET;DEMO;;ldap/dc02.demo.nopcap.net;;;;AES256;;;;;;;
2026-09-02T13:56:08;DC02;kerberos;4769;;;k.lorenz@DEMO.NOPCAP.NET;DEMO;;cifs/fs01.demo.nopcap.net;;;;AES256;;;;;;;
2026-09-02T13:50:46;DC01;kerberos;4769;;;s.wagner@DEMO.NOPCAP.NET;DEMO;;TERMSRV/vdi-broker.demo.nopcap.net;;;;AES256;;;;;;;
2026-09-02T13:48:13;DC01;kerberos;4769;;;administrator@DEMO.NOPCAP.NET;DEMO;;ldap/dc02.demo.nopcap.net;;;;AES256;;;;;;;
2026-09-02T13:43:54;DC01;kerberos;4769;;;NB-1169$@DEMO.NOPCAP.NET;DEMO;;ldap/dc01.demo.nopcap.net;;;;AES256;;;;;;;
2026-09-02T13:42:56;APP03;outgoing;8001;;;svc_backup;DEMO;lsass.exe;cifs/nas01;;;;;;;;;;;C:\Windows\System32\lsass.exe
2026-09-02T13:42:39;DC01;kerberos;4769;;;administrator@DEMO.NOPCAP.NET;DEMO;;HTTP/portal.demo.nopcap.net;;;;AES256;;;;;;;
2026-09-02T13:41:09;DC02;kerberos;4769;;;svc_sql@DEMO.NOPCAP.NET;DEMO;;TERMSRV/vdi-broker.demo.nopcap.net;;;;AES256;;;;;;;
2026-09-02T13:37:17;FS01;outgoing;8001;;;m.becker;DEMO;System;cifs/fs01.demo.nopcap.net;;;;;;;;;;;
2026-09-02T13:36:12;DC01;kerberos;4769;;;VDI-066$@DEMO.NOPCAP.NET;DEMO;;ldap/dc01.demo.nopcap.net;;;;AES256;;;;;;;
2026-09-02T13:35:16;DC02;kerberos;4769;;;s.wagner@DEMO.NOPCAP.NET;DEMO;;HTTP/portal.demo.nopcap.net;;;;AES256;;;;;;;
2026-09-02T13:30:49;DC01;kerberos;4769;;;administrator@DEMO.NOPCAP.NET;DEMO;;HTTP/portal.demo.nopcap.net;;;;AES256;;;;;;;
2026-09-02T13:27:14;DC02;kerberos;4769;;;svc_backup@DEMO.NOPCAP.NET;DEMO;;MSSQLSvc/sql01.demo.nopcap.net:1433;;;;AES256;;;;;;;
2026-09-02T13:27:07;DC01;kerberos;4769;;;d.fischer@DEMO.NOPCAP.NET;DEMO;;MSSQLSvc/sql01.demo.nopcap.net:1433;;;;AES256;;;;;;;
2026-09-02T13:21:34;DC02;kerberos;4769;;;svc_web@DEMO.NOPCAP.NET;DEMO;;HOST/app03.demo.nopcap.net;;;;RC4;;;;;;;
2026-09-02T13:19:54;DC02;kerberos;4769;;;k.lorenz@DEMO.NOPCAP.NET;DEMO;;HOST/app03.demo.nopcap.net;;;;AES256;;;;;;;
2026-09-02T13:19:08;DC02;kerberos;4769;;;d.fischer@DEMO.NOPCAP.NET;DEMO;;ldap/dc01.demo.nopcap.net;;;;AES256;;;;;;;
2026-09-02T13:17:59;DC01;kerberos;4769;;;t.hoffmann@DEMO.NOPCAP.NET;DEMO;;ldap/dc01.demo.nopcap.net;;;;AES256;;;;;;;
2026-09-02T13:15:29;DC02;kerberos;4769;;;svc_monitor@DEMO.NOPCAP.NET;DEMO;;cifs/fs01.demo.nopcap.net;;;;AES256;;;;;;;
2026-09-02T13:09:38;DC01;domain;8004;;;k.lorenz;DEMO;;PRINTSRV01;WKS-0269;;;;;;;;;;
2026-09-02T13:07:57;DC01;kerberos;4769;;;svc_backup@DEMO.NOPCAP.NET;DEMO;;TERMSRV/vdi-broker.demo.nopcap.net;;;;AES256;;;;;;;
2026-09-02T13:07:56;DC02;kerberos;4769;;;s.wagner@DEMO.NOPCAP.NET;DEMO;;TERMSRV/vdi-broker.demo.nopcap.net;;;;AES256;;;;;;;
2026-09-02T13:07:05;DC01;kerberos;4769;;;NB-1171$@DEMO.NOPCAP.NET;DEMO;;HOST/app03.demo.nopcap.net;;;;AES256;;;;;;;
2026-09-02T13:04:19;DC01;kerberos;4769;;;s.wagner@DEMO.NOPCAP.NET;DEMO;;HTTP/portal.demo.nopcap.net;;;;AES256;;;;;;;
2026-09-02T13:04:07;DC01;kerberos;4769;;;svc_web@DEMO.NOPCAP.NET;DEMO;;HOST/app03.demo.nopcap.net;;;;AES256;;;;;;;
2026-09-02T13:03:59;DC01;kerberos;4769;;;VDI-059$@DEMO.NOPCAP.NET;DEMO;;MSSQLSvc/sql01.demo.nopcap.net:1433;;;;AES256;;;;;;;
2026-09-02T13:03:07;DC01;kerberos;4769;;;NB-1178$@DEMO.NOPCAP.NET;DEMO;;TERMSRV/vdi-broker.demo.nopcap.net;;;;AES256;;;;;;;
2026-09-02T12:58:52;DC01;kerberos;4769;;;svc_backup@DEMO.NOPCAP.NET;DEMO;;MSSQLSvc/sql01.demo.nopcap.net:1433;;;;AES256;;;;;;;
2026-09-02T12:57:26;DC01;kerberos;4769;;;WKS-0864$@DEMO.NOPCAP.NET;DEMO;;TERMSRV/vdi-broker.demo.nopcap.net;;;;AES256;;;;;;;
2026-09-02T12:54:22;APP03;outgoing;8001;;;t.hoffmann;DEMO;explorer.exe;cifs/fs01.demo.nopcap.net;;;;;;;;;;;C:\Windows\explorer.exe
2026-09-02T12:53:40;DC01;kerberos;4769;;;t.hoffmann@DEMO.NOPCAP.NET;DEMO;;HOST/app03.demo.nopcap.net;;;;AES256;;;;;;;
2026-09-02T12:50:46;APP03;incoming;8002;;;APP03$;DEMO;System;;;;;;;;;;;;
2026-09-02T12:50:29;DC01;kerberos;4769;;;NB-1101$@DEMO.NOPCAP.NET;DEMO;;ldap/dc01.demo.nopcap.net;;;;AES256;;;;;;;
2026-09-02T12:48:36;DC01;kerberos;4769;;;WKS-0316$@DEMO.NOPCAP.NET;DEMO;;ldap/dc02.demo.nopcap.net;;;;AES256;;;;;;;
2026-09-02T12:46:44;DC02;kerberos;4769;;;a.klein@DEMO.NOPCAP.NET;DEMO;;HOST/app03.demo.nopcap.net;;;;AES256;;;;;;;
2026-09-02T12:45:50;DC02;kerberos;4769;;;k.lorenz@DEMO.NOPCAP.NET;DEMO;;ldap/dc02.demo.nopcap.net;;;;AES256;;;;;;;
2026-09-02T12:45:30;DC02;kerberos;4769;;;svc_backup@DEMO.NOPCAP.NET;DEMO;;cifs/fs01.demo.nopcap.net;;;;AES256;;;;;;;
2026-09-02T12:43:38;DC01;kerberos;4769;;;WKS-0217$@DEMO.NOPCAP.NET;DEMO;;TERMSRV/vdi-broker.demo.nopcap.net;;;;AES256;;;;;;;
2026-09-02T12:40:36;DC01;kerberos;4769;;;s.wagner@DEMO.NOPCAP.NET;DEMO;;MSSQLSvc/sql01.demo.nopcap.net:1433;;;;AES256;;;;;;;
2026-09-02T12:40:08;DC02;kerberos;4769;;;s.wagner@DEMO.NOPCAP.NET;DEMO;;ldap/dc02.demo.nopcap.net;;;;AES256;;;;;;;
2026-09-02T12:39:50;DC02;kerberos;4769;;;administrator@DEMO.NOPCAP.NET;DEMO;;MSSQLSvc/sql01.demo.nopcap.net:1433;;;;AES256;;;;;;;
2026-09-02T12:32:43;FS01;outgoing;8001;;;svc_backup;DEMO;System;cifs/fs01.demo.nopcap.net;;;;;;;;;;;
2026-09-02T12:31:16;DC02;kerberos;4769;;;s.wagner@DEMO.NOPCAP.NET;DEMO;;MSSQLSvc/sql01.demo.nopcap.net:1433;;;;AES256;;;;;;;
2026-09-02T12:29:48;DC01;kerberos;4769;;;WKS-0328$@DEMO.NOPCAP.NET;DEMO;;HOST/app03.demo.nopcap.net;;;;AES256;;;;;;;
2026-09-02T12:28:17;DC02;kerberos;4769;;;m.becker@DEMO.NOPCAP.NET;DEMO;;TERMSRV/vdi-broker.demo.nopcap.net;;;;AES256;;;;;;;
2026-09-02T12:28:10;DC01;domain;8004;;;m.becker;DEMO;;APP03;VDI-061;;;;;;;;;;
2026-09-02T12:27:39;DC01;domain;8004;;;t.hoffmann;DEMO;;FS01;VDI-085;;;;;;;;;;
2026-09-02T12:22:42;DC01;kerberos;4769;;;k.lorenz@DEMO.NOPCAP.NET;DEMO;;ldap/dc02.demo.nopcap.net;;;;AES256;;;;;;;
2026-09-02T12:21:58;APP03;outgoing;8001;;;m.becker;DEMO;System;cifs/fs01.demo.nopcap.net;;;;;;;;;;;
2026-09-02T12:20:22;DC02;kerberos;4769;;;j.schulz@DEMO.NOPCAP.NET;DEMO;;MSSQLSvc/sql01.demo.nopcap.net:1433;;;;AES256;;;;;;;
2026-09-02T12:19:19;DC02;kerberos;4769;;;m.becker@DEMO.NOPCAP.NET;DEMO;;ldap/dc02.demo.nopcap.net;;;;AES256;;;;;;;
2026-09-02T12:16:45;DC02;kerberos;4769;;;svc_backup@DEMO.NOPCAP.NET;DEMO;;HOST/app03.demo.nopcap.net;;;;AES256;;;;;;;
2026-09-02T12:13:47;DC01;kerberos;4769;;;svc_web@DEMO.NOPCAP.NET;DEMO;;ldap/dc02.demo.nopcap.net;;;;AES256;;;;;;;
2026-09-02T12:13:33;DC02;kerberos;4769;;;a.klein@DEMO.NOPCAP.NET;DEMO;;ldap/dc01.demo.nopcap.net;;;;AES256;;;;;;;
2026-09-02T12:12:44;APP03;outgoing;8001;;;svc_web;DEMO;System;cifs/fs01.demo.nopcap.net;;;;;;;;;;;
2026-09-02T12:07:30;APP03;outgoing;8001;;;svc_web;DEMO;System;cifs/fs01.demo.nopcap.net;;;;;;;;;;;
2026-09-02T11:58:37;APP03;outgoing;8001;;;svc_web;DEMO;lsass.exe;cifs/nas01;;;;;;;;;;;C:\Windows\System32\lsass.exe
2026-09-02T11:57:20;DC01;kerberos;4769;;;WKS-0696$@DEMO.NOPCAP.NET;DEMO;;ldap/dc01.demo.nopcap.net;;;;AES256;;;;;;;
2026-09-02T11:55:48;DC01;kerberos;4769;;;WKS-0325$@DEMO.NOPCAP.NET;DEMO;;ldap/dc02.demo.nopcap.net;;;;AES256;;;;;;;
2026-09-02T11:54:18;APP03;outgoing;8001;;;p.neumann;DEMO;msedge.exe;HTTP/intranet;;;;;;;;;;;C:\Program Files (x86)\Microsoft\Edge\Application\msedge.exe
2026-09-02T11:49:18;DC01;kerberos;4769;;;svc_backup@DEMO.NOPCAP.NET;DEMO;;HOST/app03.demo.nopcap.net;;;;AES256;;;;;;;
2026-09-02T11:48:48;DC01;kerberos;4769;;;NB-1193$@DEMO.NOPCAP.NET;DEMO;;HTTP/portal.demo.nopcap.net;;;;AES256;;;;;;;
2026-09-02T11:46:54;FS01;outgoing;8001;;;t.hoffmann;DEMO;EXCEL.EXE;cifs/fs01.demo.nopcap.net;;;;;;;;;;;C:\Program Files\Microsoft Office\root\Office16\EXCEL.EXE
2026-09-02T11:45:56;DC01;kerberos;4769;;;VDI-081$@DEMO.NOPCAP.NET;DEMO;;HTTP/portal.demo.nopcap.net;;;;AES256;;;;;;;
2026-09-02T11:44:38;DC01;kerberos;4769;;;k.lorenz@DEMO.NOPCAP.NET;DEMO;;cifs/fs01.demo.nopcap.net;;;;AES256;;;;;;;
2026-09-02T11:42:08;DC02;auth;4624;NTLMv2;Direct;administrator;DEMO;;;VDI-020;10.14.23.135;3;;;;;;;;
2026-09-02T11:40:16;DC01;kerberos;4769;;;k.lorenz@DEMO.NOPCAP.NET;DEMO;;cifs/fs01.demo.nopcap.net;;;;AES256;;;;;;;
2026-09-02T11:36:49;DC02;kerberos;4769;;;t.hoffmann@DEMO.NOPCAP.NET;DEMO;;HTTP/portal.demo.nopcap.net;;;;AES256;;;;;;;
2026-09-02T11:34:33;DC01;kerberos;4769;;;NB-1016$@DEMO.NOPCAP.NET;DEMO;;MSSQLSvc/sql01.demo.nopcap.net:1433;;;;AES256;;;;;;;
2026-09-02T11:33:43;DC01;kerberos;4769;;;VDI-064$@DEMO.NOPCAP.NET;DEMO;;cifs/fs01.demo.nopcap.net;;;;AES256;;;;;;;
2026-09-02T11:33:17;DC02;kerberos;4769;;;p.neumann@DEMO.NOPCAP.NET;DEMO;;HTTP/portal.demo.nopcap.net;;;;AES256;;;;;;;
2026-09-02T11:30:56;DC01;kerberos;4769;;;WKS-0319$@DEMO.NOPCAP.NET;DEMO;;cifs/fs01.demo.nopcap.net;;;;AES256;;;;;;;
2026-09-02T11:29:46;DC02;kerberos;4769;;;svc_sql@DEMO.NOPCAP.NET;DEMO;;HOST/app03.demo.nopcap.net;;;;AES256;;;;;;;
2026-09-02T11:29:45;DC02;kerberos;4769;;;t.hoffmann@DEMO.NOPCAP.NET;DEMO;;HOST/app03.demo.nopcap.net;;;;AES256;;;;;;;
2026-09-02T11:28:55;DC01;kerberos;4769;;;m.becker@DEMO.NOPCAP.NET;DEMO;;cifs/fs01.demo.nopcap.net;;;;AES256;;;;;;;
2026-09-02T11:26:23;DC01;kerberos;4769;;;m.becker@DEMO.NOPCAP.NET;DEMO;;ldap/dc02.demo.nopcap.net;;;;AES256;;;;;;;
2026-09-02T11:22:12;DC02;auth;4624;NTLMv2;Direct;j.schulz;DEMO;;;VDI-038;10.14.25.122;3;;;;;;;;
2026-09-02T11:20:33;DC02;kerberos;4769;;;svc_sql@DEMO.NOPCAP.NET;DEMO;;ldap/dc01.demo.nopcap.net;;;;AES256;;;;;;;
2026-09-02T11:19:57;DC01;kerberos;4769;;;svc_backup@DEMO.NOPCAP.NET;DEMO;;cifs/fs01.demo.nopcap.net;;;;AES256;;;;;;;
2026-09-02T11:19:57;WKS-0421;outgoing;4001;;Blocked;svc_monitor;DEMO;lsass.exe;cifs/nas01;;;;;;;;;;;C:\Windows\System32\lsass.exe
2026-09-02T11:16:04;DC01;kerberos;4769;;;VDI-053$@DEMO.NOPCAP.NET;DEMO;;MSSQLSvc/sql01.demo.nopcap.net:1433;;;;AES256;;;;;;;
2026-09-02T11:14:40;DC01;kerberos;4769;;;svc_sql@DEMO.NOPCAP.NET;DEMO;;cifs/fs01.demo.nopcap.net;;;;AES256;;;;;;;
2026-09-02T11:14:10;DC01;kerberos;4769;;;svc_sql@DEMO.NOPCAP.NET;DEMO;;cifs/fs01.demo.nopcap.net;;;;AES256;;;;;;;
2026-09-02T11:09:52;DC01;kerberos;4769;;;svc_web@DEMO.NOPCAP.NET;DEMO;;TERMSRV/vdi-broker.demo.nopcap.net;;;;AES256;;;;;;;
2026-09-02T11:05:36;DC01;kerberos;4769;;;WKS-0421$@DEMO.NOPCAP.NET;DEMO;;HOST/app03.demo.nopcap.net;;;;AES256;;;;;;;
2026-09-02T11:00:00;DC02;kerberos;4769;;;administrator@DEMO.NOPCAP.NET;DEMO;;ldap/dc01.demo.nopcap.net;;;;AES256;;;;;;;
2026-09-02T10:57:57;DC01;kerberos;4769;;;VDI-083$@DEMO.NOPCAP.NET;DEMO;;ldap/dc01.demo.nopcap.net;;;;AES256;;;;;;;
2026-09-02T10:57:28;FS01;outgoing;8001;;;p.neumann;DEMO;wsmprovhost.exe;HOST/app03;;;;;;;;;;;C:\Windows\System32\wsmprovhost.exe
2026-09-02T10:51:01;DC01;domain;8004;;;p.neumann;DEMO;;ERP-TEST;WKS-0854;;;;;;;;;;
2026-09-02T10:49:29;DC01;incoming;8003;;;k.lorenz;DEMO;w3wp.exe;;WKS-0325;;3;;;;;;;;
2026-09-02T10:48:29;DC02;auth;4624;NTLMv2;Direct;s.wagner;DEMO;;;NB-1067;10.14.20.185;3;;;;;;;;
2026-09-02T10:47:53;DC01;kerberos;4769;;;WKS-0435$@DEMO.NOPCAP.NET;DEMO;;MSSQLSvc/sql01.demo.nopcap.net:1433;;;;AES256;;;;;;;
2026-09-02T10:43:35;DC02;kerberos;4769;;;a.klein@DEMO.NOPCAP.NET;DEMO;;MSSQLSvc/sql01.demo.nopcap.net:1433;;;;AES256;;;;;;;
2026-09-02T10:43:13;APP03;outgoing;8001;;;svc_web;DEMO;msedge.exe;HTTP/intranet;;;;;;;;;;;C:\Program Files (x86)\Microsoft\Edge\Application\msedge.exe
2026-09-02T10:42:32;DC01;kerberos;4769;;;administrator@DEMO.NOPCAP.NET;DEMO;;TERMSRV/vdi-broker.demo.nopcap.net;;;;AES256;;;;;;;
2026-09-02T10:42:22;DC01;kerberos;4769;;;NB-1081$@DEMO.NOPCAP.NET;DEMO;;HTTP/portal.demo.nopcap.net;;;;AES256;;;;;;;
2026-09-02T10:41:51;DC01;kerberos;4769;;;VDI-087$@DEMO.NOPCAP.NET;DEMO;;TERMSRV/vdi-broker.demo.nopcap.net;;;;AES256;;;;;;;
2026-09-02T10:41:28;APP03;outgoing;8001;;;svc_sql;DEMO;System;cifs/fs01.demo.nopcap.net;;;;;;;;;;;
2026-09-02T10:36:27;FS01;outgoing;8001;;;svc_backup;DEMO;lsass.exe;cifs/nas01;;;;;;;;;;;C:\Windows\System32\lsass.exe
2026-09-02T10:32:21;DC02;kerberos;4769;;;j.schulz@DEMO.NOPCAP.NET;DEMO;;HTTP/portal.demo.nopcap.net;;;;AES256;;;;;;;
2026-09-02T10:27:27;DC01;kerberos;4769;;;VDI-065$@DEMO.NOPCAP.NET;DEMO;;MSSQLSvc/sql01.demo.nopcap.net:1433;;;;AES256;;;;;;;
2026-09-02T10:16:41;DC01;kerberos;4769;;;WKS-0575$@DEMO.NOPCAP.NET;DEMO;;cifs/fs01.demo.nopcap.net;;;;AES256;;;;;;;
2026-09-02T10:15:58;DC01;kerberos;4769;;;d.fischer@DEMO.NOPCAP.NET;DEMO;;HTTP/portal.demo.nopcap.net;;;;AES256;;;;;;;
2026-09-02T10:09:30;DC01;kerberos;4769;;;VDI-060$@DEMO.NOPCAP.NET;DEMO;;cifs/fs01.demo.nopcap.net;;;;AES256;;;;;;;
2026-09-02T10:09:22;WKS-0421;outgoing;4020;NTLMv2;Direct;a.klein;DEMO;mmc.exe;cifs/10.14.22.31;;;;;Target name contains an IP address;7;Unprotected;None;;;C:\Windows\System32\mmc.exe
2026-09-02T10:07:58;DC02;kerberos;4769;;;d.fischer@DEMO.NOPCAP.NET;DEMO;;HOST/app03.demo.nopcap.net;;;;AES256;;;;;;;
2026-09-02T10:07:35;APP03;outgoing;8001;;;d.fischer;DEMO;powershell.exe;cifs/10.14.22.31;;;;;;;;;;;C:\Windows\System32\WindowsPowerShell\v1.0\powershell.exe
2026-09-02T10:05:09;DC01;kerberos;4769;;;svc_web@DEMO.NOPCAP.NET;DEMO;;cifs/fs01.demo.nopcap.net;;;;RC4;;;;;;;
2026-09-02T09:58:53;DC01;kerberos;4769;;;svc_web@DEMO.NOPCAP.NET;DEMO;;TERMSRV/vdi-broker.demo.nopcap.net;;;;RC4;;;;;;;
2026-09-02T09:56:11;DC02;kerberos;4769;;;svc_sql@DEMO.NOPCAP.NET;DEMO;;ldap/dc02.demo.nopcap.net;;;;AES256;;;;;;;
2026-09-02T09:55:58;DC02;kerberos;4769;;;p.neumann@DEMO.NOPCAP.NET;DEMO;;HTTP/portal.demo.nopcap.net;;;;AES256;;;;;;;
2026-09-02T09:55:31;DC01;auth;4624;NTLMv2;Direct;svc_sql;DEMO;;;WKS-0793;10.14.20.219;3;;;;;;;;
2026-09-02T09:54:34;DC01;kerberos;4769;;;svc_backup@DEMO.NOPCAP.NET;DEMO;;MSSQLSvc/sql01.demo.nopcap.net:1433;;;;AES256;;;;;;;
2026-09-02T09:53:25;FS01;outgoing;8001;;;p.neumann;DEMO;lsass.exe;cifs/nas01;;;;;;;;;;;C:\Windows\System32\lsass.exe
2026-09-02T09:52:00;DC01;kerberos;4769;;;NB-1391$@DEMO.NOPCAP.NET;DEMO;;MSSQLSvc/sql01.demo.nopcap.net:1433;;;;AES256;;;;;;;
2026-09-02T09:48:22;DC02;kerberos;4769;;;k.lorenz@DEMO.NOPCAP.NET;DEMO;;HOST/app03.demo.nopcap.net;;;;AES256;;;;;;;
2026-09-02T09:46:38;FS01;outgoing;8001;;;j.schulz;DEMO;System;cifs/fs01.demo.nopcap.net;;;;;;;;;;;
2026-09-02T09:41:42;DC02;kerberos;4769;;;s.wagner@DEMO.NOPCAP.NET;DEMO;;HTTP/portal.demo.nopcap.net;;;;AES256;;;;;;;
2026-09-02T09:41:16;DC01;kerberos;4769;;;t.hoffmann@DEMO.NOPCAP.NET;DEMO;;HTTP/portal.demo.nopcap.net;;;;AES256;;;;;;;
2026-09-02T09:28:15;DC01;kerberos;4769;;;j.schulz@DEMO.NOPCAP.NET;DEMO;;TERMSRV/vdi-broker.demo.nopcap.net;;;;AES256;;;;;;;
2026-09-02T09:22:59;DC02;kerberos;4769;;;a.klein@DEMO.NOPCAP.NET;DEMO;;TERMSRV/vdi-broker.demo.nopcap.net;;;;AES256;;;;;;;
2026-09-02T09:22:14;DC02;kerberos;4769;;;t.hoffmann@DEMO.NOPCAP.NET;DEMO;;HTTP/portal.demo.nopcap.net;;;;AES256;;;;;;;
2026-09-02T09:21:31;DC02;kerberos;4769;;;d.fischer@DEMO.NOPCAP.NET;DEMO;;HOST/app03.demo.nopcap.net;;;;AES256;;;;;;;
2026-09-02T09:17:29;DC02;kerberos;4769;;;p.neumann@DEMO.NOPCAP.NET;DEMO;;HOST/app03.demo.nopcap.net;;;;AES256;;;;;;;
2026-09-02T09:15:48;DC02;kerberos;4769;;;administrator@DEMO.NOPCAP.NET;DEMO;;cifs/fs01.demo.nopcap.net;;;;AES256;;;;;;;
2026-09-02T09:14:59;DC01;kerberos;4769;;;NB-1092$@DEMO.NOPCAP.NET;DEMO;;MSSQLSvc/sql01.demo.nopcap.net:1433;;;;AES256;;;;;;;
2026-09-02T09:14:38;FS01;outgoing;8001;;;a.klein;DEMO;System;cifs/fs01.demo.nopcap.net;;;;;;;;;;;
2026-09-02T09:13:28;APP03;outgoing;8001;;;svc_web;DEMO;java.exe;HTTP/erp-test;;;;;;;;;;;C:\Program Files\Eclipse Adoptium\jdk-17\bin\java.exe
2026-09-02T09:11:43;DC02;kerberos;4769;;;svc_web@DEMO.NOPCAP.NET;DEMO;;cifs/fs01.demo.nopcap.net;;;;RC4;;;;;;;
2026-09-02T09:10:14;DC02;kerberos;4769;;;t.hoffmann@DEMO.NOPCAP.NET;DEMO;;cifs/fs01.demo.nopcap.net;;;;AES256;;;;;;;
2026-09-02T09:07:07;DC01;kerberos;4769;;;WKS-0206$@DEMO.NOPCAP.NET;DEMO;;HTTP/portal.demo.nopcap.net;;;;AES256;;;;;;;
2026-09-02T09:00:47;DC01;kerberos;4769;;;svc_sql@DEMO.NOPCAP.NET;DEMO;;MSSQLSvc/sql01.demo.nopcap.net:1433;;;;AES256;;;;;;;
2026-09-02T09:00:27;DC02;kerberos;4769;;;svc_monitor@DEMO.NOPCAP.NET;DEMO;;cifs/fs01.demo.nopcap.net;;;;AES256;;;;;;;
2026-09-02T08:59:51;DC02;kerberos;4769;;;svc_backup@DEMO.NOPCAP.NET;DEMO;;MSSQLSvc/sql01.demo.nopcap.net:1433;;;;AES256;;;;;;;
2026-09-02T08:54:17;DC02;kerberos;4769;;;j.schulz@DEMO.NOPCAP.NET;DEMO;;ldap/dc02.demo.nopcap.net;;;;AES256;;;;;;;
2026-09-02T08:51:05;DC02;auth;4624;NTLMv2;Direct;s.wagner;DEMO;;;VDI-077;10.14.25.225;3;;;;;;;;
2026-09-02T08:46:44;DC02;kerberos;4769;;;m.becker@DEMO.NOPCAP.NET;DEMO;;ldap/dc02.demo.nopcap.net;;;;AES256;;;;;;;
2026-09-02T08:36:43;DC01;kerberos;4769;;;NB-1142$@DEMO.NOPCAP.NET;DEMO;;ldap/dc01.demo.nopcap.net;;;;AES256;;;;;;;
2026-09-02T08:34:39;DC01;kerberos;4769;;;svc_sql@DEMO.NOPCAP.NET;DEMO;;ldap/dc02.demo.nopcap.net;;;;AES256;;;;;;;
2026-09-02T08:31:50;DC01;kerberos;4769;;;t.hoffmann@DEMO.NOPCAP.NET;DEMO;;cifs/fs01.demo.nopcap.net;;;;AES256;;;;;;;
2026-09-02T08:26:52;DC02;kerberos;4769;;;p.neumann@DEMO.NOPCAP.NET;DEMO;;ldap/dc01.demo.nopcap.net;;;;AES256;;;;;;;
2026-09-02T08:26:40;DC02;kerberos;4769;;;m.becker@DEMO.NOPCAP.NET;DEMO;;HTTP/portal.demo.nopcap.net;;;;AES256;;;;;;;
2026-09-02T08:17:05;DC02;kerberos;4769;;;svc_web@DEMO.NOPCAP.NET;DEMO;;TERMSRV/vdi-broker.demo.nopcap.net;;;;AES256;;;;;;;
2026-09-02T08:14:16;DC01;kerberos;4769;;;a.klein@DEMO.NOPCAP.NET;DEMO;;cifs/fs01.demo.nopcap.net;;;;AES256;;;;;;;
2026-09-02T08:11:10;DC01;kerberos;4769;;;WKS-0551$@DEMO.NOPCAP.NET;DEMO;;ldap/dc01.demo.nopcap.net;;;;AES256;;;;;;;
2026-09-02T08:10:31;DC02;kerberos;4769;;;svc_monitor@DEMO.NOPCAP.NET;DEMO;;ldap/dc01.demo.nopcap.net;;;;AES256;;;;;;;
2026-09-02T08:05:44;DC01;kerberos;4769;;;a.klein@DEMO.NOPCAP.NET;DEMO;;MSSQLSvc/sql01.demo.nopcap.net:1433;;;;AES256;;;;;;;
2026-09-02T08:05:38;DC01;kerberos;4769;;;d.fischer@DEMO.NOPCAP.NET;DEMO;;MSSQLSvc/sql01.demo.nopcap.net:1433;;;;AES256;;;;;;;
2026-09-02T08:02:35;DC01;kerberos;4769;;;k.lorenz@DEMO.NOPCAP.NET;DEMO;;MSSQLSvc/sql01.demo.nopcap.net:1433;;;;AES256;;;;;;;
2026-09-01T17:58:17;DC02;kerberos;4769;;;svc_sql@DEMO.NOPCAP.NET;DEMO;;cifs/fs01.demo.nopcap.net;;;;AES256;;;;;;;
2026-09-01T17:52:19;APP03;outgoing;8001;;;p.neumann;DEMO;wsmprovhost.exe;HOST/app03;;;;;;;;;;;C:\Windows\System32\wsmprovhost.exe
2026-09-01T17:51:58;DC01;kerberos;4769;;;WKS-0577$@DEMO.NOPCAP.NET;DEMO;;cifs/fs01.demo.nopcap.net;;;;AES256;;;;;;;
2026-09-01T17:51:25;APP03;outgoing;8001;;;k.lorenz;DEMO;msedge.exe;HTTP/intranet;;;;;;;;;;;C:\Program Files (x86)\Microsoft\Edge\Application\msedge.exe
2026-09-01T17:47:08;APP03;outgoing;8001;;;p.neumann;DEMO;lsass.exe;cifs/nas01;;;;;;;;;;;C:\Windows\System32\lsass.exe
2026-09-01T17:40:01;DC02;kerberos;4769;;;m.becker@DEMO.NOPCAP.NET;DEMO;;cifs/fs01.demo.nopcap.net;;;;AES256;;;;;;;
2026-09-01T17:38:47;DC01;kerberos;4769;;;WKS-0605$@DEMO.NOPCAP.NET;DEMO;;ldap/dc01.demo.nopcap.net;;;;AES256;;;;;;;
2026-09-01T17:31:43;DC01;kerberos;4769;;;p.neumann@DEMO.NOPCAP.NET;DEMO;;MSSQLSvc/sql01.demo.nopcap.net:1433;;;;AES256;;;;;;;
2026-09-01T17:25:05;DC01;kerberos;4769;;;VDI-039$@DEMO.NOPCAP.NET;DEMO;;TERMSRV/vdi-broker.demo.nopcap.net;;;;AES256;;;;;;;
2026-09-01T17:21:09;WKS-0421;outgoing;8001;;;p.neumann;DEMO;mmc.exe;cifs/10.14.22.31;;;;;;;;;;;C:\Windows\System32\mmc.exe
2026-09-01T17:20:58;DC01;kerberos;4769;;;WKS-0150$@DEMO.NOPCAP.NET;DEMO;;ldap/dc02.demo.nopcap.net;;;;AES256;;;;;;;
2026-09-01T17:18:37;DC01;kerberos;4769;;;administrator@DEMO.NOPCAP.NET;DEMO;;MSSQLSvc/sql01.demo.nopcap.net:1433;;;;AES256;;;;;;;
2026-09-01T17:07:26;APP03;outgoing;8001;;;svc_backup;DEMO;spoolsv.exe;cifs/printsrv01;;;;;;;;;;;C:\Windows\System32\spoolsv.exe
2026-09-01T17:05:51;DC01;kerberos;4769;;;m.becker@DEMO.NOPCAP.NET;DEMO;;ldap/dc02.demo.nopcap.net;;;;AES256;;;;;;;
2026-09-01T17:01:37;FS01;outgoing;8001;;;svc_web;DEMO;svchost.exe;ldap/dc01.demo.nopcap.net;;;;;;;;;;;C:\Windows\System32\svchost.exe
2026-09-01T16:59:52;DC02;domain;8004;;;a.klein;DEMO;;FS01;NB-1016;;;;;;;;;;
2026-09-01T16:54:18;DC02;kerberos;4769;;;a.klein@DEMO.NOPCAP.NET;DEMO;;cifs/fs01.demo.nopcap.net;;;;AES256;;;;;;;
2026-09-01T16:47:32;DC01;kerberos;4769;;;NB-1193$@DEMO.NOPCAP.NET;DEMO;;TERMSRV/vdi-broker.demo.nopcap.net;;;;AES256;;;;;;;
2026-09-01T16:46:02;DC02;kerberos;4769;;;m.becker@DEMO.NOPCAP.NET;DEMO;;HOST/app03.demo.nopcap.net;;;;AES256;;;;;;;
2026-09-01T16:45:59;DC02;kerberos;4769;;;d.fischer@DEMO.NOPCAP.NET;DEMO;;TERMSRV/vdi-broker.demo.nopcap.net;;;;AES256;;;;;;;
2026-09-01T16:45:24;DC01;kerberos;4769;;;WKS-0700$@DEMO.NOPCAP.NET;DEMO;;MSSQLSvc/sql01.demo.nopcap.net:1433;;;;AES256;;;;;;;
2026-09-01T16:40:10;DC01;kerberos;4769;;;svc_backup@DEMO.NOPCAP.NET;DEMO;;ldap/dc02.demo.nopcap.net;;;;AES256;;;;;;;
2026-09-01T16:38:41;DC01;kerberos;4769;;;svc_monitor@DEMO.NOPCAP.NET;DEMO;;cifs/fs01.demo.nopcap.net;;;;AES256;;;;;;;
2026-09-01T16:38:03;DC01;auth;4624;NTLMv2;Direct;t.hoffmann;DEMO;;;VDI-075;10.14.24.244;3;;;;;;;;
2026-09-01T16:37:39;WKS-0421;cgblock;4014;;Blocked;;DEMO;svchost.exe;;;;;;;;;;;;C:\Windows\System32\svchost.exe
2026-09-01T16:37:36;DC02;kerberos;4769;;;administrator@DEMO.NOPCAP.NET;DEMO;;HOST/app03.demo.nopcap.net;;;;AES256;;;;;;;
2026-09-01T16:36:55;DC02;domain;8004;;;d.fischer;DEMO;;PRINTSRV01;NB-1238;;;;;;;;;;
2026-09-01T16:36:37;DC01;kerberos;4769;;;WKS-0567$@DEMO.NOPCAP.NET;DEMO;;ldap/dc01.demo.nopcap.net;;;;AES256;;;;;;;
2026-09-01T16:34:41;DC01;kerberos;4769;;;VDI-073$@DEMO.NOPCAP.NET;DEMO;;TERMSRV/vdi-broker.demo.nopcap.net;;;;AES256;;;;;;;
2026-09-01T16:31:03;DC01;kerberos;4769;;;j.schulz@DEMO.NOPCAP.NET;DEMO;;HOST/app03.demo.nopcap.net;;;;AES256;;;;;;;
2026-09-01T16:26:59;DC01;auth;4624;NTLMv1;Direct;mfp_service;DEMO;;;MFP-EG-02;10.14.30.41;3;;;;;;;;
2026-09-01T16:18:23;DC01;kerberos;4769;;;svc_monitor@DEMO.NOPCAP.NET;DEMO;;TERMSRV/vdi-broker.demo.nopcap.net;;;;AES256;;;;;;;
2026-09-01T16:17:58;DC02;kerberos;4769;;;t.hoffmann@DEMO.NOPCAP.NET;DEMO;;ldap/dc01.demo.nopcap.net;;;;AES256;;;;;;;
2026-09-01T16:15:22;WKS-0421;cgblock;4013;NTLMv1;Blocked;j.schulz;DEMO;explorer.exe;nas01;;;;;;;;;;;C:\Windows\explorer.exe
2026-09-01T16:14:35;APP03;outgoing;8001;;;d.fischer;DEMO;java.exe;HTTP/erp-test;;;;;;;;;;;C:\Program Files\Eclipse Adoptium\jdk-17\bin\java.exe
2026-09-01T16:14:08;DC01;domain;8004;;;svc_sql;DEMO;;PRINTSRV01;VDI-088;;;;;;;;;;
2026-09-01T16:12:37;DC01;kerberos;4769;;;p.neumann@DEMO.NOPCAP.NET;DEMO;;TERMSRV/vdi-broker.demo.nopcap.net;;;;AES256;;;;;;;
2026-09-01T16:09:28;DC01;kerberos;4769;;;NB-1249$@DEMO.NOPCAP.NET;DEMO;;ldap/dc02.demo.nopcap.net;;;;AES256;;;;;;;
2026-09-01T16:07:22;DC02;kerberos;4769;;;a.klein@DEMO.NOPCAP.NET;DEMO;;HOST/app03.demo.nopcap.net;;;;AES256;;;;;;;
2026-09-01T16:06:33;DC01;kerberos;4769;;;k.lorenz@DEMO.NOPCAP.NET;DEMO;;HTTP/portal.demo.nopcap.net;;;;AES256;;;;;;;
2026-09-01T16:04:20;DC02;kerberos;4769;;;j.schulz@DEMO.NOPCAP.NET;DEMO;;ldap/dc01.demo.nopcap.net;;;;AES256;;;;;;;
2026-09-01T16:03:59;DC02;kerberos;4769;;;administrator@DEMO.NOPCAP.NET;DEMO;;ldap/dc02.demo.nopcap.net;;;;AES256;;;;;;;
2026-09-01T16:03:20;DC01;kerberos;4769;;;d.fischer@DEMO.NOPCAP.NET;DEMO;;HTTP/portal.demo.nopcap.net;;;;AES256;;;;;;;
2026-09-01T16:02:11;APP03;outgoing;8001;;;a.klein;DEMO;System;cifs/fs01.demo.nopcap.net;;;;;;;;;;;
2026-09-01T16:01:37;DC02;kerberos;4769;;;d.fischer@DEMO.NOPCAP.NET;DEMO;;cifs/fs01.demo.nopcap.net;;;;AES256;;;;;;;
2026-09-01T16:00:57;DC02;kerberos;4769;;;j.schulz@DEMO.NOPCAP.NET;DEMO;;TERMSRV/vdi-broker.demo.nopcap.net;;;;AES256;;;;;;;
2026-09-01T15:59:56;DC02;kerberos;4769;;;svc_web@DEMO.NOPCAP.NET;DEMO;;TERMSRV/vdi-broker.demo.nopcap.net;;;;RC4;;;;;;;
2026-09-01T15:56:25;APP03;outgoing;8001;;;p.neumann;DEMO;svchost.exe;ldap/dc01.demo.nopcap.net;;;;;;;;;;;C:\Windows\System32\svchost.exe
2026-09-01T15:54:26;DC02;domain;8004;;;m.becker;DEMO;;ARCHIVE01;WKS-0239;;;;;;;;;;
2026-09-01T15:54:20;DC01;kerberos;4769;;;a.klein@DEMO.NOPCAP.NET;DEMO;;ldap/dc02.demo.nopcap.net;;;;AES256;;;;;;;
2026-09-01T15:50:37;FS01;outgoing;8001;;;svc_web;DEMO;explorer.exe;cifs/fs01.demo.nopcap.net;;;;;;;;;;;C:\Windows\explorer.exe
2026-09-01T15:31:36;DC02;kerberos;4769;;;m.becker@DEMO.NOPCAP.NET;DEMO;;ldap/dc01.demo.nopcap.net;;;;AES256;;;;;;;
2026-09-01T15:30:50;WKS-0421;outgoing;4020;NTLMv2;Direct;svc_sql;DEMO;explorer.exe;cifs/fs01.demo.nopcap.net;;;;;Application called NTLM directly;1;Unprotected;None;;;C:\Windows\explorer.exe
2026-09-01T15:30:19;DC01;auth;4624;NTLMv2;Fallback;s.wagner;DEMO;;;WKS-0770;10.14.21.18;3;;;;;;;;
2026-09-01T15:29:49;DC02;kerberos;4769;;;svc_monitor@DEMO.NOPCAP.NET;DEMO;;TERMSRV/vdi-broker.demo.nopcap.net;;;;AES256;;;;;;;
2026-09-01T15:28:45;DC02;kerberos;4769;;;svc_web@DEMO.NOPCAP.NET;DEMO;;HTTP/portal.demo.nopcap.net;;;;AES256;;;;;;;
2026-09-01T15:26:28;DC01;domain;8004;;;a.klein;DEMO;;PRINTSRV01;VDI-057;;;;;;;;;;
2026-09-01T15:25:21;DC01;kerberos;4769;;;VDI-024$@DEMO.NOPCAP.NET;DEMO;;HTTP/portal.demo.nopcap.net;;;;AES256;;;;;;;
2026-09-01T15:22:34;DC02;kerberos;4769;;;m.becker@DEMO.NOPCAP.NET;DEMO;;ldap/dc01.demo.nopcap.net;;;;AES256;;;;;;;
2026-09-01T15:18:16;DC01;kerberos;4769;;;NB-1253$@DEMO.NOPCAP.NET;DEMO;;TERMSRV/vdi-broker.demo.nopcap.net;;;;AES256;;;;;;;
2026-09-01T15:09:36;FS01;outgoing;8001;;;svc_web;DEMO;lsass.exe;cifs/nas01;;;;;;;;;;;C:\Windows\System32\lsass.exe
2026-09-01T15:03:38;DC01;kerberos;4769;;;VDI-084$@DEMO.NOPCAP.NET;DEMO;;MSSQLSvc/sql01.demo.nopcap.net:1433;;;;AES256;;;;;;;
2026-09-01T15:00:30;DC02;kerberos;4769;;;svc_web@DEMO.NOPCAP.NET;DEMO;;ldap/dc01.demo.nopcap.net;;;;RC4;;;;;;;
2026-09-01T14:57:54;DC01;kerberos;4769;;;NB-1295$@DEMO.NOPCAP.NET;DEMO;;HOST/app03.demo.nopcap.net;;;;AES256;;;;;;;
2026-09-01T14:57:24;DC01;kerberos;4769;;;p.neumann@DEMO.NOPCAP.NET;DEMO;;MSSQLSvc/sql01.demo.nopcap.net:1433;;;;AES256;;;;;;;
2026-09-01T14:50:22;FS01;outgoing;8001;;;p.neumann;DEMO;wsmprovhost.exe;HOST/app03;;;;;;;;;;;C:\Windows\System32\wsmprovhost.exe
2026-09-01T14:49:47;DC02;kerberos;4769;;;administrator@DEMO.NOPCAP.NET;DEMO;;TERMSRV/vdi-broker.demo.nopcap.net;;;;AES256;;;;;;;
2026-09-01T14:48:21;DC01;kerberos;4769;;;NB-1368$@DEMO.NOPCAP.NET;DEMO;;HOST/app03.demo.nopcap.net;;;;AES256;;;;;;;
2026-09-01T14:42:24;DC02;kerberos;4769;;;svc_backup@DEMO.NOPCAP.NET;DEMO;;ldap/dc02.demo.nopcap.net;;;;AES256;;;;;;;
2026-09-01T14:42:15;DC01;kerberos;4769;;;j.schulz@DEMO.NOPCAP.NET;DEMO;;MSSQLSvc/sql01.demo.nopcap.net:1433;;;;AES256;;;;;;;
2026-09-01T14:41:13;DC01;kerberos;4769;;;WKS-0481$@DEMO.NOPCAP.NET;DEMO;;HTTP/portal.demo.nopcap.net;;;;AES256;;;;;;;
2026-09-01T14:35:22;DC01;kerberos;4769;;;VDI-078$@DEMO.NOPCAP.NET;DEMO;;ldap/dc02.demo.nopcap.net;;;;AES256;;;;;;;
2026-09-01T14:21:22;DC02;kerberos;4769;;;p.neumann@DEMO.NOPCAP.NET;DEMO;;ldap/dc01.demo.nopcap.net;;;;AES256;;;;;;;
2026-09-01T14:18:47;APP03;outgoing;8001;;;j.schulz;DEMO;lsass.exe;cifs/nas01;;;;;;;;;;;C:\Windows\System32\lsass.exe
2026-09-01T14:15:36;APP03;outgoing;8001;;;a.klein;DEMO;spoolsv.exe;cifs/printsrv01;;;;;;;;;;;C:\Windows\System32\spoolsv.exe
2026-09-01T14:14:12;DC01;kerberos;4769;;;j.schulz@DEMO.NOPCAP.NET;DEMO;;cifs/fs01.demo.nopcap.net;;;;AES256;;;;;;;
2026-09-01T14:13:50;DC01;kerberos;4769;;;WKS-0807$@DEMO.NOPCAP.NET;DEMO;;TERMSRV/vdi-broker.demo.nopcap.net;;;;AES256;;;;;;;
2026-09-01T14:12:31;DC02;kerberos;4769;;;d.fischer@DEMO.NOPCAP.NET;DEMO;;ldap/dc01.demo.nopcap.net;;;;AES256;;;;;;;
2026-09-01T14:05:20;DC02;kerberos;4769;;;a.klein@DEMO.NOPCAP.NET;DEMO;;MSSQLSvc/sql01.demo.nopcap.net:1433;;;;AES256;;;;;;;
2026-09-01T14:03:51;DC01;kerberos;4769;;;s.wagner@DEMO.NOPCAP.NET;DEMO;;ldap/dc02.demo.nopcap.net;;;;AES256;;;;;;;
2026-09-01T14:02:40;DC02;kerberos;4769;;;svc_backup@DEMO.NOPCAP.NET;DEMO;;TERMSRV/vdi-broker.demo.nopcap.net;;;;AES256;;;;;;;
2026-09-01T14:00:41;DC01;kerberos;4769;;;m.becker@DEMO.NOPCAP.NET;DEMO;;ldap/dc02.demo.nopcap.net;;;;AES256;;;;;;;
2026-09-01T13:54:20;DC01;kerberos;4769;;;m.becker@DEMO.NOPCAP.NET;DEMO;;MSSQLSvc/sql01.demo.nopcap.net:1433;;;;AES256;;;;;;;
2026-09-01T13:51:48;DC01;incoming;8002;;;FS01$;DEMO;w3wp.exe;;;;;;;;;;;;
2026-09-01T13:51:44;DC02;kerberos;4769;;;svc_web@DEMO.NOPCAP.NET;DEMO;;ldap/dc02.demo.nopcap.net;;;;AES256;;;;;;;
2026-09-01T13:40:22;DC01;kerberos;4769;;;NB-1247$@DEMO.NOPCAP.NET;DEMO;;ldap/dc01.demo.nopcap.net;;;;AES256;;;;;;;
2026-09-01T13:38:48;APP03;outgoing;8001;;;p.neumann;DEMO;robocopy.exe;cifs/archive01;;;;;;;;;;;C:\Windows\System32\robocopy.exe
2026-09-01T13:32:47;DC02;kerberos;4769;;;a.klein@DEMO.NOPCAP.NET;DEMO;;cifs/fs01.demo.nopcap.net;;;;AES256;;;;;;;
2026-09-01T13:31:00;DC02;kerberos;4769;;;svc_sql@DEMO.NOPCAP.NET;DEMO;;TERMSRV/vdi-broker.demo.nopcap.net;;;;AES256;;;;;;;
2026-09-01T13:30:34;WKS-0421;outgoing;4001;;Blocked;svc_backup;DEMO;mmc.exe;cifs/10.14.22.31;;;;;;;;;;;C:\Windows\System32\mmc.exe
2026-09-01T13:29:47;DC02;auth;4624;NTLMv2;Direct;svc_backup;DEMO;;;NB-1230;10.14.25.193;3;;;;;;;;
2026-09-01T13:29:36;DC01;kerberos;4769;;;svc_backup@DEMO.NOPCAP.NET;DEMO;;cifs/fs01.demo.nopcap.net;;;;AES256;;;;;;;
2026-09-01T13:25:53;DC01;kerberos;4769;;;VDI-034$@DEMO.NOPCAP.NET;DEMO;;ldap/dc01.demo.nopcap.net;;;;AES256;;;;;;;
2026-09-01T13:24:37;DC02;kerberos;4769;;;svc_backup@DEMO.NOPCAP.NET;DEMO;;cifs/fs01.demo.nopcap.net;;;;AES256;;;;;;;
2026-09-01T13:22:34;DC01;kerberos;4769;;;svc_backup@DEMO.NOPCAP.NET;DEMO;;HTTP/portal.demo.nopcap.net;;;;AES256;;;;;;;
2026-09-01T13:22:02;DC02;kerberos;4769;;;s.wagner@DEMO.NOPCAP.NET;DEMO;;cifs/fs01.demo.nopcap.net;;;;AES256;;;;;;;
2026-09-01T13:18:34;DC01;kerberos;4769;;;WKS-0700$@DEMO.NOPCAP.NET;DEMO;;HOST/app03.demo.nopcap.net;;;;AES256;;;;;;;
2026-09-01T13:14:21;DC02;kerberos;4769;;;k.lorenz@DEMO.NOPCAP.NET;DEMO;;MSSQLSvc/sql01.demo.nopcap.net:1433;;;;AES256;;;;;;;
2026-09-01T13:13:55;DC01;domain;8004;;;a.klein;DEMO;;ARCHIVE01;WKS-0264;;;;;;;;;;
2026-09-01T13:11:11;DC01;kerberos;4769;;;WKS-0396$@DEMO.NOPCAP.NET;DEMO;;HOST/app03.demo.nopcap.net;;;;AES256;;;;;;;
2026-09-01T13:09:32;FS01;outgoing;8001;;;p.neumann;DEMO;System;cifs/fs01.demo.nopcap.net;;;;;;;;;;;
2026-09-01T13:04:59;DC02;kerberos;4769;;;svc_backup@DEMO.NOPCAP.NET;DEMO;;TERMSRV/vdi-broker.demo.nopcap.net;;;;AES256;;;;;;;
2026-09-01T13:04:04;DC01;auth;4624;NTLMv2;Direct;svc_monitor;DEMO;;;WKS-0283;10.14.22.13;3;;;;;;;;
2026-09-01T13:01:31;DC02;kerberos;4769;;;d.fischer@DEMO.NOPCAP.NET;DEMO;;cifs/fs01.demo.nopcap.net;;;;AES256;;;;;;;
2026-09-01T12:55:18;DC02;kerberos;4769;;;t.hoffmann@DEMO.NOPCAP.NET;DEMO;;MSSQLSvc/sql01.demo.nopcap.net:1433;;;;AES256;;;;;;;
2026-09-01T12:50:06;DC02;kerberos;4769;;;svc_web@DEMO.NOPCAP.NET;DEMO;;HTTP/portal.demo.nopcap.net;;;;RC4;;;;;;;
2026-09-01T12:48:18;DC01;kerberos;4769;;;NB-1064$@DEMO.NOPCAP.NET;DEMO;;MSSQLSvc/sql01.demo.nopcap.net:1433;;;;AES256;;;;;;;
2026-09-01T12:47:01;DC02;kerberos;4769;;;svc_sql@DEMO.NOPCAP.NET;DEMO;;HOST/app03.demo.nopcap.net;;;;AES256;;;;;;;
2026-09-01T12:45:06;DC01;kerberos;4769;;;d.fischer@DEMO.NOPCAP.NET;DEMO;;HTTP/portal.demo.nopcap.net;;;;AES256;;;;;;;
2026-09-01T12:41:44;APP03;outgoing;8001;;;a.klein;DEMO;System;cifs/fs01.demo.nopcap.net;;;;;;;;;;;
2026-09-01T12:38:26;DC01;kerberos;4769;;;m.becker@DEMO.NOPCAP.NET;DEMO;;cifs/fs01.demo.nopcap.net;;;;AES256;;;;;;;
2026-09-01T12:38:16;DC01;kerberos;4769;;;svc_monitor@DEMO.NOPCAP.NET;DEMO;;TERMSRV/vdi-broker.demo.nopcap.net;;;;AES256;;;;;;;
2026-09-01T12:33:02;DC01;kerberos;4769;;;k.lorenz@DEMO.NOPCAP.NET;DEMO;;HOST/app03.demo.nopcap.net;;;;AES256;;;;;;;
2026-09-01T12:32:41;DC02;auth;4624;NTLMv2;Direct;d.fischer;DEMO;;;VDI-021;10.14.20.10;3;;;;;;;;
2026-09-01T12:28:27;DC02;kerberos;4769;;;k.lorenz@DEMO.NOPCAP.NET;DEMO;;ldap/dc01.demo.nopcap.net;;;;AES256;;;;;;;
2026-09-01T12:20:10;DC02;kerberos;4769;;;d.fischer@DEMO.NOPCAP.NET;DEMO;;cifs/fs01.demo.nopcap.net;;;;AES256;;;;;;;
2026-09-01T12:19:43;DC02;kerberos;4769;;;m.becker@DEMO.NOPCAP.NET;DEMO;;ldap/dc01.demo.nopcap.net;;;;AES256;;;;;;;
2026-09-01T12:16:44;DC01;kerberos;4769;;;d.fischer@DEMO.NOPCAP.NET;DEMO;;TERMSRV/vdi-broker.demo.nopcap.net;;;;AES256;;;;;;;
2026-09-01T12:14:38;DC01;kerberos;4769;;;t.hoffmann@DEMO.NOPCAP.NET;DEMO;;ldap/dc02.demo.nopcap.net;;;;AES256;;;;;;;
2026-09-01T12:05:57;DC01;kerberos;4769;;;VDI-060$@DEMO.NOPCAP.NET;DEMO;;ldap/dc02.demo.nopcap.net;;;;AES256;;;;;;;
2026-09-01T12:04:57;DC01;kerberos;4769;;;a.klein@DEMO.NOPCAP.NET;DEMO;;ldap/dc02.demo.nopcap.net;;;;AES256;;;;;;;
2026-09-01T12:00:31;DC02;kerberos;4769;;;j.schulz@DEMO.NOPCAP.NET;DEMO;;TERMSRV/vdi-broker.demo.nopcap.net;;;;AES256;;;;;;;
2026-09-01T12:00:29;DC01;kerberos;4769;;;NB-1180$@DEMO.NOPCAP.NET;DEMO;;HTTP/portal.demo.nopcap.net;;;;AES256;;;;;;;
2026-09-01T12:00:16;APP03;incoming;8003;;;administrator;DEMO;sqlservr.exe;;VDI-035;;3;;;;;;;;
2026-09-01T11:57:47;DC02;kerberos;4769;;;m.becker@DEMO.NOPCAP.NET;DEMO;;HTTP/portal.demo.nopcap.net;;;;AES256;;;;;;;
2026-09-01T11:54:28;FS01;incoming;8003;;;s.wagner;DEMO;System;;VDI-086;;3;;;;;;;;
2026-09-01T11:46:10;DC01;kerberos;4769;;;p.neumann@DEMO.NOPCAP.NET;DEMO;;cifs/fs01.demo.nopcap.net;;;;AES256;;;;;;;
2026-09-01T11:42:30;DC01;ntlmv1sso;4024;NTLMv1;;mfp_service;DEMO;;cifs/fs01.demo.nopcap.net;;;;;;;;;;;
2026-09-01T11:40:23;DC01;kerberos;4769;;;svc_sql@DEMO.NOPCAP.NET;DEMO;;cifs/fs01.demo.nopcap.net;;;;AES256;;;;;;;
2026-09-01T11:36:15;DC02;kerberos;4769;;;m.becker@DEMO.NOPCAP.NET;DEMO;;ldap/dc01.demo.nopcap.net;;;;AES256;;;;;;;
2026-09-01T11:35:04;DC02;kerberos;4769;;;a.klein@DEMO.NOPCAP.NET;DEMO;;ldap/dc02.demo.nopcap.net;;;;AES256;;;;;;;
2026-09-01T11:31:23;DC01;auth;4624;NTLMv2;Direct;m.becker;DEMO;;;NB-1317;10.14.20.65;3;;;;;;;;
2026-09-01T11:31:03;DC01;kerberos;4769;;;WKS-0878$@DEMO.NOPCAP.NET;DEMO;;ldap/dc01.demo.nopcap.net;;;;AES256;;;;;;;
2026-09-01T11:29:56;DC01;kerberos;4769;;;j.schulz@DEMO.NOPCAP.NET;DEMO;;ldap/dc01.demo.nopcap.net;;;;AES256;;;;;;;
2026-09-01T11:22:32;DC01;auth;4624;NTLMv1;Direct;svc_scan;DEMO;;;MFP-EG-01;10.14.30.41;3;;;;;;;;
2026-09-01T11:22:15;APP03;outgoing;8001;;;svc_web;DEMO;mmc.exe;cifs/10.14.22.31;;;;;;;;;;;C:\Windows\System32\mmc.exe
2026-09-01T11:17:24;DC02;kerberos;4769;;;s.wagner@DEMO.NOPCAP.NET;DEMO;;cifs/fs01.demo.nopcap.net;;;;AES256;;;;;;;
2026-09-01T11:15:48;DC01;kerberos;4769;;;a.klein@DEMO.NOPCAP.NET;DEMO;;cifs/fs01.demo.nopcap.net;;;;AES256;;;;;;;
2026-09-01T11:15:41;DC01;kerberos;4769;;;administrator@DEMO.NOPCAP.NET;DEMO;;cifs/fs01.demo.nopcap.net;;;;AES256;;;;;;;
2026-09-01T11:13:14;DC01;kerberos;4769;;;t.hoffmann@DEMO.NOPCAP.NET;DEMO;;HTTP/portal.demo.nopcap.net;;;;AES256;;;;;;;
2026-09-01T11:11:07;DC02;kerberos;4769;;;p.neumann@DEMO.NOPCAP.NET;DEMO;;MSSQLSvc/sql01.demo.nopcap.net:1433;;;;AES256;;;;;;;
2026-09-01T11:08:27;DC01;domain;8004;;;administrator;DEMO;;FS01;VDI-042;;;;;;;;;;
2026-09-01T11:07:42;DC02;kerberos;4769;;;k.lorenz@DEMO.NOPCAP.NET;DEMO;;HOST/app03.demo.nopcap.net;;;;AES256;;;;;;;
2026-09-01T11:07:37;WKS-0421;outgoing;4001;;Blocked;administrator;DEMO;lsass.exe;cifs/nas01;;;;;;;;;;;C:\Windows\System32\lsass.exe
2026-09-01T11:03:31;FS01;outgoing;8001;;;svc_web;DEMO;lsass.exe;cifs/nas01;;;;;;;;;;;C:\Windows\System32\lsass.exe
2026-09-01T10:57:03;WKS-0421;outgoing;4001;;Blocked;svc_web;DEMO;EXCEL.EXE;cifs/fs01.demo.nopcap.net;;;;;;;;;;;C:\Program Files\Microsoft Office\root\Office16\EXCEL.EXE
2026-09-01T10:52:39;DC02;kerberos;4769;;;d.fischer@DEMO.NOPCAP.NET;DEMO;;TERMSRV/vdi-broker.demo.nopcap.net;;;;AES256;;;;;;;
2026-09-01T10:48:52;DC02;kerberos;4769;;;j.schulz@DEMO.NOPCAP.NET;DEMO;;HTTP/portal.demo.nopcap.net;;;;AES256;;;;;;;
2026-09-01T10:47:30;APP03;outgoing;8001;;;svc_backup;DEMO;lsass.exe;cifs/nas01;;;;;;;;;;;C:\Windows\System32\lsass.exe
2026-09-01T10:46:39;DC02;kerberos;4769;;;m.becker@DEMO.NOPCAP.NET;DEMO;;cifs/fs01.demo.nopcap.net;;;;AES256;;;;;;;
2026-09-01T10:46:14;DC02;kerberos;4769;;;svc_web@DEMO.NOPCAP.NET;DEMO;;HOST/app03.demo.nopcap.net;;;;AES256;;;;;;;
2026-09-01T10:45:28;DC01;kerberos;4769;;;NB-1087$@DEMO.NOPCAP.NET;DEMO;;MSSQLSvc/sql01.demo.nopcap.net:1433;;;;AES256;;;;;;;
2026-09-01T10:42:55;DC01;kerberos;4769;;;VDI-071$@DEMO.NOPCAP.NET;DEMO;;TERMSRV/vdi-broker.demo.nopcap.net;;;;AES256;;;;;;;
2026-09-01T10:42:18;APP03;outgoing;8001;;;svc_monitor;DEMO;robocopy.exe;cifs/archive01;;;;;;;;;;;C:\Windows\System32\robocopy.exe
2026-09-01T10:41:58;DC01;kerberos;4769;;;NB-1061$@DEMO.NOPCAP.NET;DEMO;;HOST/app03.demo.nopcap.net;;;;AES256;;;;;;;
2026-09-01T10:37:44;DC01;krbfail;4769;;;p.neumann@DEMO.NOPCAP.NET;DEMO;;cifs/nas01;;;;;;;;;;0x7;
2026-09-01T10:37:00;DC01;kerberos;4769;;;WKS-0353$@DEMO.NOPCAP.NET;DEMO;;cifs/fs01.demo.nopcap.net;;;;AES256;;;;;;;
2026-09-01T10:33:30;DC01;kerberos;4769;;;svc_monitor@DEMO.NOPCAP.NET;DEMO;;HTTP/portal.demo.nopcap.net;;;;AES256;;;;;;;
2026-09-01T10:32:55;DC02;kerberos;4769;;;m.becker@DEMO.NOPCAP.NET;DEMO;;ldap/dc02.demo.nopcap.net;;;;AES256;;;;;;;
2026-09-01T10:30:14;DC01;kerberos;4769;;;svc_sql@DEMO.NOPCAP.NET;DEMO;;TERMSRV/vdi-broker.demo.nopcap.net;;;;AES256;;;;;;;
2026-09-01T10:29:20;DC02;kerberos;4769;;;j.schulz@DEMO.NOPCAP.NET;DEMO;;TERMSRV/vdi-broker.demo.nopcap.net;;;;AES256;;;;;;;
2026-09-01T10:28:47;WKS-0421;outgoing;4001;;Blocked;p.neumann;DEMO;svchost.exe;ldap/dc01.demo.nopcap.net;;;;;;;;;;;C:\Windows\System32\svchost.exe
2026-09-01T10:27:15;FS01;outgoing;8001;;;administrator;DEMO;System;cifs/fs01.demo.nopcap.net;;;;;;;;;;;
2026-09-01T10:20:52;DC01;kerberos;4769;;;WKS-0895$@DEMO.NOPCAP.NET;DEMO;;MSSQLSvc/sql01.demo.nopcap.net:1433;;;;AES256;;;;;;;
2026-09-01T10:16:35;DC01;kerberos;4769;;;NB-1098$@DEMO.NOPCAP.NET;DEMO;;ldap/dc02.demo.nopcap.net;;;;AES256;;;;;;;
2026-09-01T10:15:05;DC02;auth;4624;NTLMv2;Fallback;svc_monitor;DEMO;;;VDI-055;10.14.24.115;3;;;;;;;;
2026-09-01T10:14:36;DC01;kerberos;4769;;;NB-1093$@DEMO.NOPCAP.NET;DEMO;;HOST/app03.demo.nopcap.net;;;;AES256;;;;;;;
2026-09-01T10:07:16;FS01;outgoing;8001;;;svc_backup;DEMO;msedge.exe;HTTP/intranet;;;;;;;;;;;C:\Program Files (x86)\Microsoft\Edge\Application\msedge.exe
2026-09-01T10:03:58;DC01;kerberos;4769;;;j.schulz@DEMO.NOPCAP.NET;DEMO;;HOST/app03.demo.nopcap.net;;;;AES256;;;;;;;
2026-09-01T10:03:55;DC01;kerberos;4769;;;VDI-064$@DEMO.NOPCAP.NET;DEMO;;ldap/dc02.demo.nopcap.net;;;;AES256;;;;;;;
2026-09-01T10:03:51;DC01;kerberos;4769;;;NB-1162$@DEMO.NOPCAP.NET;DEMO;;TERMSRV/vdi-broker.demo.nopcap.net;;;;AES256;;;;;;;
2026-09-01T10:03:18;DC02;kerberos;4769;;;d.fischer@DEMO.NOPCAP.NET;DEMO;;cifs/fs01.demo.nopcap.net;;;;AES256;;;;;;;
2026-09-01T10:03:09;DC01;kerberos;4769;;;NB-1133$@DEMO.NOPCAP.NET;DEMO;;HOST/app03.demo.nopcap.net;;;;AES256;;;;;;;
2026-09-01T10:00:07;DC01;kerberos;4769;;;VDI-066$@DEMO.NOPCAP.NET;DEMO;;HTTP/portal.demo.nopcap.net;;;;AES256;;;;;;;
2026-09-01T09:45:49;DC01;kerberos;4769;;;NB-1131$@DEMO.NOPCAP.NET;DEMO;;MSSQLSvc/sql01.demo.nopcap.net:1433;;;;AES256;;;;;;;
2026-09-01T09:43:01;APP03;outgoing;8001;;;svc_monitor;DEMO;explorer.exe;cifs/fs01.demo.nopcap.net;;;;;;;;;;;C:\Windows\explorer.exe
2026-09-01T09:40:07;DC01;kerberos;4769;;;WKS-0175$@DEMO.NOPCAP.NET;DEMO;;HTTP/portal.demo.nopcap.net;;;;AES256;;;;;;;
2026-09-01T09:39:05;DC02;kerberos;4769;;;d.fischer@DEMO.NOPCAP.NET;DEMO;;cifs/fs01.demo.nopcap.net;;;;AES256;;;;;;;
2026-09-01T09:33:39;DC01;kerberos;4769;;;VDI-015$@DEMO.NOPCAP.NET;DEMO;;HOST/app03.demo.nopcap.net;;;;AES256;;;;;;;
2026-09-01T09:30:15;DC01;kerberos;4769;;;j.schulz@DEMO.NOPCAP.NET;DEMO;;ldap/dc02.demo.nopcap.net;;;;AES256;;;;;;;
2026-09-01T09:29:56;DC01;kerberos;4769;;;svc_monitor@DEMO.NOPCAP.NET;DEMO;;HOST/app03.demo.nopcap.net;;;;AES256;;;;;;;
2026-09-01T09:29:44;DC02;krbfail;4769;;;a.klein@DEMO.NOPCAP.NET;DEMO;;cifs/nas01;;;;;;;;;;0x7;
2026-09-01T09:29:03;DC01;auth;4624;NTLMv2;Direct;svc_backup;DEMO;;;NB-1352;10.14.23.175;3;;;;;;;;
2026-09-01T09:28:15;DC01;kerberos;4769;;;k.lorenz@DEMO.NOPCAP.NET;DEMO;;ldap/dc01.demo.nopcap.net;;;;AES256;;;;;;;
2026-09-01T09:22:09;DC02;kerberos;4769;;;svc_web@DEMO.NOPCAP.NET;DEMO;;cifs/fs01.demo.nopcap.net;;;;RC4;;;;;;;
2026-09-01T09:11:31;DC02;kerberos;4769;;;m.becker@DEMO.NOPCAP.NET;DEMO;;cifs/fs01.demo.nopcap.net;;;;AES256;;;;;;;
2026-09-01T09:11:31;DC01;auth;4624;NTLMv1;Direct;svc_scan;DEMO;;;MFP-EG-01;10.14.30.45;3;;;;;;;;
2026-09-01T09:09:47;DC01;kerberos;4769;;;WKS-0895$@DEMO.NOPCAP.NET;DEMO;;MSSQLSvc/sql01.demo.nopcap.net:1433;;;;AES256;;;;;;;
2026-09-01T09:08:14;DC02;kerberos;4769;;;s.wagner@DEMO.NOPCAP.NET;DEMO;;ldap/dc02.demo.nopcap.net;;;;AES256;;;;;;;
2026-09-01T09:06:48;DC02;kerberos;4769;;;svc_backup@DEMO.NOPCAP.NET;DEMO;;HOST/app03.demo.nopcap.net;;;;AES256;;;;;;;
2026-09-01T09:03:40;FS01;outgoing;8001;;;d.fischer;DEMO;svchost.exe;ldap/dc01.demo.nopcap.net;;;;;;;;;;;C:\Windows\System32\svchost.exe
2026-09-01T09:00:13;DC01;kerberos;4769;;;s.wagner@DEMO.NOPCAP.NET;DEMO;;MSSQLSvc/sql01.demo.nopcap.net:1433;;;;AES256;;;;;;;
2026-09-01T08:48:59;DC01;kerberos;4769;;;t.hoffmann@DEMO.NOPCAP.NET;DEMO;;ldap/dc01.demo.nopcap.net;;;;AES256;;;;;;;
2026-09-01T08:48:11;DC01;kerberos;4769;;;administrator@DEMO.NOPCAP.NET;DEMO;;TERMSRV/vdi-broker.demo.nopcap.net;;;;AES256;;;;;;;
2026-09-01T08:47:33;DC01;kerberos;4769;;;d.fischer@DEMO.NOPCAP.NET;DEMO;;ldap/dc02.demo.nopcap.net;;;;AES256;;;;;;;
2026-09-01T08:40:20;DC01;incoming;8002;;;FS01$;DEMO;System;;;;;;;;;;;;
2026-09-01T08:38:23;APP03;incoming;8003;;;m.becker;DEMO;w3wp.exe;;VDI-034;;3;;;;;;;;
2026-09-01T08:29:19;DC02;kerberos;4769;;;j.schulz@DEMO.NOPCAP.NET;DEMO;;HOST/app03.demo.nopcap.net;;;;AES256;;;;;;;
2026-09-01T08:05:23;DC01;kerberos;4769;;;k.lorenz@DEMO.NOPCAP.NET;DEMO;;MSSQLSvc/sql01.demo.nopcap.net:1433;;;;AES256;;;;;;;
2026-08-31T17:58:52;DC01;auth;4624;NTLMv2;Direct;j.schulz;DEMO;;;NB-1189;10.14.20.161;3;;;;;;;;
2026-08-31T17:53:16;DC02;kerberos;4769;;;m.becker@DEMO.NOPCAP.NET;DEMO;;HTTP/portal.demo.nopcap.net;;;;AES256;;;;;;;
2026-08-31T17:49:37;FS01;incoming;8002;;;APP03$;DEMO;System;;;;;;;;;;;;
2026-08-31T17:47:02;DC01;auth;4624;NTLMv2;Direct;s.wagner;DEMO;;;NB-1234;10.14.20.173;3;;;;;;;;
2026-08-31T17:46:36;DC01;auth;4624;NTLMv2;Fallback;t.hoffmann;DEMO;;;WKS-0219;10.14.22.22;3;;;;;;;;
2026-08-31T17:39:38;DC01;domain;8004;;;s.wagner;DEMO;;NAS01;VDI-066;;;;;;;;;;
2026-08-31T17:33:20;DC01;kerberos;4769;;;svc_web@DEMO.NOPCAP.NET;DEMO;;MSSQLSvc/sql01.demo.nopcap.net:1433;;;;RC4;;;;;;;
2026-08-31T17:31:57;DC01;kerberos;4769;;;WKS-0319$@DEMO.NOPCAP.NET;DEMO;;ldap/dc01.demo.nopcap.net;;;;AES256;;;;;;;
2026-08-31T17:31:15;DC02;kerberos;4769;;;administrator@DEMO.NOPCAP.NET;DEMO;;TERMSRV/vdi-broker.demo.nopcap.net;;;;AES256;;;;;;;
2026-08-31T17:24:14;DC01;kerberos;4769;;;VDI-017$@DEMO.NOPCAP.NET;DEMO;;ldap/dc01.demo.nopcap.net;;;;AES256;;;;;;;
2026-08-31T17:24:00;APP03;outgoing;8001;;;j.schulz;DEMO;System;cifs/fs01.demo.nopcap.net;;;;;;;;;;;
2026-08-31T17:22:30;DC01;kerberos;4769;;;a.klein@DEMO.NOPCAP.NET;DEMO;;HOST/app03.demo.nopcap.net;;;;AES256;;;;;;;
2026-08-31T17:08:28;DC02;kerberos;4769;;;svc_monitor@DEMO.NOPCAP.NET;DEMO;;MSSQLSvc/sql01.demo.nopcap.net:1433;;;;AES256;;;;;;;
2026-08-31T16:56:20;DC02;auth;4624;NTLMv2;Direct;administrator;DEMO;;;VDI-084;10.14.22.110;3;;;;;;;;
2026-08-31T16:55:43;DC02;kerberos;4769;;;svc_web@DEMO.NOPCAP.NET;DEMO;;TERMSRV/vdi-broker.demo.nopcap.net;;;;RC4;;;;;;;
2026-08-31T16:54:52;DC02;kerberos;4769;;;t.hoffmann@DEMO.NOPCAP.NET;DEMO;;HOST/app03.demo.nopcap.net;;;;AES256;;;;;;;
2026-08-31T16:52:52;DC01;kerberos;4769;;;NB-1341$@DEMO.NOPCAP.NET;DEMO;;ldap/dc02.demo.nopcap.net;;;;AES256;;;;;;;
2026-08-31T16:52:06;DC01;kerberos;4769;;;administrator@DEMO.NOPCAP.NET;DEMO;;ldap/dc02.demo.nopcap.net;;;;AES256;;;;;;;
2026-08-31T16:51:57;DC02;kerberos;4769;;;t.hoffmann@DEMO.NOPCAP.NET;DEMO;;ldap/dc01.demo.nopcap.net;;;;AES256;;;;;;;
2026-08-31T16:51:34;DC01;incoming;8002;;;WKS-0421$;DEMO;System;;;;;;;;;;;;
2026-08-31T16:48:01;DC02;kerberos;4769;;;administrator@DEMO.NOPCAP.NET;DEMO;;HTTP/portal.demo.nopcap.net;;;;AES256;;;;;;;
2026-08-31T16:45:54;DC01;kerberos;4769;;;k.lorenz@DEMO.NOPCAP.NET;DEMO;;cifs/fs01.demo.nopcap.net;;;;AES256;;;;;;;
2026-08-31T16:39:16;DC01;kerberos;4769;;;WKS-0248$@DEMO.NOPCAP.NET;DEMO;;cifs/fs01.demo.nopcap.net;;;;AES256;;;;;;;
2026-08-31T16:35:48;DC02;kerberos;4769;;;t.hoffmann@DEMO.NOPCAP.NET;DEMO;;ldap/dc01.demo.nopcap.net;;;;AES256;;;;;;;
2026-08-31T16:34:37;DC01;kerberos;4769;;;WKS-0629$@DEMO.NOPCAP.NET;DEMO;;HOST/app03.demo.nopcap.net;;;;AES256;;;;;;;
2026-08-31T16:29:40;DC02;kerberos;4769;;;svc_monitor@DEMO.NOPCAP.NET;DEMO;;cifs/fs01.demo.nopcap.net;;;;AES256;;;;;;;
2026-08-31T16:22:14;DC02;kerberos;4769;;;a.klein@DEMO.NOPCAP.NET;DEMO;;HTTP/portal.demo.nopcap.net;;;;AES256;;;;;;;
2026-08-31T16:21:43;DC01;kerberos;4769;;;WKS-0175$@DEMO.NOPCAP.NET;DEMO;;ldap/dc02.demo.nopcap.net;;;;AES256;;;;;;;
2026-08-31T16:21:20;DC01;kerberos;4769;;;a.klein@DEMO.NOPCAP.NET;DEMO;;cifs/fs01.demo.nopcap.net;;;;AES256;;;;;;;
2026-08-31T16:19:36;DC02;kerberos;4769;;;m.becker@DEMO.NOPCAP.NET;DEMO;;MSSQLSvc/sql01.demo.nopcap.net:1433;;;;AES256;;;;;;;
2026-08-31T16:16:33;DC01;kerberos;4769;;;WKS-0179$@DEMO.NOPCAP.NET;DEMO;;cifs/fs01.demo.nopcap.net;;;;AES256;;;;;;;
2026-08-31T16:16:14;DC01;kerberos;4769;;;k.lorenz@DEMO.NOPCAP.NET;DEMO;;ldap/dc01.demo.nopcap.net;;;;AES256;;;;;;;
2026-08-31T16:15:18;DC01;kerberos;4769;;;administrator@DEMO.NOPCAP.NET;DEMO;;ldap/dc02.demo.nopcap.net;;;;AES256;;;;;;;
2026-08-31T16:14:58;DC01;kerberos;4769;;;svc_monitor@DEMO.NOPCAP.NET;DEMO;;HOST/app03.demo.nopcap.net;;;;AES256;;;;;;;
2026-08-31T16:13:47;DC02;kerberos;4769;;;d.fischer@DEMO.NOPCAP.NET;DEMO;;HTTP/portal.demo.nopcap.net;;;;AES256;;;;;;;
2026-08-31T16:11:23;DC01;kerberos;4769;;;d.fischer@DEMO.NOPCAP.NET;DEMO;;cifs/fs01.demo.nopcap.net;;;;AES256;;;;;;;
2026-08-31T16:10:31;DC02;kerberos;4769;;;a.klein@DEMO.NOPCAP.NET;DEMO;;ldap/dc02.demo.nopcap.net;;;;AES256;;;;;;;
2026-08-31T16:10:00;DC02;kerberos;4769;;;k.lorenz@DEMO.NOPCAP.NET;DEMO;;HOST/app03.demo.nopcap.net;;;;AES256;;;;;;;
2026-08-31T16:04:41;DC02;kerberos;4769;;;m.becker@DEMO.NOPCAP.NET;DEMO;;HTTP/portal.demo.nopcap.net;;;;AES256;;;;;;;
2026-08-31T16:04:24;DC02;kerberos;4769;;;svc_monitor@DEMO.NOPCAP.NET;DEMO;;HOST/app03.demo.nopcap.net;;;;AES256;;;;;;;
2026-08-31T15:56:34;DC01;kerberos;4769;;;WKS-0807$@DEMO.NOPCAP.NET;DEMO;;HTTP/portal.demo.nopcap.net;;;;AES256;;;;;;;
2026-08-31T15:56:03;APP03;outgoing;8001;;;svc_sql;DEMO;WINWORD.EXE;cifs/fs01.demo.nopcap.net;;;;;;;;;;;C:\Program Files\Microsoft Office\root\Office16\WINWORD.EXE
2026-08-31T15:53:14;DC01;kerberos;4769;;;WKS-0310$@DEMO.NOPCAP.NET;DEMO;;HTTP/portal.demo.nopcap.net;;;;AES256;;;;;;;
2026-08-31T15:48:57;WKS-0421;outgoing;4020;NTLMv2;Direct;svc_monitor;DEMO;spoolsv.exe;cifs/printsrv01;;;;;Target name could not be resolved by Kerberos;6;Unprotected;None;;;C:\Windows\System32\spoolsv.exe
2026-08-31T15:45:12;APP03;outgoing;8001;;;d.fischer;DEMO;msedge.exe;HTTP/intranet;;;;;;;;;;;C:\Program Files (x86)\Microsoft\Edge\Application\msedge.exe
2026-08-31T15:44:49;DC02;kerberos;4769;;;p.neumann@DEMO.NOPCAP.NET;DEMO;;TERMSRV/vdi-broker.demo.nopcap.net;;;;AES256;;;;;;;
2026-08-31T15:42:09;DC01;auth;4624;NTLMv1;Direct;svc_scan;DEMO;;;MFP-EG-02;10.14.30.43;3;;;;;;;;
2026-08-31T15:39:35;WKS-0421;outgoing;4020;NTLMv2;Direct;t.hoffmann;DEMO;lsass.exe;cifs/nas01;;;;;Target name could not be resolved by Kerberos;6;Unprotected;None;;;C:\Windows\System32\lsass.exe
2026-08-31T15:39:05;APP03;outgoing;8001;;;p.neumann;DEMO;explorer.exe;cifs/fs01.demo.nopcap.net;;;;;;;;;;;C:\Windows\explorer.exe
2026-08-31T15:38:44;DC01;kerberos;4769;;;p.neumann@DEMO.NOPCAP.NET;DEMO;;ldap/dc02.demo.nopcap.net;;;;AES256;;;;;;;
2026-08-31T15:37:32;APP03;outgoing;8001;;;administrator;DEMO;java.exe;HTTP/erp-test;;;;;;;;;;;C:\Program Files\Eclipse Adoptium\jdk-17\bin\java.exe
2026-08-31T15:34:43;DC01;kerberos;4769;;;NB-1196$@DEMO.NOPCAP.NET;DEMO;;ldap/dc02.demo.nopcap.net;;;;AES256;;;;;;;
2026-08-31T15:34:19;DC02;kerberos;4769;;;svc_sql@DEMO.NOPCAP.NET;DEMO;;MSSQLSvc/sql01.demo.nopcap.net:1433;;;;AES256;;;;;;;
2026-08-31T15:33:44;DC02;kerberos;4769;;;a.klein@DEMO.NOPCAP.NET;DEMO;;ldap/dc01.demo.nopcap.net;;;;AES256;;;;;;;
2026-08-31T15:32:41;DC01;kerberos;4769;;;m.becker@DEMO.NOPCAP.NET;DEMO;;HTTP/portal.demo.nopcap.net;;;;AES256;;;;;;;
2026-08-31T15:31:52;DC01;kerberos;4769;;;WKS-0226$@DEMO.NOPCAP.NET;DEMO;;HOST/app03.demo.nopcap.net;;;;AES256;;;;;;;
2026-08-31T15:30:15;DC01;kerberos;4769;;;j.schulz@DEMO.NOPCAP.NET;DEMO;;HOST/app03.demo.nopcap.net;;;;AES256;;;;;;;
2026-08-31T15:27:13;DC01;auth;4624;NTLMv2;Direct;svc_sql;DEMO;;;NB-1336;10.14.21.131;3;;;;;;;;
2026-08-31T15:25:54;DC01;kerberos;4769;;;NB-1159$@DEMO.NOPCAP.NET;DEMO;;ldap/dc02.demo.nopcap.net;;;;AES256;;;;;;;
2026-08-31T15:25:11;FS01;outgoing;8001;;;d.fischer;DEMO;explorer.exe;cifs/fs01.demo.nopcap.net;;;;;;;;;;;C:\Windows\explorer.exe
2026-08-31T15:13:02;DC02;kerberos;4769;;;a.klein@DEMO.NOPCAP.NET;DEMO;;HTTP/portal.demo.nopcap.net;;;;AES256;;;;;;;
2026-08-31T15:08:54;DC01;kerberos;4769;;;svc_web@DEMO.NOPCAP.NET;DEMO;;ldap/dc01.demo.nopcap.net;;;;RC4;;;;;;;
2026-08-31T15:07:04;DC02;kerberos;4769;;;p.neumann@DEMO.NOPCAP.NET;DEMO;;cifs/fs01.demo.nopcap.net;;;;AES256;;;;;;;
2026-08-31T15:04:57;DC02;kerberos;4769;;;t.hoffmann@DEMO.NOPCAP.NET;DEMO;;cifs/fs01.demo.nopcap.net;;;;AES256;;;;;;;
2026-08-31T15:00:42;DC02;kerberos;4769;;;m.becker@DEMO.NOPCAP.NET;DEMO;;HOST/app03.demo.nopcap.net;;;;AES256;;;;;;;
2026-08-31T14:59:05;DC01;kerberos;4769;;;NB-1250$@DEMO.NOPCAP.NET;DEMO;;TERMSRV/vdi-broker.demo.nopcap.net;;;;AES256;;;;;;;
2026-08-31T14:56:11;DC02;kerberos;4769;;;svc_backup@DEMO.NOPCAP.NET;DEMO;;HTTP/portal.demo.nopcap.net;;;;AES256;;;;;;;
2026-08-31T14:49:35;DC02;kerberos;4769;;;j.schulz@DEMO.NOPCAP.NET;DEMO;;TERMSRV/vdi-broker.demo.nopcap.net;;;;AES256;;;;;;;
2026-08-31T14:48:29;DC01;kerberos;4769;;;svc_backup@DEMO.NOPCAP.NET;DEMO;;HTTP/portal.demo.nopcap.net;;;;AES256;;;;;;;
2026-08-31T14:45:26;FS01;outgoing;8001;;;t.hoffmann;DEMO;robocopy.exe;cifs/archive01;;;;;;;;;;;C:\Windows\System32\robocopy.exe
2026-08-31T14:43:06;FS01;outgoing;8001;;;p.neumann;DEMO;msedge.exe;HTTP/intranet;;;;;;;;;;;C:\Program Files (x86)\Microsoft\Edge\Application\msedge.exe
2026-08-31T14:42:58;DC01;kerberos;4769;;;svc_backup@DEMO.NOPCAP.NET;DEMO;;TERMSRV/vdi-broker.demo.nopcap.net;;;;AES256;;;;;;;
2026-08-31T14:35:50;DC02;kerberos;4769;;;a.klein@DEMO.NOPCAP.NET;DEMO;;HOST/app03.demo.nopcap.net;;;;AES256;;;;;;;
2026-08-31T14:34:31;DC01;kerberos;4769;;;svc_backup@DEMO.NOPCAP.NET;DEMO;;ldap/dc01.demo.nopcap.net;;;;AES256;;;;;;;
2026-08-31T14:34:17;DC01;kerberos;4769;;;WKS-0344$@DEMO.NOPCAP.NET;DEMO;;HTTP/portal.demo.nopcap.net;;;;AES256;;;;;;;
2026-08-31T14:31:35;DC01;kerberos;4769;;;m.becker@DEMO.NOPCAP.NET;DEMO;;MSSQLSvc/sql01.demo.nopcap.net:1433;;;;AES256;;;;;;;
2026-08-31T14:28:01;DC02;kerberos;4769;;;administrator@DEMO.NOPCAP.NET;DEMO;;cifs/fs01.demo.nopcap.net;;;;AES256;;;;;;;
2026-08-31T14:26:31;DC01;kerberos;4769;;;WKS-0547$@DEMO.NOPCAP.NET;DEMO;;TERMSRV/vdi-broker.demo.nopcap.net;;;;AES256;;;;;;;
2026-08-31T14:25:33;DC02;kerberos;4769;;;svc_web@DEMO.NOPCAP.NET;DEMO;;ldap/dc02.demo.nopcap.net;;;;AES256;;;;;;;
2026-08-31T14:24:50;DC02;kerberos;4769;;;s.wagner@DEMO.NOPCAP.NET;DEMO;;TERMSRV/vdi-broker.demo.nopcap.net;;;;AES256;;;;;;;
2026-08-31T14:23:34;APP03;outgoing;8001;;;d.fischer;DEMO;powershell.exe;cifs/10.14.22.31;;;;;;;;;;;C:\Windows\System32\WindowsPowerShell\v1.0\powershell.exe
2026-08-31T14:20:04;DC01;kerberos;4769;;;p.neumann@DEMO.NOPCAP.NET;DEMO;;HOST/app03.demo.nopcap.net;;;;AES256;;;;;;;
2026-08-31T14:19:34;DC01;kerberos;4769;;;VDI-021$@DEMO.NOPCAP.NET;DEMO;;ldap/dc01.demo.nopcap.net;;;;AES256;;;;;;;
2026-08-31T14:18:30;DC01;kerberos;4769;;;svc_sql@DEMO.NOPCAP.NET;DEMO;;HTTP/portal.demo.nopcap.net;;;;AES256;;;;;;;
2026-08-31T14:15:23;DC02;kerberos;4769;;;svc_backup@DEMO.NOPCAP.NET;DEMO;;ldap/dc02.demo.nopcap.net;;;;AES256;;;;;;;
2026-08-31T14:12:57;DC01;kerberos;4769;;;svc_sql@DEMO.NOPCAP.NET;DEMO;;ldap/dc02.demo.nopcap.net;;;;AES256;;;;;;;
2026-08-31T14:11:25;DC02;kerberos;4769;;;d.fischer@DEMO.NOPCAP.NET;DEMO;;MSSQLSvc/sql01.demo.nopcap.net:1433;;;;AES256;;;;;;;
2026-08-31T14:03:21;DC01;kerberos;4769;;;a.klein@DEMO.NOPCAP.NET;DEMO;;HTTP/portal.demo.nopcap.net;;;;AES256;;;;;;;
2026-08-31T14:02:53;DC01;kerberos;4769;;;VDI-080$@DEMO.NOPCAP.NET;DEMO;;ldap/dc01.demo.nopcap.net;;;;AES256;;;;;;;
2026-08-31T14:01:23;DC01;kerberos;4769;;;a.klein@DEMO.NOPCAP.NET;DEMO;;MSSQLSvc/sql01.demo.nopcap.net:1433;;;;AES256;;;;;;;
2026-08-31T14:00:09;APP03;outgoing;8001;;;svc_backup;DEMO;svchost.exe;ldap/dc01.demo.nopcap.net;;;;;;;;;;;C:\Windows\System32\svchost.exe
2026-08-31T13:58:20;DC01;kerberos;4769;;;WKS-0796$@DEMO.NOPCAP.NET;DEMO;;TERMSRV/vdi-broker.demo.nopcap.net;;;;AES256;;;;;;;
2026-08-31T13:56:33;DC01;kerberos;4769;;;NB-1329$@DEMO.NOPCAP.NET;DEMO;;ldap/dc01.demo.nopcap.net;;;;AES256;;;;;;;
2026-08-31T13:53:45;DC02;kerberos;4769;;;p.neumann@DEMO.NOPCAP.NET;DEMO;;cifs/fs01.demo.nopcap.net;;;;AES256;;;;;;;
2026-08-31T13:49:07;DC01;kerberos;4769;;;NB-1147$@DEMO.NOPCAP.NET;DEMO;;HTTP/portal.demo.nopcap.net;;;;AES256;;;;;;;
2026-08-31T13:48:50;WKS-0421;outgoing;4001;;Blocked;s.wagner;DEMO;spoolsv.exe;cifs/printsrv01;;;;;;;;;;;C:\Windows\System32\spoolsv.exe
2026-08-31T13:48:17;DC01;kerberos;4769;;;svc_web@DEMO.NOPCAP.NET;DEMO;;MSSQLSvc/sql01.demo.nopcap.net:1433;;;;AES256;;;;;;;
2026-08-31T13:41:47;APP03;outgoing;8001;;;d.fischer;DEMO;mmc.exe;cifs/10.14.22.31;;;;;;;;;;;C:\Windows\System32\mmc.exe
2026-08-31T13:38:09;DC02;kerberos;4769;;;svc_monitor@DEMO.NOPCAP.NET;DEMO;;ldap/dc01.demo.nopcap.net;;;;AES256;;;;;;;
2026-08-31T13:36:50;DC01;kerberos;4769;;;WKS-0596$@DEMO.NOPCAP.NET;DEMO;;HOST/app03.demo.nopcap.net;;;;AES256;;;;;;;
2026-08-31T13:33:38;DC01;auth;4624;NTLMv2;Fallback;m.becker;DEMO;;;VDI-046;10.14.21.239;3;;;;;;;;
2026-08-31T13:32:20;DC02;kerberos;4769;;;p.neumann@DEMO.NOPCAP.NET;DEMO;;MSSQLSvc/sql01.demo.nopcap.net:1433;;;;AES256;;;;;;;
2026-08-31T13:28:39;DC01;kerberos;4769;;;t.hoffmann@DEMO.NOPCAP.NET;DEMO;;TERMSRV/vdi-broker.demo.nopcap.net;;;;AES256;;;;;;;
2026-08-31T13:25:12;DC01;kerberos;4769;;;t.hoffmann@DEMO.NOPCAP.NET;DEMO;;ldap/dc02.demo.nopcap.net;;;;AES256;;;;;;;
2026-08-31T13:24:39;DC01;incoming;8003;;;d.fischer;DEMO;w3wp.exe;;WKS-0459;;3;;;;;;;;
2026-08-31T13:20:35;APP03;outgoing;8001;;;m.becker;DEMO;System;cifs/fs01.demo.nopcap.net;;;;;;;;;;;
2026-08-31T13:19:52;DC02;auth;4624;NTLMv2;Direct;svc_monitor;DEMO;;;VDI-025;10.14.20.108;3;;;;;;;;
2026-08-31T13:18:07;DC01;kerberos;4769;;;VDI-052$@DEMO.NOPCAP.NET;DEMO;;MSSQLSvc/sql01.demo.nopcap.net:1433;;;;AES256;;;;;;;
2026-08-31T13:17:18;DC02;krbfail;4769;;;administrator@DEMO.NOPCAP.NET;DEMO;;TERMSRV/vdi-broker.demo.nopcap.net;;;;;;;;;;0xe;
2026-08-31T13:16:09;DC02;kerberos;4769;;;s.wagner@DEMO.NOPCAP.NET;DEMO;;ldap/dc01.demo.nopcap.net;;;;AES256;;;;;;;
2026-08-31T13:15:47;DC01;kerberos;4769;;;WKS-0739$@DEMO.NOPCAP.NET;DEMO;;HOST/app03.demo.nopcap.net;;;;AES256;;;;;;;
2026-08-31T13:14:31;DC02;kerberos;4769;;;j.schulz@DEMO.NOPCAP.NET;DEMO;;HTTP/portal.demo.nopcap.net;;;;AES256;;;;;;;
2026-08-31T13:12:31;DC01;kerberos;4769;;;s.wagner@DEMO.NOPCAP.NET;DEMO;;ldap/dc02.demo.nopcap.net;;;;AES256;;;;;;;
2026-08-31T13:12:24;DC01;auth;4624;NTLMv2;Direct;s.wagner;DEMO;;;NB-1383;10.14.24.66;3;;;;;;;;
2026-08-31T13:09:22;DC02;kerberos;4769;;;k.lorenz@DEMO.NOPCAP.NET;DEMO;;HOST/app03.demo.nopcap.net;;;;AES256;;;;;;;
2026-08-31T13:07:12;FS01;outgoing;8001;;;m.becker;DEMO;svchost.exe;ldap/dc01.demo.nopcap.net;;;;;;;;;;;C:\Windows\System32\svchost.exe
2026-08-31T12:55:53;DC01;domain;8004;;;m.becker;DEMO;;FS01;WKS-0455;;;;;;;;;;
2026-08-31T12:54:43;DC01;kerberos;4769;;;NB-1360$@DEMO.NOPCAP.NET;DEMO;;TERMSRV/vdi-broker.demo.nopcap.net;;;;AES256;;;;;;;
2026-08-31T12:53:35;DC02;kerberos;4769;;;j.schulz@DEMO.NOPCAP.NET;DEMO;;ldap/dc01.demo.nopcap.net;;;;AES256;;;;;;;
2026-08-31T12:53:12;DC01;kerberos;4769;;;svc_monitor@DEMO.NOPCAP.NET;DEMO;;HOST/app03.demo.nopcap.net;;;;AES256;;;;;;;
2026-08-31T12:52:36;DC02;kerberos;4769;;;svc_sql@DEMO.NOPCAP.NET;DEMO;;TERMSRV/vdi-broker.demo.nopcap.net;;;;AES256;;;;;;;
2026-08-31T12:46:43;DC01;kerberos;4769;;;WKS-0701$@DEMO.NOPCAP.NET;DEMO;;HTTP/portal.demo.nopcap.net;;;;AES256;;;;;;;
2026-08-31T12:43:48;DC02;kerberos;4769;;;svc_sql@DEMO.NOPCAP.NET;DEMO;;TERMSRV/vdi-broker.demo.nopcap.net;;;;AES256;;;;;;;
2026-08-31T12:39:35;DC01;kerberos;4769;;;j.schulz@DEMO.NOPCAP.NET;DEMO;;MSSQLSvc/sql01.demo.nopcap.net:1433;;;;AES256;;;;;;;
2026-08-31T12:38:01;DC01;kerberos;4769;;;NB-1100$@DEMO.NOPCAP.NET;DEMO;;TERMSRV/vdi-broker.demo.nopcap.net;;;;AES256;;;;;;;
2026-08-31T12:37:46;WKS-0421;outgoing;4020;NTLMv2;Direct;t.hoffmann;DEMO;powershell.exe;cifs/10.14.22.31;;;;;Target name contains an IP address;7;Unprotected;None;;;C:\Windows\System32\WindowsPowerShell\v1.0\powershell.exe
2026-08-31T12:36:43;DC01;kerberos;4769;;;VDI-013$@DEMO.NOPCAP.NET;DEMO;;TERMSRV/vdi-broker.demo.nopcap.net;;;;AES256;;;;;;;
2026-08-31T12:17:26;DC02;kerberos;4769;;;t.hoffmann@DEMO.NOPCAP.NET;DEMO;;TERMSRV/vdi-broker.demo.nopcap.net;;;;AES256;;;;;;;
2026-08-31T12:16:04;DC01;kerberos;4769;;;j.schulz@DEMO.NOPCAP.NET;DEMO;;HOST/app03.demo.nopcap.net;;;;AES256;;;;;;;
2026-08-31T12:14:14;DC02;kerberos;4769;;;k.lorenz@DEMO.NOPCAP.NET;DEMO;;HTTP/portal.demo.nopcap.net;;;;AES256;;;;;;;
2026-08-31T12:11:32;DC01;kerberos;4769;;;j.schulz@DEMO.NOPCAP.NET;DEMO;;cifs/fs01.demo.nopcap.net;;;;AES256;;;;;;;
2026-08-31T12:10:52;DC02;kerberos;4769;;;t.hoffmann@DEMO.NOPCAP.NET;DEMO;;HTTP/portal.demo.nopcap.net;;;;AES256;;;;;;;
2026-08-31T12:04:34;DC01;kerberos;4769;;;a.klein@DEMO.NOPCAP.NET;DEMO;;cifs/fs01.demo.nopcap.net;;;;AES256;;;;;;;
2026-08-31T12:03:12;DC01;kerberos;4769;;;a.klein@DEMO.NOPCAP.NET;DEMO;;TERMSRV/vdi-broker.demo.nopcap.net;;;;AES256;;;;;;;
2026-08-31T12:00:53;DC01;kerberos;4769;;;NB-1330$@DEMO.NOPCAP.NET;DEMO;;HTTP/portal.demo.nopcap.net;;;;AES256;;;;;;;
2026-08-31T11:59:25;DC02;kerberos;4769;;;svc_sql@DEMO.NOPCAP.NET;DEMO;;TERMSRV/vdi-broker.demo.nopcap.net;;;;AES256;;;;;;;
2026-08-31T11:57:45;DC01;kerberos;4769;;;s.wagner@DEMO.NOPCAP.NET;DEMO;;cifs/fs01.demo.nopcap.net;;;;AES256;;;;;;;
2026-08-31T11:51:01;APP03;outgoing;8001;;;a.klein;DEMO;System;cifs/fs01.demo.nopcap.net;;;;;;;;;;;
2026-08-31T11:50:05;DC02;kerberos;4769;;;administrator@DEMO.NOPCAP.NET;DEMO;;MSSQLSvc/sql01.demo.nopcap.net:1433;;;;AES256;;;;;;;
2026-08-31T11:49:43;WKS-0421;outgoing;4020;NTLMv2;Direct;k.lorenz;DEMO;System;cifs/fs01.demo.nopcap.net;;;;;Application called NTLM directly;1;Unprotected;None;;;
2026-08-31T11:48:04;DC02;domain;8004;;;svc_web;DEMO;;PRINTSRV01;NB-1214;;;;;;;;;;
2026-08-31T11:43:49;DC01;kerberos;4769;;;j.schulz@DEMO.NOPCAP.NET;DEMO;;MSSQLSvc/sql01.demo.nopcap.net:1433;;;;AES256;;;;;;;
2026-08-31T11:42:03;DC01;incoming;8003;;;p.neumann;DEMO;svchost.exe;;NB-1314;;3;;;;;;;;
2026-08-31T11:38:38;DC02;kerberos;4769;;;svc_sql@DEMO.NOPCAP.NET;DEMO;;HTTP/portal.demo.nopcap.net;;;;AES256;;;;;;;
2026-08-31T11:26:29;DC01;kerberos;4769;;;svc_web@DEMO.NOPCAP.NET;DEMO;;HOST/app03.demo.nopcap.net;;;;RC4;;;;;;;
2026-08-31T11:26:13;DC01;kerberos;4769;;;WKS-0722$@DEMO.NOPCAP.NET;DEMO;;cifs/fs01.demo.nopcap.net;;;;AES256;;;;;;;
2026-08-31T11:23:06;DC01;auth;4624;NTLMv2;Fallback;p.neumann;DEMO;;;WKS-0685;10.14.20.111;3;;;;;;;;
2026-08-31T11:22:58;DC01;kerberos;4769;;;m.becker@DEMO.NOPCAP.NET;DEMO;;HTTP/portal.demo.nopcap.net;;;;AES256;;;;;;;
2026-08-31T11:22:15;DC02;kerberos;4769;;;s.wagner@DEMO.NOPCAP.NET;DEMO;;ldap/dc01.demo.nopcap.net;;;;AES256;;;;;;;
2026-08-31T11:19:57;DC01;kerberos;4769;;;svc_sql@DEMO.NOPCAP.NET;DEMO;;cifs/fs01.demo.nopcap.net;;;;AES256;;;;;;;
2026-08-31T11:18:12;DC01;kerberos;4769;;;WKS-0685$@DEMO.NOPCAP.NET;DEMO;;ldap/dc01.demo.nopcap.net;;;;AES256;;;;;;;
2026-08-31T11:17:48;DC01;kerberos;4769;;;NB-1340$@DEMO.NOPCAP.NET;DEMO;;HTTP/portal.demo.nopcap.net;;;;AES256;;;;;;;
2026-08-31T11:10:14;DC01;kerberos;4769;;;WKS-0384$@DEMO.NOPCAP.NET;DEMO;;ldap/dc02.demo.nopcap.net;;;;AES256;;;;;;;
2026-08-31T11:05:59;DC02;kerberos;4769;;;svc_backup@DEMO.NOPCAP.NET;DEMO;;HTTP/portal.demo.nopcap.net;;;;AES256;;;;;;;
2026-08-31T11:05:56;DC02;kerberos;4769;;;j.schulz@DEMO.NOPCAP.NET;DEMO;;HTTP/portal.demo.nopcap.net;;;;AES256;;;;;;;
2026-08-31T11:04:11;DC01;kerberos;4769;;;svc_web@DEMO.NOPCAP.NET;DEMO;;cifs/fs01.demo.nopcap.net;;;;RC4;;;;;;;
2026-08-31T10:59:06;APP03;outgoing;8001;;;svc_web;DEMO;svchost.exe;ldap/dc01.demo.nopcap.net;;;;;;;;;;;C:\Windows\System32\svchost.exe
2026-08-31T10:58:05;DC01;kerberos;4769;;;administrator@DEMO.NOPCAP.NET;DEMO;;ldap/dc02.demo.nopcap.net;;;;AES256;;;;;;;
2026-08-31T10:57:35;DC02;kerberos;4769;;;p.neumann@DEMO.NOPCAP.NET;DEMO;;HTTP/portal.demo.nopcap.net;;;;AES256;;;;;;;
2026-08-31T10:50:29;FS01;incoming;8002;;;APP03$;DEMO;sqlservr.exe;;;;;;;;;;;;
2026-08-31T10:50:19;DC01;auth;4624;NTLMv2;Direct;s.wagner;DEMO;;;WKS-0847;10.14.23.141;3;;;;;;;;
2026-08-31T10:48:52;DC01;kerberos;4769;;;NB-1149$@DEMO.NOPCAP.NET;DEMO;;cifs/fs01.demo.nopcap.net;;;;AES256;;;;;;;
2026-08-31T10:48:00;DC01;kerberos;4769;;;svc_web@DEMO.NOPCAP.NET;DEMO;;TERMSRV/vdi-broker.demo.nopcap.net;;;;RC4;;;;;;;
2026-08-31T10:45:47;DC01;kerberos;4769;;;VDI-044$@DEMO.NOPCAP.NET;DEMO;;TERMSRV/vdi-broker.demo.nopcap.net;;;;AES256;;;;;;;
2026-08-31T10:44:43;DC01;kerberos;4769;;;VDI-060$@DEMO.NOPCAP.NET;DEMO;;cifs/fs01.demo.nopcap.net;;;;AES256;;;;;;;
2026-08-31T10:43:21;DC01;domain;8004;;;d.fischer;DEMO;;NAS01;VDI-054;;;;;;;;;;
2026-08-31T10:40:55;WKS-0421;outgoing;8001;;;svc_sql;DEMO;lsass.exe;cifs/nas01;;;;;;;;;;;C:\Windows\System32\lsass.exe
2026-08-31T10:36:40;DC02;kerberos;4769;;;d.fischer@DEMO.NOPCAP.NET;DEMO;;HTTP/portal.demo.nopcap.net;;;;AES256;;;;;;;
2026-08-31T10:36:32;DC01;kerberos;4769;;;k.lorenz@DEMO.NOPCAP.NET;DEMO;;TERMSRV/vdi-broker.demo.nopcap.net;;;;AES256;;;;;;;
2026-08-31T10:31:01;DC02;kerberos;4769;;;svc_monitor@DEMO.NOPCAP.NET;DEMO;;ldap/dc01.demo.nopcap.net;;;;AES256;;;;;;;
2026-08-31T10:29:16;APP03;outgoing;8001;;;a.klein;DEMO;System;cifs/fs01.demo.nopcap.net;;;;;;;;;;;
2026-08-31T10:28:40;WKS-0421;outgoing;4020;NTLMv2;Direct;svc_backup;DEMO;spoolsv.exe;cifs/printsrv01;;;;;Target name could not be resolved by Kerberos;6;Unprotected;None;;;C:\Windows\System32\spoolsv.exe
2026-08-31T10:28:34;DC01;domain;4032;NTLMv2;;m.becker;DEMO;;APP03;VDI-065;;;;;;;;Windows Server 2016 Standard;;
2026-08-31T10:25:32;DC02;kerberos;4769;;;t.hoffmann@DEMO.NOPCAP.NET;DEMO;;MSSQLSvc/sql01.demo.nopcap.net:1433;;;;AES256;;;;;;;
2026-08-31T10:24:31;DC02;kerberos;4769;;;p.neumann@DEMO.NOPCAP.NET;DEMO;;HOST/app03.demo.nopcap.net;;;;AES256;;;;;;;
2026-08-31T10:15:31;DC01;kerberos;4769;;;svc_backup@DEMO.NOPCAP.NET;DEMO;;ldap/dc01.demo.nopcap.net;;;;AES256;;;;;;;
2026-08-31T10:14:00;DC01;kerberos;4769;;;administrator@DEMO.NOPCAP.NET;DEMO;;HOST/app03.demo.nopcap.net;;;;AES256;;;;;;;
2026-08-31T10:10:20;DC02;kerberos;4769;;;svc_monitor@DEMO.NOPCAP.NET;DEMO;;HTTP/portal.demo.nopcap.net;;;;AES256;;;;;;;
2026-08-31T10:02:42;DC01;kerberos;4769;;;svc_web@DEMO.NOPCAP.NET;DEMO;;cifs/fs01.demo.nopcap.net;;;;AES256;;;;;;;
2026-08-31T10:00:35;DC02;kerberos;4769;;;a.klein@DEMO.NOPCAP.NET;DEMO;;ldap/dc01.demo.nopcap.net;;;;AES256;;;;;;;
2026-08-31T10:00:03;DC01;krbfail;4769;;;d.fischer@DEMO.NOPCAP.NET;DEMO;;cifs/nas01;;;;;;;;;;0x7;
2026-08-31T09:51:17;DC02;krbfail;4769;;;d.fischer@DEMO.NOPCAP.NET;DEMO;;cifs/fs01.demo.nopcap.net;;;;;;;;;;0x25;
2026-08-31T09:50:18;DC01;incoming;8003;;;j.schulz;DEMO;sqlservr.exe;;NB-1276;;3;;;;;;;;
2026-08-31T09:50:05;DC02;kerberos;4769;;;a.klein@DEMO.NOPCAP.NET;DEMO;;HOST/app03.demo.nopcap.net;;;;AES256;;;;;;;
2026-08-31T09:47:55;DC01;kerberos;4769;;;WKS-0227$@DEMO.NOPCAP.NET;DEMO;;HTTP/portal.demo.nopcap.net;;;;AES256;;;;;;;
2026-08-31T09:45:46;DC02;kerberos;4769;;;svc_sql@DEMO.NOPCAP.NET;DEMO;;HOST/app03.demo.nopcap.net;;;;AES256;;;;;;;
2026-08-31T09:44:24;DC01;kerberos;4769;;;s.wagner@DEMO.NOPCAP.NET;DEMO;;ldap/dc02.demo.nopcap.net;;;;AES256;;;;;;;
2026-08-31T09:41:43;DC01;kerberos;4769;;;NB-1001$@DEMO.NOPCAP.NET;DEMO;;MSSQLSvc/sql01.demo.nopcap.net:1433;;;;AES256;;;;;;;
2026-08-31T09:37:44;DC01;auth;4624;NTLMv2;Direct;svc_sql;DEMO;;;WKS-0104;10.14.20.164;3;;;;;;;;
2026-08-31T09:35:37;DC02;kerberos;4769;;;administrator@DEMO.NOPCAP.NET;DEMO;;ldap/dc02.demo.nopcap.net;;;;AES256;;;;;;;
2026-08-31T09:33:42;DC01;kerberos;4769;;;d.fischer@DEMO.NOPCAP.NET;DEMO;;TERMSRV/vdi-broker.demo.nopcap.net;;;;AES256;;;;;;;
2026-08-31T09:33:26;FS01;outgoing;8001;;;administrator;DEMO;explorer.exe;cifs/fs01.demo.nopcap.net;;;;;;;;;;;C:\Windows\explorer.exe
2026-08-31T09:32:27;DC02;kerberos;4769;;;m.becker@DEMO.NOPCAP.NET;DEMO;;ldap/dc02.demo.nopcap.net;;;;AES256;;;;;;;
2026-08-31T09:29:39;APP03;outgoing;8001;;;t.hoffmann;DEMO;EXCEL.EXE;cifs/fs01.demo.nopcap.net;;;;;;;;;;;C:\Program Files\Microsoft Office\root\Office16\EXCEL.EXE
2026-08-31T09:28:55;DC01;kerberos;4769;;;NB-1014$@DEMO.NOPCAP.NET;DEMO;;HTTP/portal.demo.nopcap.net;;;;AES256;;;;;;;
2026-08-31T09:27:32;DC01;kerberos;4769;;;k.lorenz@DEMO.NOPCAP.NET;DEMO;;MSSQLSvc/sql01.demo.nopcap.net:1433;;;;AES256;;;;;;;
2026-08-31T09:23:33;DC01;kerberos;4769;;;VDI-041$@DEMO.NOPCAP.NET;DEMO;;HOST/app03.demo.nopcap.net;;;;AES256;;;;;;;
2026-08-31T09:20:56;WKS-0421;outgoing;4020;NTLMv2;Direct;svc_sql;DEMO;wsmprovhost.exe;HOST/app03;;;;;Target name could not be resolved by Kerberos;6;Unprotected;None;;;C:\Windows\System32\wsmprovhost.exe
2026-08-31T09:17:08;DC01;kerberos;4769;;;d.fischer@DEMO.NOPCAP.NET;DEMO;;ldap/dc01.demo.nopcap.net;;;;AES256;;;;;;;
2026-08-31T09:12:09;DC01;kerberos;4769;;;k.lorenz@DEMO.NOPCAP.NET;DEMO;;MSSQLSvc/sql01.demo.nopcap.net:1433;;;;AES256;;;;;;;
2026-08-31T09:10:45;FS01;outgoing;8001;;;d.fischer;DEMO;System;cifs/fs01.demo.nopcap.net;;;;;;;;;;;
2026-08-31T09:08:45;FS01;outgoing;8001;;;t.hoffmann;DEMO;lsass.exe;cifs/nas01;;;;;;;;;;;C:\Windows\System32\lsass.exe
2026-08-31T09:07:58;DC02;kerberos;4769;;;d.fischer@DEMO.NOPCAP.NET;DEMO;;HTTP/portal.demo.nopcap.net;;;;AES256;;;;;;;
2026-08-31T09:06:47;DC01;kerberos;4769;;;s.wagner@DEMO.NOPCAP.NET;DEMO;;TERMSRV/vdi-broker.demo.nopcap.net;;;;AES256;;;;;;;
2026-08-31T09:06:29;DC01;kerberos;4769;;;svc_backup@DEMO.NOPCAP.NET;DEMO;;TERMSRV/vdi-broker.demo.nopcap.net;;;;AES256;;;;;;;
2026-08-31T09:05:41;DC01;kerberos;4769;;;WKS-0675$@DEMO.NOPCAP.NET;DEMO;;HTTP/portal.demo.nopcap.net;;;;AES256;;;;;;;
2026-08-31T09:05:33;DC01;kerberos;4769;;;p.neumann@DEMO.NOPCAP.NET;DEMO;;ldap/dc02.demo.nopcap.net;;;;AES256;;;;;;;
2026-08-31T09:05:09;DC01;kerberos;4769;;;VDI-063$@DEMO.NOPCAP.NET;DEMO;;HOST/app03.demo.nopcap.net;;;;AES256;;;;;;;
2026-08-31T09:00:51;DC01;auth;4624;NTLMv2;Direct;svc_sql;DEMO;;;WKS-0403;10.14.22.51;3;;;;;;;;
2026-08-31T08:32:04;DC01;kerberos;4769;;;p.neumann@DEMO.NOPCAP.NET;DEMO;;HTTP/portal.demo.nopcap.net;;;;AES256;;;;;;;
2026-08-31T08:31:27;DC01;kerberos;4769;;;s.wagner@DEMO.NOPCAP.NET;DEMO;;MSSQLSvc/sql01.demo.nopcap.net:1433;;;;AES256;;;;;;;
2026-08-31T08:30:31;DC01;kerberos;4769;;;WKS-0306$@DEMO.NOPCAP.NET;DEMO;;HOST/app03.demo.nopcap.net;;;;AES256;;;;;;;
2026-08-31T08:27:56;DC02;kerberos;4769;;;administrator@DEMO.NOPCAP.NET;DEMO;;HOST/app03.demo.nopcap.net;;;;AES256;;;;;;;
2026-08-31T08:27:07;DC02;kerberos;4769;;;s.wagner@DEMO.NOPCAP.NET;DEMO;;ldap/dc02.demo.nopcap.net;;;;AES256;;;;;;;
2026-08-31T08:15:24;DC01;kerberos;4769;;;svc_sql@DEMO.NOPCAP.NET;DEMO;;cifs/fs01.demo.nopcap.net;;;;AES256;;;;;;;
2026-08-31T08:10:07;DC02;kerberos;4769;;;svc_backup@DEMO.NOPCAP.NET;DEMO;;MSSQLSvc/sql01.demo.nopcap.net:1433;;;;AES256;;;;;;;
2026-08-31T08:04:31;DC01;kerberos;4769;;;WKS-0128$@DEMO.NOPCAP.NET;DEMO;;ldap/dc01.demo.nopcap.net;;;;AES256;;;;;;;
2026-08-31T08:01:22;DC02;kerberos;4769;;;s.wagner@DEMO.NOPCAP.NET;DEMO;;ldap/dc02.demo.nopcap.net;;;;AES256;;;;;;;
2026-08-30T17:52:04;DC02;kerberos;4769;;;svc_sql@DEMO.NOPCAP.NET;DEMO;;ldap/dc01.demo.nopcap.net;;;;AES256;;;;;;;
2026-08-30T17:41:37;DC01;kerberos;4769;;;s.wagner@DEMO.NOPCAP.NET;DEMO;;ldap/dc02.demo.nopcap.net;;;;AES256;;;;;;;
2026-08-30T17:41:33;DC01;kerberos;4769;;;k.lorenz@DEMO.NOPCAP.NET;DEMO;;cifs/fs01.demo.nopcap.net;;;;AES256;;;;;;;
2026-08-30T17:40:54;DC01;kerberos;4769;;;WKS-0502$@DEMO.NOPCAP.NET;DEMO;;ldap/dc01.demo.nopcap.net;;;;AES256;;;;;;;
2026-08-30T17:24:00;DC01;kerberos;4769;;;NB-1022$@DEMO.NOPCAP.NET;DEMO;;HTTP/portal.demo.nopcap.net;;;;AES256;;;;;;;
2026-08-30T17:14:50;DC01;kerberos;4769;;;VDI-058$@DEMO.NOPCAP.NET;DEMO;;TERMSRV/vdi-broker.demo.nopcap.net;;;;AES256;;;;;;;
2026-08-30T17:01:31;DC02;kerberos;4769;;;svc_web@DEMO.NOPCAP.NET;DEMO;;cifs/fs01.demo.nopcap.net;;;;RC4;;;;;;;
2026-08-30T16:58:10;DC01;kerberos;4769;;;WKS-0884$@DEMO.NOPCAP.NET;DEMO;;TERMSRV/vdi-broker.demo.nopcap.net;;;;AES256;;;;;;;
2026-08-30T16:51:01;DC01;auth;4624;NTLMv2;Fallback;j.schulz;DEMO;;;NB-1344;10.14.20.227;3;;;;;;;;
2026-08-30T16:49:28;DC01;kerberos;4769;;;s.wagner@DEMO.NOPCAP.NET;DEMO;;HTTP/portal.demo.nopcap.net;;;;AES256;;;;;;;
2026-08-30T16:44:15;DC01;kerberos;4769;;;WKS-0889$@DEMO.NOPCAP.NET;DEMO;;ldap/dc01.demo.nopcap.net;;;;AES256;;;;;;;
2026-08-30T16:38:29;DC01;kerberos;4769;;;VDI-085$@DEMO.NOPCAP.NET;DEMO;;MSSQLSvc/sql01.demo.nopcap.net:1433;;;;AES256;;;;;;;
2026-08-30T16:34:04;DC01;kerberos;4769;;;VDI-083$@DEMO.NOPCAP.NET;DEMO;;TERMSRV/vdi-broker.demo.nopcap.net;;;;AES256;;;;;;;
2026-08-30T16:24:43;DC02;kerberos;4769;;;t.hoffmann@DEMO.NOPCAP.NET;DEMO;;cifs/fs01.demo.nopcap.net;;;;AES256;;;;;;;
2026-08-30T16:11:55;DC01;kerberos;4769;;;administrator@DEMO.NOPCAP.NET;DEMO;;cifs/fs01.demo.nopcap.net;;;;AES256;;;;;;;
2026-08-30T16:11:28;DC01;auth;4624;NTLMv2;Direct;svc_sql;DEMO;;;NB-1216;10.14.22.170;3;;;;;;;;
2026-08-30T16:08:02;DC01;kerberos;4769;;;s.wagner@DEMO.NOPCAP.NET;DEMO;;ldap/dc02.demo.nopcap.net;;;;AES256;;;;;;;
2026-08-30T15:53:59;DC02;kerberos;4769;;;svc_backup@DEMO.NOPCAP.NET;DEMO;;HOST/app03.demo.nopcap.net;;;;AES256;;;;;;;
2026-08-30T15:51:07;DC01;kerberos;4769;;;j.schulz@DEMO.NOPCAP.NET;DEMO;;HTTP/portal.demo.nopcap.net;;;;AES256;;;;;;;
2026-08-30T15:50:51;DC01;kerberos;4769;;;svc_monitor@DEMO.NOPCAP.NET;DEMO;;ldap/dc01.demo.nopcap.net;;;;AES256;;;;;;;
2026-08-30T15:31:26;DC01;kerberos;4769;;;k.lorenz@DEMO.NOPCAP.NET;DEMO;;TERMSRV/vdi-broker.demo.nopcap.net;;;;AES256;;;;;;;
2026-08-30T15:24:13;DC01;kerberos;4769;;;t.hoffmann@DEMO.NOPCAP.NET;DEMO;;HTTP/portal.demo.nopcap.net;;;;AES256;;;;;;;
2026-08-30T15:05:00;FS01;outgoing;8001;;;svc_sql;DEMO;System;cifs/fs01.demo.nopcap.net;;;;;;;;;;;
2026-08-30T14:54:25;DC01;kerberos;4769;;;VDI-015$@DEMO.NOPCAP.NET;DEMO;;ldap/dc01.demo.nopcap.net;;;;AES256;;;;;;;
2026-08-30T14:54:23;DC01;incoming;8002;;;FS01$;DEMO;sqlservr.exe;;;;;;;;;;;;
2026-08-30T14:31:43;DC01;auth;4624;NTLMv2;Direct;m.becker;DEMO;;;NB-1142;10.14.25.50;3;;;;;;;;
2026-08-30T14:19:52;DC01;kerberos;4769;;;VDI-023$@DEMO.NOPCAP.NET;DEMO;;ldap/dc02.demo.nopcap.net;;;;AES256;;;;;;;
2026-08-30T14:18:52;DC01;kerberos;4769;;;s.wagner@DEMO.NOPCAP.NET;DEMO;;ldap/dc02.demo.nopcap.net;;;;AES256;;;;;;;
2026-08-30T14:17:19;DC01;kerberos;4769;;;NB-1386$@DEMO.NOPCAP.NET;DEMO;;HTTP/portal.demo.nopcap.net;;;;AES256;;;;;;;
2026-08-30T14:05:09;DC02;kerberos;4769;;;s.wagner@DEMO.NOPCAP.NET;DEMO;;ldap/dc01.demo.nopcap.net;;;;AES256;;;;;;;
2026-08-30T14:05:02;APP03;outgoing;8001;;;svc_backup;DEMO;WINWORD.EXE;cifs/fs01.demo.nopcap.net;;;;;;;;;;;C:\Program Files\Microsoft Office\root\Office16\WINWORD.EXE
2026-08-30T14:01:09;DC01;auth;4624;NTLMv2;Fallback;d.fischer;DEMO;;;VDI-017;10.14.20.156;3;;;;;;;;
2026-08-30T14:00:41;DC01;kerberos;4769;;;WKS-0650$@DEMO.NOPCAP.NET;DEMO;;MSSQLSvc/sql01.demo.nopcap.net:1433;;;;AES256;;;;;;;
2026-08-30T13:55:02;DC01;kerberos;4769;;;svc_backup@DEMO.NOPCAP.NET;DEMO;;TERMSRV/vdi-broker.demo.nopcap.net;;;;AES256;;;;;;;
2026-08-30T13:39:15;DC01;kerberos;4769;;;WKS-0370$@DEMO.NOPCAP.NET;DEMO;;ldap/dc01.demo.nopcap.net;;;;AES256;;;;;;;
2026-08-30T13:37:57;DC01;kerberos;4769;;;NB-1001$@DEMO.NOPCAP.NET;DEMO;;cifs/fs01.demo.nopcap.net;;;;AES256;;;;;;;
2026-08-30T13:35:00;APP03;outgoing;8001;;;s.wagner;DEMO;System;cifs/fs01.demo.nopcap.net;;;;;;;;;;;
2026-08-30T13:25:36;APP03;outgoing;8001;;;svc_backup;DEMO;spoolsv.exe;cifs/printsrv01;;;;;;;;;;;C:\Windows\System32\spoolsv.exe
2026-08-30T13:24:01;DC01;kerberos;4769;;;WKS-0792$@DEMO.NOPCAP.NET;DEMO;;TERMSRV/vdi-broker.demo.nopcap.net;;;;AES256;;;;;;;
2026-08-30T13:22:54;DC02;kerberos;4769;;;svc_web@DEMO.NOPCAP.NET;DEMO;;ldap/dc01.demo.nopcap.net;;;;RC4;;;;;;;
2026-08-30T13:05:11;DC01;kerberos;4769;;;NB-1297$@DEMO.NOPCAP.NET;DEMO;;ldap/dc01.demo.nopcap.net;;;;AES256;;;;;;;
2026-08-30T12:59:52;DC02;kerberos;4769;;;svc_backup@DEMO.NOPCAP.NET;DEMO;;TERMSRV/vdi-broker.demo.nopcap.net;;;;AES256;;;;;;;
2026-08-30T12:59:22;DC02;kerberos;4769;;;j.schulz@DEMO.NOPCAP.NET;DEMO;;ldap/dc02.demo.nopcap.net;;;;AES256;;;;;;;
2026-08-30T12:53:44;DC02;kerberos;4769;;;svc_backup@DEMO.NOPCAP.NET;DEMO;;HTTP/portal.demo.nopcap.net;;;;AES256;;;;;;;
2026-08-30T12:51:21;DC01;kerberos;4769;;;k.lorenz@DEMO.NOPCAP.NET;DEMO;;ldap/dc02.demo.nopcap.net;;;;AES256;;;;;;;
2026-08-30T12:46:14;APP03;outgoing;8001;;;svc_sql;DEMO;Veeam.Backup.Service.exe;cifs/nas01;;;;;;;;;;;C:\Program Files\Veeam\Backup and Replication\Backup\Veeam.Backup.Service.exe
2026-08-30T12:45:30;DC01;kerberos;4769;;;administrator@DEMO.NOPCAP.NET;DEMO;;ldap/dc02.demo.nopcap.net;;;;AES256;;;;;;;
2026-08-30T12:44:11;DC02;kerberos;4769;;;k.lorenz@DEMO.NOPCAP.NET;DEMO;;ldap/dc02.demo.nopcap.net;;;;AES256;;;;;;;
2026-08-30T12:41:36;DC02;auth;4624;NTLMv2;Direct;p.neumann;DEMO;;;NB-1052;10.14.24.95;3;;;;;;;;
2026-08-30T12:39:37;DC01;kerberos;4769;;;k.lorenz@DEMO.NOPCAP.NET;DEMO;;HOST/app03.demo.nopcap.net;;;;AES256;;;;;;;
2026-08-30T12:20:14;WKS-0421;outgoing;4001;;Blocked;t.hoffmann;DEMO;lsass.exe;cifs/nas01;;;;;;;;;;;C:\Windows\System32\lsass.exe
2026-08-30T12:13:39;DC01;kerberos;4769;;;WKS-0598$@DEMO.NOPCAP.NET;DEMO;;ldap/dc01.demo.nopcap.net;;;;AES256;;;;;;;
2026-08-30T12:02:53;WKS-0421;outgoing;4020;NTLMv2;Direct;s.wagner;DEMO;svchost.exe;ldap/dc01.demo.nopcap.net;;;;;Application called NTLM directly;1;Unprotected;None;;;C:\Windows\System32\svchost.exe
2026-08-30T12:02:37;DC02;kerberos;4769;;;d.fischer@DEMO.NOPCAP.NET;DEMO;;HOST/app03.demo.nopcap.net;;;;AES256;;;;;;;
2026-08-30T12:01:00;DC02;kerberos;4769;;;svc_backup@DEMO.NOPCAP.NET;DEMO;;MSSQLSvc/sql01.demo.nopcap.net:1433;;;;AES256;;;;;;;
2026-08-30T11:55:14;DC01;kerberos;4769;;;VDI-074$@DEMO.NOPCAP.NET;DEMO;;TERMSRV/vdi-broker.demo.nopcap.net;;;;AES256;;;;;;;
2026-08-30T11:48:25;WKS-0421;outgoing;4020;NTLMv2;Direct;svc_backup;DEMO;System;cifs/fs01.demo.nopcap.net;;;;;Application called NTLM directly;1;Unprotected;None;;;
2026-08-30T11:29:42;DC01;kerberos;4769;;;j.schulz@DEMO.NOPCAP.NET;DEMO;;cifs/fs01.demo.nopcap.net;;;;AES256;;;;;;;
2026-08-30T11:28:12;DC02;kerberos;4769;;;k.lorenz@DEMO.NOPCAP.NET;DEMO;;cifs/fs01.demo.nopcap.net;;;;AES256;;;;;;;
2026-08-30T11:26:18;DC02;krbfail;4769;;;p.neumann@DEMO.NOPCAP.NET;DEMO;;cifs/nas01;;;;;;;;;;0x7;
2026-08-30T11:26:13;DC01;kerberos;4769;;;a.klein@DEMO.NOPCAP.NET;DEMO;;HTTP/portal.demo.nopcap.net;;;;AES256;;;;;;;
2026-08-30T11:23:37;DC02;auth;4624;NTLMv2;Direct;j.schulz;DEMO;;;WKS-0338;10.14.22.11;3;;;;;;;;
2026-08-30T11:09:09;DC02;auth;4624;NTLMv2;Direct;d.fischer;DEMO;;;WKS-0469;10.14.24.153;3;;;;;;;;
2026-08-30T11:01:05;DC01;kerberos;4769;;;svc_monitor@DEMO.NOPCAP.NET;DEMO;;TERMSRV/vdi-broker.demo.nopcap.net;;;;AES256;;;;;;;
2026-08-30T10:59:59;DC01;kerberos;4769;;;WKS-0817$@DEMO.NOPCAP.NET;DEMO;;ldap/dc01.demo.nopcap.net;;;;AES256;;;;;;;
2026-08-30T10:58:39;FS01;outgoing;8001;;;m.becker;DEMO;robocopy.exe;cifs/archive01;;;;;;;;;;;C:\Windows\System32\robocopy.exe
2026-08-30T10:53:21;DC02;kerberos;4769;;;administrator@DEMO.NOPCAP.NET;DEMO;;ldap/dc02.demo.nopcap.net;;;;AES256;;;;;;;
2026-08-30T10:42:35;DC01;kerberos;4769;;;VDI-023$@DEMO.NOPCAP.NET;DEMO;;HTTP/portal.demo.nopcap.net;;;;AES256;;;;;;;
2026-08-30T10:36:03;DC01;kerberos;4769;;;NB-1373$@DEMO.NOPCAP.NET;DEMO;;ldap/dc01.demo.nopcap.net;;;;AES256;;;;;;;
2026-08-30T10:35:07;DC01;kerberos;4769;;;VDI-059$@DEMO.NOPCAP.NET;DEMO;;TERMSRV/vdi-broker.demo.nopcap.net;;;;AES256;;;;;;;
2026-08-30T10:14:40;DC01;kerberos;4769;;;VDI-027$@DEMO.NOPCAP.NET;DEMO;;HOST/app03.demo.nopcap.net;;;;AES256;;;;;;;
2026-08-30T10:08:57;DC02;kerberos;4769;;;svc_backup@DEMO.NOPCAP.NET;DEMO;;MSSQLSvc/sql01.demo.nopcap.net:1433;;;;AES256;;;;;;;
2026-08-30T09:59:14;DC01;kerberos;4769;;;a.klein@DEMO.NOPCAP.NET;DEMO;;cifs/fs01.demo.nopcap.net;;;;AES256;;;;;;;
2026-08-30T09:57:18;WKS-0421;outgoing;4001;;Blocked;s.wagner;DEMO;System;cifs/fs01.demo.nopcap.net;;;;;;;;;;;
2026-08-30T09:56:37;DC02;kerberos;4769;;;svc_web@DEMO.NOPCAP.NET;DEMO;;HTTP/portal.demo.nopcap.net;;;;RC4;;;;;;;
2026-08-30T09:47:26;DC02;kerberos;4769;;;k.lorenz@DEMO.NOPCAP.NET;DEMO;;ldap/dc01.demo.nopcap.net;;;;AES256;;;;;;;
2026-08-30T09:43:33;DC01;kerberos;4769;;;VDI-037$@DEMO.NOPCAP.NET;DEMO;;MSSQLSvc/sql01.demo.nopcap.net:1433;;;;AES256;;;;;;;
2026-08-30T09:33:26;DC01;kerberos;4769;;;j.schulz@DEMO.NOPCAP.NET;DEMO;;ldap/dc02.demo.nopcap.net;;;;AES256;;;;;;;
2026-08-30T09:32:13;DC01;kerberos;4769;;;WKS-0351$@DEMO.NOPCAP.NET;DEMO;;HTTP/portal.demo.nopcap.net;;;;AES256;;;;;;;
2026-08-30T09:00:04;DC01;kerberos;4769;;;VDI-053$@DEMO.NOPCAP.NET;DEMO;;HOST/app03.demo.nopcap.net;;;;AES256;;;;;;;
2026-08-30T08:49:44;WKS-0421;cgblock;4014;;Blocked;;DEMO;svchost.exe;;;;;;;;;;;;C:\Windows\System32\svchost.exe
2026-08-30T08:44:57;DC02;kerberos;4769;;;svc_backup@DEMO.NOPCAP.NET;DEMO;;ldap/dc02.demo.nopcap.net;;;;AES256;;;;;;;
2026-08-30T08:37:15;DC02;kerberos;4769;;;svc_monitor@DEMO.NOPCAP.NET;DEMO;;HOST/app03.demo.nopcap.net;;;;AES256;;;;;;;
2026-08-30T08:37:07;DC01;kerberos;4769;;;WKS-0426$@DEMO.NOPCAP.NET;DEMO;;cifs/fs01.demo.nopcap.net;;;;AES256;;;;;;;
2026-08-30T08:35:28;DC01;kerberos;4769;;;VDI-026$@DEMO.NOPCAP.NET;DEMO;;HOST/app03.demo.nopcap.net;;;;AES256;;;;;;;
2026-08-30T08:20:11;DC02;kerberos;4769;;;svc_web@DEMO.NOPCAP.NET;DEMO;;MSSQLSvc/sql01.demo.nopcap.net:1433;;;;AES256;;;;;;;
2026-08-30T08:15:39;DC01;kerberos;4769;;;WKS-0163$@DEMO.NOPCAP.NET;DEMO;;TERMSRV/vdi-broker.demo.nopcap.net;;;;AES256;;;;;;;
2026-08-30T08:14:25;DC01;kerberos;4769;;;svc_backup@DEMO.NOPCAP.NET;DEMO;;MSSQLSvc/sql01.demo.nopcap.net:1433;;;;AES256;;;;;;;
2026-08-30T08:09:04;DC02;kerberos;4769;;;p.neumann@DEMO.NOPCAP.NET;DEMO;;HOST/app03.demo.nopcap.net;;;;AES256;;;;;;;
2026-08-30T08:04:54;DC02;auth;4624;NTLMv2;Direct;d.fischer;DEMO;;;WKS-0636;10.14.23.239;3;;;;;;;;
2026-08-30T03:36:35;FS01;outgoing;8001;;;svc_backup;DEMO;Veeam.Backup.Service.exe;cifs/nas01;;;;;;;;;;;C:\Program Files\Veeam\Backup and Replication\Backup\Veeam.Backup.Service.exe
2026-08-30T03:35:37;FS01;outgoing;8001;;;svc_backup;DEMO;Veeam.Backup.Service.exe;cifs/nas01;;;;;;;;;;;C:\Program Files\Veeam\Backup and Replication\Backup\Veeam.Backup.Service.exe
2026-08-30T03:29:12;FS01;outgoing;8001;;;svc_backup;DEMO;Veeam.Backup.Service.exe;cifs/nas01;;;;;;;;;;;C:\Program Files\Veeam\Backup and Replication\Backup\Veeam.Backup.Service.exe
2026-08-30T03:26:50;FS01;outgoing;8001;;;svc_backup;DEMO;Veeam.Backup.Service.exe;cifs/nas01;;;;;;;;;;;C:\Program Files\Veeam\Backup and Replication\Backup\Veeam.Backup.Service.exe
2026-08-30T03:22:42;FS01;outgoing;8001;;;svc_backup;DEMO;Veeam.Backup.Service.exe;cifs/nas01;;;;;;;;;;;C:\Program Files\Veeam\Backup and Replication\Backup\Veeam.Backup.Service.exe
2026-08-30T03:18:59;FS01;outgoing;8001;;;svc_backup;DEMO;Veeam.Backup.Service.exe;cifs/nas01;;;;;;;;;;;C:\Program Files\Veeam\Backup and Replication\Backup\Veeam.Backup.Service.exe
2026-08-30T03:14:28;FS01;outgoing;8001;;;svc_backup;DEMO;Veeam.Backup.Service.exe;cifs/nas01;;;;;;;;;;;C:\Program Files\Veeam\Backup and Replication\Backup\Veeam.Backup.Service.exe
2026-08-30T03:08:57;FS01;outgoing;8001;;;svc_backup;DEMO;Veeam.Backup.Service.exe;cifs/nas01;;;;;;;;;;;C:\Program Files\Veeam\Backup and Replication\Backup\Veeam.Backup.Service.exe
2026-08-30T03:06:07;FS01;outgoing;8001;;;svc_backup;DEMO;Veeam.Backup.Service.exe;cifs/nas01;;;;;;;;;;;C:\Program Files\Veeam\Backup and Replication\Backup\Veeam.Backup.Service.exe
2026-08-30T03:00:00;FS01;outgoing;8001;;;svc_backup;DEMO;Veeam.Backup.Service.exe;cifs/nas01;;;;;;;;;;;C:\Program Files\Veeam\Backup and Replication\Backup\Veeam.Backup.Service.exe
2026-08-29T17:35:10;DC01;auth;4624;NTLMv2;Direct;k.lorenz;DEMO;;;NB-1199;10.14.22.239;3;;;;;;;;
2026-08-29T16:41:31;DC01;kerberos;4769;;;svc_monitor@DEMO.NOPCAP.NET;DEMO;;HTTP/portal.demo.nopcap.net;;;;AES256;;;;;;;
2026-08-29T16:41:25;DC02;kerberos;4769;;;t.hoffmann@DEMO.NOPCAP.NET;DEMO;;HTTP/portal.demo.nopcap.net;;;;AES256;;;;;;;
2026-08-29T16:33:00;DC02;auth;4624;NTLMv2;Direct;svc_web;DEMO;;;WKS-0200;10.14.24.75;3;;;;;;;;
2026-08-29T16:13:15;WKS-0421;outgoing;4001;;Blocked;m.becker;DEMO;System;cifs/fs01.demo.nopcap.net;;;;;;;;;;;
2026-08-29T16:10:01;DC01;kerberos;4769;;;j.schulz@DEMO.NOPCAP.NET;DEMO;;MSSQLSvc/sql01.demo.nopcap.net:1433;;;;AES256;;;;;;;
2026-08-29T15:47:02;DC01;kerberos;4769;;;NB-1014$@DEMO.NOPCAP.NET;DEMO;;ldap/dc02.demo.nopcap.net;;;;AES256;;;;;;;
2026-08-29T15:38:37;DC01;kerberos;4769;;;k.lorenz@DEMO.NOPCAP.NET;DEMO;;TERMSRV/vdi-broker.demo.nopcap.net;;;;AES256;;;;;;;
2026-08-29T15:30:42;DC01;kerberos;4769;;;p.neumann@DEMO.NOPCAP.NET;DEMO;;HTTP/portal.demo.nopcap.net;;;;AES256;;;;;;;
2026-08-29T15:16:21;WKS-0421;outgoing;4020;NTLMv2;Direct;administrator;DEMO;spoolsv.exe;cifs/printsrv01;;;;;Target name could not be resolved by Kerberos;6;Unprotected;None;;;C:\Windows\System32\spoolsv.exe
2026-08-29T15:07:28;DC01;kerberos;4769;;;m.becker@DEMO.NOPCAP.NET;DEMO;;MSSQLSvc/sql01.demo.nopcap.net:1433;;;;AES256;;;;;;;
2026-08-29T15:05:16;DC02;kerberos;4769;;;svc_web@DEMO.NOPCAP.NET;DEMO;;HTTP/portal.demo.nopcap.net;;;;RC4;;;;;;;
2026-08-29T15:03:31;DC01;kerberos;4769;;;s.wagner@DEMO.NOPCAP.NET;DEMO;;ldap/dc02.demo.nopcap.net;;;;AES256;;;;;;;
2026-08-29T14:37:55;FS01;outgoing;8001;;;s.wagner;DEMO;System;cifs/fs01.demo.nopcap.net;;;;;;;;;;;
2026-08-29T14:37:18;DC01;kerberos;4769;;;t.hoffmann@DEMO.NOPCAP.NET;DEMO;;ldap/dc01.demo.nopcap.net;;;;AES256;;;;;;;
2026-08-29T14:35:14;DC01;kerberos;4769;;;administrator@DEMO.NOPCAP.NET;DEMO;;HOST/app03.demo.nopcap.net;;;;AES256;;;;;;;
2026-08-29T14:23:45;DC01;kerberos;4769;;;t.hoffmann@DEMO.NOPCAP.NET;DEMO;;HOST/app03.demo.nopcap.net;;;;AES256;;;;;;;
2026-08-29T14:15:28;DC02;kerberos;4769;;;j.schulz@DEMO.NOPCAP.NET;DEMO;;HOST/app03.demo.nopcap.net;;;;AES256;;;;;;;
2026-08-29T14:07:25;DC02;auth;4624;NTLMv2;Fallback;svc_web;DEMO;;;WKS-0678;10.14.24.94;3;;;;;;;;
2026-08-29T14:03:23;DC01;kerberos;4769;;;WKS-0324$@DEMO.NOPCAP.NET;DEMO;;HTTP/portal.demo.nopcap.net;;;;AES256;;;;;;;
2026-08-29T14:02:43;DC02;auth;4624;NTLMv2;Direct;administrator;DEMO;;;VDI-086;10.14.24.104;3;;;;;;;;
2026-08-29T13:52:45;DC01;kerberos;4769;;;WKS-0769$@DEMO.NOPCAP.NET;DEMO;;ldap/dc01.demo.nopcap.net;;;;AES256;;;;;;;
2026-08-29T13:35:52;DC02;kerberos;4769;;;svc_backup@DEMO.NOPCAP.NET;DEMO;;cifs/fs01.demo.nopcap.net;;;;AES256;;;;;;;
2026-08-29T13:35:06;DC01;kerberos;4769;;;j.schulz@DEMO.NOPCAP.NET;DEMO;;HOST/app03.demo.nopcap.net;;;;AES256;;;;;;;
2026-08-29T13:30:27;DC01;kerberos;4769;;;NB-1279$@DEMO.NOPCAP.NET;DEMO;;HOST/app03.demo.nopcap.net;;;;AES256;;;;;;;
2026-08-29T13:28:14;DC01;kerberos;4769;;;NB-1271$@DEMO.NOPCAP.NET;DEMO;;cifs/fs01.demo.nopcap.net;;;;AES256;;;;;;;
2026-08-29T13:27:58;DC01;kerberos;4769;;;NB-1264$@DEMO.NOPCAP.NET;DEMO;;cifs/fs01.demo.nopcap.net;;;;AES256;;;;;;;
2026-08-29T13:23:07;WKS-0421;outgoing;4020;NTLMv2;Direct;svc_sql;DEMO;explorer.exe;cifs/fs01.demo.nopcap.net;;;;;Application called NTLM directly;1;Unprotected;None;;;C:\Windows\explorer.exe
2026-08-29T13:22:40;DC01;kerberos;4769;;;svc_backup@DEMO.NOPCAP.NET;DEMO;;HOST/app03.demo.nopcap.net;;;;AES256;;;;;;;
2026-08-29T13:05:58;DC01;auth;4624;NTLMv2;Direct;s.wagner;DEMO;;;WKS-0383;10.14.25.33;3;;;;;;;;
2026-08-29T13:00:43;DC01;kerberos;4769;;;svc_web@DEMO.NOPCAP.NET;DEMO;;MSSQLSvc/sql01.demo.nopcap.net:1433;;;;AES256;;;;;;;
2026-08-29T12:55:24;DC01;kerberos;4769;;;NB-1320$@DEMO.NOPCAP.NET;DEMO;;MSSQLSvc/sql01.demo.nopcap.net:1433;;;;AES256;;;;;;;
2026-08-29T12:53:32;DC01;kerberos;4769;;;VDI-026$@DEMO.NOPCAP.NET;DEMO;;HTTP/portal.demo.nopcap.net;;;;AES256;;;;;;;
2026-08-29T12:52:13;DC02;kerberos;4769;;;k.lorenz@DEMO.NOPCAP.NET;DEMO;;HOST/app03.demo.nopcap.net;;;;AES256;;;;;;;
2026-08-29T12:45:54;DC02;auth;4624;NTLMv2;Direct;svc_backup;DEMO;;;VDI-051;10.14.20.100;3;;;;;;;;
2026-08-29T12:42:22;DC01;kerberos;4769;;;NB-1296$@DEMO.NOPCAP.NET;DEMO;;MSSQLSvc/sql01.demo.nopcap.net:1433;;;;AES256;;;;;;;
2026-08-29T12:42:07;DC02;kerberos;4769;;;m.becker@DEMO.NOPCAP.NET;DEMO;;HOST/app03.demo.nopcap.net;;;;AES256;;;;;;;
2026-08-29T12:37:32;FS01;outgoing;8001;;;a.klein;DEMO;mmc.exe;cifs/10.14.22.31;;;;;;;;;;;C:\Windows\System32\mmc.exe
2026-08-29T12:31:59;DC01;kerberos;4769;;;svc_backup@DEMO.NOPCAP.NET;DEMO;;cifs/fs01.demo.nopcap.net;;;;AES256;;;;;;;
2026-08-29T12:28:52;FS01;outgoing;8001;;;j.schulz;DEMO;System;cifs/fs01.demo.nopcap.net;;;;;;;;;;;
2026-08-29T12:15:24;DC01;kerberos;4769;;;d.fischer@DEMO.NOPCAP.NET;DEMO;;ldap/dc01.demo.nopcap.net;;;;AES256;;;;;;;
2026-08-29T12:02:40;DC01;kerberos;4769;;;a.klein@DEMO.NOPCAP.NET;DEMO;;TERMSRV/vdi-broker.demo.nopcap.net;;;;AES256;;;;;;;
2026-08-29T11:51:22;DC01;kerberos;4769;;;d.fischer@DEMO.NOPCAP.NET;DEMO;;HOST/app03.demo.nopcap.net;;;;AES256;;;;;;;
2026-08-29T11:32:00;DC02;auth;4624;NTLMv2;Fallback;p.neumann;DEMO;;;VDI-088;10.14.20.108;3;;;;;;;;
2026-08-29T11:21:53;DC02;auth;4624;NTLMv2;Fallback;a.klein;DEMO;;;VDI-057;10.14.23.63;3;;;;;;;;
2026-08-29T11:10:08;WKS-0421;outgoing;4020;NTLMv2;Direct;svc_monitor;DEMO;System;cifs/fs01.demo.nopcap.net;;;;;Application called NTLM directly;1;Unprotected;None;;;
2026-08-29T11:01:59;DC02;kerberos;4769;;;m.becker@DEMO.NOPCAP.NET;DEMO;;HTTP/portal.demo.nopcap.net;;;;AES256;;;;;;;
2026-08-29T10:51:47;APP03;outgoing;8001;;;administrator;DEMO;lsass.exe;cifs/nas01;;;;;;;;;;;C:\Windows\System32\lsass.exe
2026-08-29T10:51:45;DC01;kerberos;4769;;;NB-1370$@DEMO.NOPCAP.NET;DEMO;;HOST/app03.demo.nopcap.net;;;;AES256;;;;;;;
2026-08-29T10:44:30;DC01;krbfail;4769;;;p.neumann@DEMO.NOPCAP.NET;DEMO;;cifs/nas01;;;;;;;;;;0x7;
2026-08-29T10:42:09;FS01;outgoing;8001;;;p.neumann;DEMO;lsass.exe;cifs/nas01;;;;;;;;;;;C:\Windows\System32\lsass.exe
2026-08-29T10:40:44;DC01;kerberos;4769;;;VDI-029$@DEMO.NOPCAP.NET;DEMO;;HTTP/portal.demo.nopcap.net;;;;AES256;;;;;;;
2026-08-29T10:31:37;DC01;kerberos;4769;;;WKS-0128$@DEMO.NOPCAP.NET;DEMO;;cifs/fs01.demo.nopcap.net;;;;AES256;;;;;;;
2026-08-29T10:26:04;DC01;kerberos;4769;;;WKS-0661$@DEMO.NOPCAP.NET;DEMO;;HTTP/portal.demo.nopcap.net;;;;AES256;;;;;;;
2026-08-29T10:24:17;DC01;kerberos;4769;;;a.klein@DEMO.NOPCAP.NET;DEMO;;ldap/dc02.demo.nopcap.net;;;;AES256;;;;;;;
2026-08-29T09:44:50;DC02;kerberos;4769;;;p.neumann@DEMO.NOPCAP.NET;DEMO;;TERMSRV/vdi-broker.demo.nopcap.net;;;;AES256;;;;;;;
2026-08-29T09:40:23;DC01;auth;4624;NTLMv2;Direct;svc_backup;DEMO;;;VDI-028;10.14.23.234;3;;;;;;;;
2026-08-29T09:33:44;DC02;kerberos;4769;;;administrator@DEMO.NOPCAP.NET;DEMO;;MSSQLSvc/sql01.demo.nopcap.net:1433;;;;AES256;;;;;;;
2026-08-29T09:13:26;DC02;auth;4624;NTLMv2;Direct;s.wagner;DEMO;;;WKS-0742;10.14.21.85;3;;;;;;;;
2026-08-29T09:00:58;DC02;kerberos;4769;;;t.hoffmann@DEMO.NOPCAP.NET;DEMO;;HTTP/portal.demo.nopcap.net;;;;AES256;;;;;;;
2026-08-29T08:58:39;DC02;kerberos;4769;;;a.klein@DEMO.NOPCAP.NET;DEMO;;cifs/fs01.demo.nopcap.net;;;;AES256;;;;;;;
2026-08-29T08:43:37;DC01;kerberos;4769;;;svc_sql@DEMO.NOPCAP.NET;DEMO;;MSSQLSvc/sql01.demo.nopcap.net:1433;;;;AES256;;;;;;;
2026-08-29T08:41:59;DC01;kerberos;4769;;;NB-1057$@DEMO.NOPCAP.NET;DEMO;;cifs/fs01.demo.nopcap.net;;;;AES256;;;;;;;
2026-08-29T08:40:46;APP03;outgoing;8001;;;m.becker;DEMO;lsass.exe;cifs/nas01;;;;;;;;;;;C:\Windows\System32\lsass.exe
2026-08-29T08:37:07;DC01;kerberos;4769;;;NB-1339$@DEMO.NOPCAP.NET;DEMO;;MSSQLSvc/sql01.demo.nopcap.net:1433;;;;AES256;;;;;;;
2026-08-29T08:37:00;DC02;kerberos;4769;;;s.wagner@DEMO.NOPCAP.NET;DEMO;;cifs/fs01.demo.nopcap.net;;;;AES256;;;;;;;
2026-08-29T08:20:57;APP03;incoming;8002;;;WKS-0421$;DEMO;System;;;;;;;;;;;;
2026-08-29T08:17:47;DC01;kerberos;4769;;;VDI-087$@DEMO.NOPCAP.NET;DEMO;;MSSQLSvc/sql01.demo.nopcap.net:1433;;;;AES256;;;;;;;
2026-08-29T08:04:09;WKS-0421;cgblock;4014;;Blocked;;DEMO;svchost.exe;;;;;;;;;;;;C:\Windows\System32\svchost.exe
2026-08-28T17:50:35;DC01;kerberos;4769;;;WKS-0280$@DEMO.NOPCAP.NET;DEMO;;TERMSRV/vdi-broker.demo.nopcap.net;;;;AES256;;;;;;;
2026-08-28T17:47:43;WKS-0421;outgoing;4020;NTLMv2;Direct;svc_backup;DEMO;lsass.exe;cifs/nas01;;;;;Target name could not be resolved by Kerberos;6;Unprotected;None;;;C:\Windows\System32\lsass.exe
2026-08-28T17:45:46;DC01;kerberos;4769;;;k.lorenz@DEMO.NOPCAP.NET;DEMO;;HOST/app03.demo.nopcap.net;;;;AES256;;;;;;;
2026-08-28T17:41:20;DC02;kerberos;4769;;;a.klein@DEMO.NOPCAP.NET;DEMO;;HTTP/portal.demo.nopcap.net;;;;AES256;;;;;;;
2026-08-28T17:40:43;DC01;kerberos;4769;;;WKS-0852$@DEMO.NOPCAP.NET;DEMO;;cifs/fs01.demo.nopcap.net;;;;AES256;;;;;;;
2026-08-28T17:34:13;DC01;kerberos;4769;;;WKS-0801$@DEMO.NOPCAP.NET;DEMO;;HTTP/portal.demo.nopcap.net;;;;AES256;;;;;;;
2026-08-28T17:17:07;DC02;kerberos;4769;;;j.schulz@DEMO.NOPCAP.NET;DEMO;;MSSQLSvc/sql01.demo.nopcap.net:1433;;;;AES256;;;;;;;
2026-08-28T17:15:58;DC01;kerberos;4769;;;WKS-0699$@DEMO.NOPCAP.NET;DEMO;;cifs/fs01.demo.nopcap.net;;;;AES256;;;;;;;
2026-08-28T17:05:09;DC01;kerberos;4769;;;svc_web@DEMO.NOPCAP.NET;DEMO;;cifs/fs01.demo.nopcap.net;;;;AES256;;;;;;;
2026-08-28T17:02:01;DC01;kerberos;4769;;;svc_sql@DEMO.NOPCAP.NET;DEMO;;TERMSRV/vdi-broker.demo.nopcap.net;;;;AES256;;;;;;;
2026-08-28T16:57:08;FS01;outgoing;8001;;;t.hoffmann;DEMO;lsass.exe;cifs/nas01;;;;;;;;;;;C:\Windows\System32\lsass.exe
2026-08-28T16:54:15;DC02;kerberos;4769;;;s.wagner@DEMO.NOPCAP.NET;DEMO;;HOST/app03.demo.nopcap.net;;;;AES256;;;;;;;
2026-08-28T16:47:12;DC01;kerberos;4769;;;NB-1324$@DEMO.NOPCAP.NET;DEMO;;HOST/app03.demo.nopcap.net;;;;AES256;;;;;;;
2026-08-28T16:45:25;DC01;kerberos;4769;;;svc_monitor@DEMO.NOPCAP.NET;DEMO;;HTTP/portal.demo.nopcap.net;;;;AES256;;;;;;;
2026-08-28T16:43:34;DC02;kerberos;4769;;;p.neumann@DEMO.NOPCAP.NET;DEMO;;ldap/dc01.demo.nopcap.net;;;;AES256;;;;;;;
2026-08-28T16:42:56;DC01;kerberos;4769;;;svc_sql@DEMO.NOPCAP.NET;DEMO;;cifs/fs01.demo.nopcap.net;;;;AES256;;;;;;;
2026-08-28T16:42:18;DC01;kerberos;4769;;;NB-1338$@DEMO.NOPCAP.NET;DEMO;;ldap/dc01.demo.nopcap.net;;;;AES256;;;;;;;
2026-08-28T16:28:26;DC02;kerberos;4769;;;svc_backup@DEMO.NOPCAP.NET;DEMO;;MSSQLSvc/sql01.demo.nopcap.net:1433;;;;AES256;;;;;;;
2026-08-28T16:25:54;DC01;kerberos;4769;;;j.schulz@DEMO.NOPCAP.NET;DEMO;;cifs/fs01.demo.nopcap.net;;;;AES256;;;;;;;
2026-08-28T16:24:04;WKS-0421;cgblock;4014;;Blocked;;DEMO;svchost.exe;;;;;;;;;;;;C:\Windows\System32\svchost.exe
2026-08-28T16:18:03;DC02;kerberos;4769;;;j.schulz@DEMO.NOPCAP.NET;DEMO;;TERMSRV/vdi-broker.demo.nopcap.net;;;;AES256;;;;;;;
2026-08-28T16:16:33;DC01;kerberos;4769;;;WKS-0638$@DEMO.NOPCAP.NET;DEMO;;cifs/fs01.demo.nopcap.net;;;;AES256;;;;;;;
2026-08-28T16:05:08;DC02;kerberos;4769;;;t.hoffmann@DEMO.NOPCAP.NET;DEMO;;MSSQLSvc/sql01.demo.nopcap.net:1433;;;;AES256;;;;;;;
2026-08-28T16:04:44;DC02;kerberos;4769;;;svc_monitor@DEMO.NOPCAP.NET;DEMO;;MSSQLSvc/sql01.demo.nopcap.net:1433;;;;AES256;;;;;;;
2026-08-28T16:02:35;DC02;kerberos;4769;;;svc_web@DEMO.NOPCAP.NET;DEMO;;ldap/dc01.demo.nopcap.net;;;;AES256;;;;;;;
2026-08-28T15:56:32;WKS-0421;cgblock;4013;NTLMv1;Blocked;j.schulz;DEMO;explorer.exe;nas01;;;;;;;;;;;C:\Windows\explorer.exe
2026-08-28T15:49:52;DC02;kerberos;4769;;;k.lorenz@DEMO.NOPCAP.NET;DEMO;;MSSQLSvc/sql01.demo.nopcap.net:1433;;;;AES256;;;;;;;
2026-08-28T15:47:49;DC01;kerberos;4769;;;p.neumann@DEMO.NOPCAP.NET;DEMO;;HTTP/portal.demo.nopcap.net;;;;AES256;;;;;;;
2026-08-28T15:42:48;DC01;kerberos;4769;;;svc_backup@DEMO.NOPCAP.NET;DEMO;;HTTP/portal.demo.nopcap.net;;;;AES256;;;;;;;
2026-08-28T15:41:17;DC02;kerberos;4769;;;m.becker@DEMO.NOPCAP.NET;DEMO;;HTTP/portal.demo.nopcap.net;;;;AES256;;;;;;;
2026-08-28T15:40:10;DC01;kerberos;4769;;;svc_monitor@DEMO.NOPCAP.NET;DEMO;;HTTP/portal.demo.nopcap.net;;;;AES256;;;;;;;
2026-08-28T15:38:17;DC01;kerberos;4769;;;t.hoffmann@DEMO.NOPCAP.NET;DEMO;;ldap/dc02.demo.nopcap.net;;;;AES256;;;;;;;
2026-08-28T15:33:32;DC02;kerberos;4769;;;p.neumann@DEMO.NOPCAP.NET;DEMO;;ldap/dc01.demo.nopcap.net;;;;AES256;;;;;;;
2026-08-28T15:32:54;DC01;domain;4032;NTLMv2;;k.lorenz;DEMO;;APP03;NB-1148;;;;;;;;Windows Server 2016 Standard;;
2026-08-28T15:32:18;DC01;auth;4624;NTLMv2;Fallback;d.fischer;DEMO;;;NB-1209;10.14.25.135;3;;;;;;;;
2026-08-28T15:30:45;DC01;kerberos;4769;;;VDI-050$@DEMO.NOPCAP.NET;DEMO;;ldap/dc02.demo.nopcap.net;;;;AES256;;;;;;;
2026-08-28T15:26:26;WKS-0421;outgoing;4020;NTLMv2;Direct;p.neumann;DEMO;System;cifs/fs01.demo.nopcap.net;;;;;Application called NTLM directly;1;Unprotected;None;;;
2026-08-28T15:26:18;DC02;kerberos;4769;;;svc_monitor@DEMO.NOPCAP.NET;DEMO;;HOST/app03.demo.nopcap.net;;;;AES256;;;;;;;
2026-08-28T15:24:31;DC02;kerberos;4769;;;administrator@DEMO.NOPCAP.NET;DEMO;;cifs/fs01.demo.nopcap.net;;;;AES256;;;;;;;
2026-08-28T15:24:27;DC01;kerberos;4769;;;k.lorenz@DEMO.NOPCAP.NET;DEMO;;ldap/dc02.demo.nopcap.net;;;;AES256;;;;;;;
2026-08-28T15:22:59;DC01;kerberos;4769;;;NB-1395$@DEMO.NOPCAP.NET;DEMO;;HOST/app03.demo.nopcap.net;;;;AES256;;;;;;;
2026-08-28T15:19:14;DC01;kerberos;4769;;;svc_web@DEMO.NOPCAP.NET;DEMO;;cifs/fs01.demo.nopcap.net;;;;RC4;;;;;;;
2026-08-28T15:18:22;DC01;kerberos;4769;;;svc_web@DEMO.NOPCAP.NET;DEMO;;HTTP/portal.demo.nopcap.net;;;;AES256;;;;;;;
2026-08-28T15:13:00;DC02;kerberos;4769;;;svc_backup@DEMO.NOPCAP.NET;DEMO;;HTTP/portal.demo.nopcap.net;;;;AES256;;;;;;;
2026-08-28T15:11:48;DC02;auth;4624;NTLMv2;Direct;svc_backup;DEMO;;;VDI-055;10.14.22.200;3;;;;;;;;
2026-08-28T15:11:42;FS01;outgoing;8001;;;s.wagner;DEMO;System;cifs/fs01.demo.nopcap.net;;;;;;;;;;;
2026-08-28T15:10:14;DC01;kerberos;4769;;;svc_web@DEMO.NOPCAP.NET;DEMO;;TERMSRV/vdi-broker.demo.nopcap.net;;;;RC4;;;;;;;
2026-08-28T15:07:21;DC01;kerberos;4769;;;svc_sql@DEMO.NOPCAP.NET;DEMO;;TERMSRV/vdi-broker.demo.nopcap.net;;;;AES256;;;;;;;
2026-08-28T15:07:20;DC01;auth;4624;NTLMv2;Direct;svc_backup;DEMO;;;WKS-0151;10.14.24.34;3;;;;;;;;
2026-08-28T15:05:18;DC01;kerberos;4769;;;WKS-0375$@DEMO.NOPCAP.NET;DEMO;;ldap/dc01.demo.nopcap.net;;;;AES256;;;;;;;
2026-08-28T15:01:57;DC02;kerberos;4769;;;svc_backup@DEMO.NOPCAP.NET;DEMO;;HOST/app03.demo.nopcap.net;;;;AES256;;;;;;;
2026-08-28T15:00:02;DC02;domain;8004;;;s.wagner;DEMO;;ERP-TEST;NB-1236;;;;;;;;;;
2026-08-28T14:57:29;DC01;kerberos;4769;;;j.schulz@DEMO.NOPCAP.NET;DEMO;;HTTP/portal.demo.nopcap.net;;;;AES256;;;;;;;
2026-08-28T14:55:45;DC01;domain;8004;;;j.schulz;DEMO;;APP03;VDI-020;;;;;;;;;;
2026-08-28T14:51:00;DC01;auth;4624;NTLMv1;Direct;svc_scan;DEMO;;;MFP-EG-05;10.14.30.44;3;;;;;;;;
2026-08-28T14:46:39;DC02;kerberos;4769;;;k.lorenz@DEMO.NOPCAP.NET;DEMO;;cifs/fs01.demo.nopcap.net;;;;AES256;;;;;;;
2026-08-28T14:44:53;FS01;outgoing;8001;;;j.schulz;DEMO;System;cifs/fs01.demo.nopcap.net;;;;;;;;;;;
2026-08-28T14:43:15;DC01;kerberos;4769;;;m.becker@DEMO.NOPCAP.NET;DEMO;;HTTP/portal.demo.nopcap.net;;;;AES256;;;;;;;
2026-08-28T14:42:32;DC01;kerberos;4769;;;j.schulz@DEMO.NOPCAP.NET;DEMO;;ldap/dc01.demo.nopcap.net;;;;AES256;;;;;;;
2026-08-28T14:40:02;APP03;outgoing;8001;;;administrator;DEMO;System;cifs/fs01.demo.nopcap.net;;;;;;;;;;;
2026-08-28T14:35:12;DC01;kerberos;4769;;;NB-1150$@DEMO.NOPCAP.NET;DEMO;;TERMSRV/vdi-broker.demo.nopcap.net;;;;AES256;;;;;;;
2026-08-28T14:34:36;DC01;kerberos;4769;;;svc_web@DEMO.NOPCAP.NET;DEMO;;MSSQLSvc/sql01.demo.nopcap.net:1433;;;;RC4;;;;;;;
2026-08-28T14:23:05;DC01;kerberos;4769;;;s.wagner@DEMO.NOPCAP.NET;DEMO;;cifs/fs01.demo.nopcap.net;;;;AES256;;;;;;;
2026-08-28T14:20:59;DC02;kerberos;4769;;;a.klein@DEMO.NOPCAP.NET;DEMO;;MSSQLSvc/sql01.demo.nopcap.net:1433;;;;AES256;;;;;;;
2026-08-28T14:14:11;DC02;kerberos;4769;;;a.klein@DEMO.NOPCAP.NET;DEMO;;ldap/dc02.demo.nopcap.net;;;;AES256;;;;;;;
2026-08-28T14:13:12;FS01;outgoing;8001;;;svc_monitor;DEMO;System;cifs/fs01.demo.nopcap.net;;;;;;;;;;;
2026-08-28T14:12:05;FS01;outgoing;8001;;;m.becker;DEMO;System;cifs/fs01.demo.nopcap.net;;;;;;;;;;;
2026-08-28T14:07:15;DC01;kerberos;4769;;;WKS-0507$@DEMO.NOPCAP.NET;DEMO;;cifs/fs01.demo.nopcap.net;;;;AES256;;;;;;;
2026-08-28T14:06:47;APP03;outgoing;8001;;;svc_monitor;DEMO;lsass.exe;cifs/nas01;;;;;;;;;;;C:\Windows\System32\lsass.exe
2026-08-28T14:06:23;DC02;kerberos;4769;;;t.hoffmann@DEMO.NOPCAP.NET;DEMO;;cifs/fs01.demo.nopcap.net;;;;AES256;;;;;;;
2026-08-28T14:04:29;DC01;kerberos;4769;;;svc_backup@DEMO.NOPCAP.NET;DEMO;;MSSQLSvc/sql01.demo.nopcap.net:1433;;;;AES256;;;;;;;
2026-08-28T13:53:20;DC02;kerberos;4769;;;a.klein@DEMO.NOPCAP.NET;DEMO;;TERMSRV/vdi-broker.demo.nopcap.net;;;;AES256;;;;;;;
2026-08-28T13:52:21;WKS-0421;outgoing;4020;NTLMv2;Direct;k.lorenz;DEMO;System;cifs/fs01.demo.nopcap.net;;;;;Application called NTLM directly;1;Unprotected;None;;;
2026-08-28T13:50:01;DC01;kerberos;4769;;;p.neumann@DEMO.NOPCAP.NET;DEMO;;ldap/dc01.demo.nopcap.net;;;;AES256;;;;;;;
2026-08-28T13:47:27;DC02;kerberos;4769;;;a.klein@DEMO.NOPCAP.NET;DEMO;;ldap/dc02.demo.nopcap.net;;;;AES256;;;;;;;
2026-08-28T13:43:47;DC02;auth;4624;NTLMv2;Direct;svc_web;DEMO;;;VDI-033;10.14.25.179;3;;;;;;;;
2026-08-28T13:42:13;DC01;kerberos;4769;;;WKS-0248$@DEMO.NOPCAP.NET;DEMO;;cifs/fs01.demo.nopcap.net;;;;AES256;;;;;;;
2026-08-28T13:40:58;APP03;outgoing;8001;;;s.wagner;DEMO;mmc.exe;cifs/10.14.22.31;;;;;;;;;;;C:\Windows\System32\mmc.exe
2026-08-28T13:32:29;WKS-0421;outgoing;4001;;Blocked;m.becker;DEMO;java.exe;HTTP/erp-test;;;;;;;;;;;C:\Program Files\Eclipse Adoptium\jdk-17\bin\java.exe
2026-08-28T13:27:08;DC01;kerberos;4769;;;t.hoffmann@DEMO.NOPCAP.NET;DEMO;;HTTP/portal.demo.nopcap.net;;;;AES256;;;;;;;
2026-08-28T13:25:00;WKS-0421;outgoing;4020;NTLMv2;Direct;p.neumann;DEMO;msedge.exe;HTTP/intranet;;;;;Target name could not be resolved by Kerberos;6;Unprotected;None;;;C:\Program Files (x86)\Microsoft\Edge\Application\msedge.exe
2026-08-28T13:24:41;DC02;kerberos;4769;;;svc_monitor@DEMO.NOPCAP.NET;DEMO;;HOST/app03.demo.nopcap.net;;;;AES256;;;;;;;
2026-08-28T13:23:36;APP03;outgoing;8001;;;p.neumann;DEMO;svchost.exe;ldap/dc01.demo.nopcap.net;;;;;;;;;;;C:\Windows\System32\svchost.exe
2026-08-28T13:23:32;FS01;outgoing;8001;;;svc_web;DEMO;System;cifs/fs01.demo.nopcap.net;;;;;;;;;;;
2026-08-28T13:18:12;DC01;kerberos;4769;;;VDI-088$@DEMO.NOPCAP.NET;DEMO;;MSSQLSvc/sql01.demo.nopcap.net:1433;;;;AES256;;;;;;;
2026-08-28T13:17:00;DC01;kerberos;4769;;;WKS-0623$@DEMO.NOPCAP.NET;DEMO;;HOST/app03.demo.nopcap.net;;;;AES256;;;;;;;
2026-08-28T13:16:00;DC01;kerberos;4769;;;WKS-0853$@DEMO.NOPCAP.NET;DEMO;;ldap/dc02.demo.nopcap.net;;;;AES256;;;;;;;
2026-08-28T13:15:12;DC01;kerberos;4769;;;WKS-0341$@DEMO.NOPCAP.NET;DEMO;;HTTP/portal.demo.nopcap.net;;;;AES256;;;;;;;
2026-08-28T13:13:46;DC01;auth;4624;NTLMv2;Direct;m.becker;DEMO;;;NB-1387;10.14.25.180;3;;;;;;;;
2026-08-28T13:10:47;DC01;kerberos;4769;;;NB-1395$@DEMO.NOPCAP.NET;DEMO;;ldap/dc01.demo.nopcap.net;;;;AES256;;;;;;;
2026-08-28T13:09:59;APP03;incoming;8003;;;j.schulz;DEMO;svchost.exe;;VDI-080;;3;;;;;;;;
2026-08-28T13:05:59;DC02;kerberos;4769;;;d.fischer@DEMO.NOPCAP.NET;DEMO;;TERMSRV/vdi-broker.demo.nopcap.net;;;;AES256;;;;;;;
2026-08-28T13:04:04;DC01;kerberos;4769;;;administrator@DEMO.NOPCAP.NET;DEMO;;HOST/app03.demo.nopcap.net;;;;AES256;;;;;;;
2026-08-28T12:58:07;DC01;kerberos;4769;;;NB-1021$@DEMO.NOPCAP.NET;DEMO;;MSSQLSvc/sql01.demo.nopcap.net:1433;;;;AES256;;;;;;;
2026-08-28T12:57:42;DC01;kerberos;4769;;;svc_sql@DEMO.NOPCAP.NET;DEMO;;cifs/fs01.demo.nopcap.net;;;;AES256;;;;;;;
2026-08-28T12:55:54;APP03;outgoing;8001;;;p.neumann;DEMO;robocopy.exe;cifs/archive01;;;;;;;;;;;C:\Windows\System32\robocopy.exe
2026-08-28T12:43:00;DC02;kerberos;4769;;;t.hoffmann@DEMO.NOPCAP.NET;DEMO;;ldap/dc01.demo.nopcap.net;;;;AES256;;;;;;;
2026-08-28T12:42:52;DC01;kerberos;4769;;;svc_web@DEMO.NOPCAP.NET;DEMO;;ldap/dc02.demo.nopcap.net;;;;RC4;;;;;;;
2026-08-28T12:40:51;APP03;outgoing;8001;;;svc_backup;DEMO;explorer.exe;cifs/fs01.demo.nopcap.net;;;;;;;;;;;C:\Windows\explorer.exe
2026-08-28T12:34:22;DC01;kerberos;4769;;;p.neumann@DEMO.NOPCAP.NET;DEMO;;TERMSRV/vdi-broker.demo.nopcap.net;;;;AES256;;;;;;;
2026-08-28T12:32:50;DC02;kerberos;4769;;;s.wagner@DEMO.NOPCAP.NET;DEMO;;HOST/app03.demo.nopcap.net;;;;AES256;;;;;;;
2026-08-28T12:25:31;DC02;kerberos;4769;;;a.klein@DEMO.NOPCAP.NET;DEMO;;ldap/dc02.demo.nopcap.net;;;;AES256;;;;;;;
2026-08-28T12:25:01;DC02;kerberos;4769;;;p.neumann@DEMO.NOPCAP.NET;DEMO;;HOST/app03.demo.nopcap.net;;;;AES256;;;;;;;
2026-08-28T12:24:43;DC01;kerberos;4769;;;NB-1102$@DEMO.NOPCAP.NET;DEMO;;HOST/app03.demo.nopcap.net;;;;AES256;;;;;;;
2026-08-28T12:24:26;DC02;kerberos;4769;;;svc_sql@DEMO.NOPCAP.NET;DEMO;;ldap/dc01.demo.nopcap.net;;;;AES256;;;;;;;
2026-08-28T12:24:25;DC01;kerberos;4769;;;WKS-0575$@DEMO.NOPCAP.NET;DEMO;;cifs/fs01.demo.nopcap.net;;;;AES256;;;;;;;
2026-08-28T12:21:05;DC01;kerberos;4769;;;NB-1347$@DEMO.NOPCAP.NET;DEMO;;ldap/dc02.demo.nopcap.net;;;;AES256;;;;;;;
2026-08-28T12:19:55;DC01;kerberos;4769;;;svc_sql@DEMO.NOPCAP.NET;DEMO;;HOST/app03.demo.nopcap.net;;;;AES256;;;;;;;
2026-08-28T12:18:09;FS01;outgoing;8001;;;d.fischer;DEMO;explorer.exe;cifs/fs01.demo.nopcap.net;;;;;;;;;;;C:\Windows\explorer.exe
2026-08-28T12:16:49;DC01;kerberos;4769;;;NB-1024$@DEMO.NOPCAP.NET;DEMO;;HOST/app03.demo.nopcap.net;;;;AES256;;;;;;;
2026-08-28T12:14:27;DC02;kerberos;4769;;;k.lorenz@DEMO.NOPCAP.NET;DEMO;;HOST/app03.demo.nopcap.net;;;;AES256;;;;;;;
2026-08-28T12:11:42;DC01;kerberos;4769;;;svc_monitor@DEMO.NOPCAP.NET;DEMO;;cifs/fs01.demo.nopcap.net;;;;AES256;;;;;;;
2026-08-28T12:11:27;DC02;kerberos;4769;;;svc_web@DEMO.NOPCAP.NET;DEMO;;ldap/dc01.demo.nopcap.net;;;;RC4;;;;;;;
2026-08-28T12:08:02;DC01;kerberos;4769;;;svc_backup@DEMO.NOPCAP.NET;DEMO;;MSSQLSvc/sql01.demo.nopcap.net:1433;;;;AES256;;;;;;;
2026-08-28T12:07:48;APP03;outgoing;8001;;;svc_monitor;DEMO;svchost.exe;ldap/dc01.demo.nopcap.net;;;;;;;;;;;C:\Windows\System32\svchost.exe
2026-08-28T12:01:26;DC02;auth;4624;NTLMv2;Direct;svc_web;DEMO;;;NB-1064;10.14.21.113;3;;;;;;;;
2026-08-28T12:00:56;WKS-0421;outgoing;4020;NTLMv2;Direct;svc_monitor;DEMO;System;cifs/fs01.demo.nopcap.net;;;;;Application called NTLM directly;1;Unprotected;None;;;
2026-08-28T12:00:08;DC01;kerberos;4769;;;a.klein@DEMO.NOPCAP.NET;DEMO;;MSSQLSvc/sql01.demo.nopcap.net:1433;;;;AES256;;;;;;;
2026-08-28T11:57:15;DC01;kerberos;4769;;;NB-1362$@DEMO.NOPCAP.NET;DEMO;;TERMSRV/vdi-broker.demo.nopcap.net;;;;AES256;;;;;;;
2026-08-28T11:56:21;DC01;kerberos;4769;;;a.klein@DEMO.NOPCAP.NET;DEMO;;HOST/app03.demo.nopcap.net;;;;AES256;;;;;;;
2026-08-28T11:55:28;DC02;kerberos;4769;;;k.lorenz@DEMO.NOPCAP.NET;DEMO;;ldap/dc01.demo.nopcap.net;;;;AES256;;;;;;;
2026-08-28T11:53:23;DC01;kerberos;4769;;;VDI-082$@DEMO.NOPCAP.NET;DEMO;;ldap/dc01.demo.nopcap.net;;;;AES256;;;;;;;
2026-08-28T11:50:38;DC01;kerberos;4769;;;NB-1105$@DEMO.NOPCAP.NET;DEMO;;cifs/fs01.demo.nopcap.net;;;;AES256;;;;;;;
2026-08-28T11:49:42;DC02;kerberos;4769;;;j.schulz@DEMO.NOPCAP.NET;DEMO;;MSSQLSvc/sql01.demo.nopcap.net:1433;;;;AES256;;;;;;;
2026-08-28T11:43:30;APP03;outgoing;8001;;;svc_backup;DEMO;System;cifs/fs01.demo.nopcap.net;;;;;;;;;;;
2026-08-28T11:43:21;DC01;kerberos;4769;;;WKS-0206$@DEMO.NOPCAP.NET;DEMO;;ldap/dc01.demo.nopcap.net;;;;AES256;;;;;;;
2026-08-28T11:38:53;DC02;domain;8004;;;p.neumann;DEMO;;PRINTSRV01;NB-1161;;;;;;;;;;
2026-08-28T11:37:51;FS01;outgoing;8001;;;k.lorenz;DEMO;lsass.exe;cifs/nas01;;;;;;;;;;;C:\Windows\System32\lsass.exe
2026-08-28T11:37:45;DC02;kerberos;4769;;;k.lorenz@DEMO.NOPCAP.NET;DEMO;;cifs/fs01.demo.nopcap.net;;;;AES256;;;;;;;
2026-08-28T11:36:36;DC01;kerberos;4769;;;NB-1247$@DEMO.NOPCAP.NET;DEMO;;ldap/dc02.demo.nopcap.net;;;;AES256;;;;;;;
2026-08-28T11:32:08;DC02;kerberos;4769;;;p.neumann@DEMO.NOPCAP.NET;DEMO;;TERMSRV/vdi-broker.demo.nopcap.net;;;;AES256;;;;;;;
2026-08-28T11:29:53;DC02;kerberos;4769;;;d.fischer@DEMO.NOPCAP.NET;DEMO;;cifs/fs01.demo.nopcap.net;;;;AES256;;;;;;;
2026-08-28T11:28:47;WKS-0421;outgoing;4020;NTLMv2;Direct;p.neumann;DEMO;System;cifs/fs01.demo.nopcap.net;;;;;Application called NTLM directly;1;Unprotected;None;;;
2026-08-28T11:28:31;DC01;kerberos;4769;;;NB-1354$@DEMO.NOPCAP.NET;DEMO;;TERMSRV/vdi-broker.demo.nopcap.net;;;;AES256;;;;;;;
2026-08-28T11:25:53;DC01;kerberos;4769;;;t.hoffmann@DEMO.NOPCAP.NET;DEMO;;MSSQLSvc/sql01.demo.nopcap.net:1433;;;;AES256;;;;;;;
2026-08-28T11:23:36;DC01;kerberos;4769;;;NB-1348$@DEMO.NOPCAP.NET;DEMO;;ldap/dc01.demo.nopcap.net;;;;AES256;;;;;;;
2026-08-28T11:23:12;DC01;kerberos;4769;;;VDI-031$@DEMO.NOPCAP.NET;DEMO;;ldap/dc02.demo.nopcap.net;;;;AES256;;;;;;;
2026-08-28T11:17:45;DC01;auth;4624;NTLMv2;Direct;svc_backup;DEMO;;;WKS-0293;10.14.23.232;3;;;;;;;;
2026-08-28T11:15:51;APP03;outgoing;8001;;;p.neumann;DEMO;WINWORD.EXE;cifs/fs01.demo.nopcap.net;;;;;;;;;;;C:\Program Files\Microsoft Office\root\Office16\WINWORD.EXE
2026-08-28T11:12:26;DC01;domain;8004;;;svc_sql;DEMO;;PRINTSRV01;VDI-080;;;;;;;;;;
2026-08-28T11:09:07;DC01;kerberos;4769;;;s.wagner@DEMO.NOPCAP.NET;DEMO;;ldap/dc02.demo.nopcap.net;;;;AES256;;;;;;;
2026-08-28T11:04:51;DC01;auth;4624;NTLMv1;Direct;svc_scan;DEMO;;;MFP-EG-05;10.14.30.44;3;;;;;;;;
2026-08-28T11:03:47;DC02;kerberos;4769;;;s.wagner@DEMO.NOPCAP.NET;DEMO;;ldap/dc02.demo.nopcap.net;;;;AES256;;;;;;;
2026-08-28T10:58:54;DC02;kerberos;4769;;;m.becker@DEMO.NOPCAP.NET;DEMO;;TERMSRV/vdi-broker.demo.nopcap.net;;;;AES256;;;;;;;
2026-08-28T10:57:59;DC01;kerberos;4769;;;NB-1254$@DEMO.NOPCAP.NET;DEMO;;HTTP/portal.demo.nopcap.net;;;;AES256;;;;;;;
2026-08-28T10:54:40;DC02;kerberos;4769;;;a.klein@DEMO.NOPCAP.NET;DEMO;;TERMSRV/vdi-broker.demo.nopcap.net;;;;AES256;;;;;;;
2026-08-28T10:46:57;WKS-0421;outgoing;4001;;Blocked;s.wagner;DEMO;System;cifs/fs01.demo.nopcap.net;;;;;;;;;;;
2026-08-28T10:42:01;DC02;kerberos;4769;;;svc_backup@DEMO.NOPCAP.NET;DEMO;;cifs/fs01.demo.nopcap.net;;;;AES256;;;;;;;
2026-08-28T10:40:42;DC02;kerberos;4769;;;t.hoffmann@DEMO.NOPCAP.NET;DEMO;;HTTP/portal.demo.nopcap.net;;;;AES256;;;;;;;
2026-08-28T10:40:26;DC01;kerberos;4769;;;svc_monitor@DEMO.NOPCAP.NET;DEMO;;HTTP/portal.demo.nopcap.net;;;;AES256;;;;;;;
2026-08-28T10:37:25;DC02;kerberos;4769;;;svc_web@DEMO.NOPCAP.NET;DEMO;;ldap/dc02.demo.nopcap.net;;;;AES256;;;;;;;
2026-08-28T10:33:13;DC01;kerberos;4769;;;p.neumann@DEMO.NOPCAP.NET;DEMO;;HTTP/portal.demo.nopcap.net;;;;AES256;;;;;;;
2026-08-28T10:31:06;DC02;kerberos;4769;;;svc_web@DEMO.NOPCAP.NET;DEMO;;cifs/fs01.demo.nopcap.net;;;;AES256;;;;;;;
2026-08-28T10:29:53;DC01;kerberos;4769;;;a.klein@DEMO.NOPCAP.NET;DEMO;;cifs/fs01.demo.nopcap.net;;;;AES256;;;;;;;
2026-08-28T10:25:11;DC01;kerberos;4769;;;t.hoffmann@DEMO.NOPCAP.NET;DEMO;;HOST/app03.demo.nopcap.net;;;;AES256;;;;;;;
2026-08-28T10:23:22;DC02;kerberos;4769;;;t.hoffmann@DEMO.NOPCAP.NET;DEMO;;MSSQLSvc/sql01.demo.nopcap.net:1433;;;;AES256;;;;;;;
2026-08-28T10:23:11;DC02;kerberos;4769;;;p.neumann@DEMO.NOPCAP.NET;DEMO;;HOST/app03.demo.nopcap.net;;;;AES256;;;;;;;
2026-08-28T10:22:51;DC02;kerberos;4769;;;svc_monitor@DEMO.NOPCAP.NET;DEMO;;HOST/app03.demo.nopcap.net;;;;AES256;;;;;;;
2026-08-28T10:22:48;FS01;incoming;8002;;;APP03$;DEMO;System;;;;;;;;;;;;
2026-08-28T10:17:03;DC01;kerberos;4769;;;a.klein@DEMO.NOPCAP.NET;DEMO;;cifs/fs01.demo.nopcap.net;;;;AES256;;;;;;;
2026-08-28T10:15:56;DC01;kerberos;4769;;;VDI-017$@DEMO.NOPCAP.NET;DEMO;;ldap/dc01.demo.nopcap.net;;;;AES256;;;;;;;
2026-08-28T10:11:18;DC02;kerberos;4769;;;a.klein@DEMO.NOPCAP.NET;DEMO;;HOST/app03.demo.nopcap.net;;;;AES256;;;;;;;
2026-08-28T10:10:52;DC01;kerberos;4769;;;m.becker@DEMO.NOPCAP.NET;DEMO;;HTTP/portal.demo.nopcap.net;;;;AES256;;;;;;;
2026-08-28T10:08:01;DC01;kerberos;4769;;;VDI-057$@DEMO.NOPCAP.NET;DEMO;;HTTP/portal.demo.nopcap.net;;;;AES256;;;;;;;
2026-08-28T10:07:58;DC01;kerberos;4769;;;m.becker@DEMO.NOPCAP.NET;DEMO;;HTTP/portal.demo.nopcap.net;;;;AES256;;;;;;;
2026-08-28T10:07:04;DC01;kerberos;4769;;;NB-1126$@DEMO.NOPCAP.NET;DEMO;;ldap/dc02.demo.nopcap.net;;;;AES256;;;;;;;
2026-08-28T10:04:22;DC01;kerberos;4769;;;m.becker@DEMO.NOPCAP.NET;DEMO;;HOST/app03.demo.nopcap.net;;;;AES256;;;;;;;
2026-08-28T10:02:01;DC01;kerberos;4769;;;VDI-048$@DEMO.NOPCAP.NET;DEMO;;MSSQLSvc/sql01.demo.nopcap.net:1433;;;;AES256;;;;;;;
2026-08-28T10:00:43;DC02;kerberos;4769;;;d.fischer@DEMO.NOPCAP.NET;DEMO;;MSSQLSvc/sql01.demo.nopcap.net:1433;;;;AES256;;;;;;;
2026-08-28T09:58:49;WKS-0421;outgoing;4001;;Blocked;j.schulz;DEMO;System;cifs/fs01.demo.nopcap.net;;;;;;;;;;;
2026-08-28T09:58:36;DC01;kerberos;4769;;;t.hoffmann@DEMO.NOPCAP.NET;DEMO;;HTTP/portal.demo.nopcap.net;;;;AES256;;;;;;;
2026-08-28T09:48:53;APP03;outgoing;8001;;;p.neumann;DEMO;System;cifs/fs01.demo.nopcap.net;;;;;;;;;;;
2026-08-28T09:48:43;WKS-0421;outgoing;4020;NTLMv2;Direct;s.wagner;DEMO;msedge.exe;HTTP/intranet;;;;;Target name could not be resolved by Kerberos;6;Unprotected;None;;;C:\Program Files (x86)\Microsoft\Edge\Application\msedge.exe
2026-08-28T09:48:09;DC01;auth;4624;NTLMv2;Fallback;svc_web;DEMO;;;WKS-0132;10.14.20.78;3;;;;;;;;
2026-08-28T09:45:31;APP03;outgoing;8001;;;d.fischer;DEMO;mmc.exe;cifs/10.14.22.31;;;;;;;;;;;C:\Windows\System32\mmc.exe
2026-08-28T09:44:32;APP03;outgoing;8001;;;svc_web;DEMO;lsass.exe;cifs/nas01;;;;;;;;;;;C:\Windows\System32\lsass.exe
2026-08-28T09:41:04;DC02;auth;4624;NTLMv2;Direct;svc_monitor;DEMO;;;NB-1002;10.14.24.127;3;;;;;;;;
2026-08-28T09:39:04;DC02;auth;4624;NTLMv2;Direct;administrator;DEMO;;;WKS-0224;10.14.22.101;3;;;;;;;;
2026-08-28T09:37:54;DC02;kerberos;4769;;;s.wagner@DEMO.NOPCAP.NET;DEMO;;TERMSRV/vdi-broker.demo.nopcap.net;;;;AES256;;;;;;;
2026-08-28T09:26:06;DC01;kerberos;4769;;;t.hoffmann@DEMO.NOPCAP.NET;DEMO;;ldap/dc01.demo.nopcap.net;;;;AES256;;;;;;;
2026-08-28T09:23:18;DC01;kerberos;4769;;;NB-1327$@DEMO.NOPCAP.NET;DEMO;;ldap/dc01.demo.nopcap.net;;;;AES256;;;;;;;
2026-08-28T09:21:26;DC01;kerberos;4769;;;svc_backup@DEMO.NOPCAP.NET;DEMO;;MSSQLSvc/sql01.demo.nopcap.net:1433;;;;AES256;;;;;;;
2026-08-28T09:17:18;DC01;kerberos;4769;;;k.lorenz@DEMO.NOPCAP.NET;DEMO;;ldap/dc01.demo.nopcap.net;;;;AES256;;;;;;;
2026-08-28T09:15:20;DC01;auth;4624;NTLMv2;Direct;administrator;DEMO;;;VDI-056;10.14.24.83;3;;;;;;;;
2026-08-28T09:14:32;DC01;kerberos;4769;;;t.hoffmann@DEMO.NOPCAP.NET;DEMO;;ldap/dc01.demo.nopcap.net;;;;AES256;;;;;;;
2026-08-28T09:14:14;DC02;kerberos;4769;;;a.klein@DEMO.NOPCAP.NET;DEMO;;HTTP/portal.demo.nopcap.net;;;;AES256;;;;;;;
2026-08-28T09:01:45;DC01;kerberos;4769;;;VDI-062$@DEMO.NOPCAP.NET;DEMO;;cifs/fs01.demo.nopcap.net;;;;AES256;;;;;;;
2026-08-28T08:48:00;DC02;kerberos;4769;;;j.schulz@DEMO.NOPCAP.NET;DEMO;;ldap/dc01.demo.nopcap.net;;;;AES256;;;;;;;
2026-08-28T08:42:30;FS01;outgoing;8001;;;p.neumann;DEMO;EXCEL.EXE;cifs/fs01.demo.nopcap.net;;;;;;;;;;;C:\Program Files\Microsoft Office\root\Office16\EXCEL.EXE
2026-08-28T08:38:03;DC01;kerberos;4769;;;WKS-0633$@DEMO.NOPCAP.NET;DEMO;;ldap/dc02.demo.nopcap.net;;;;AES256;;;;;;;
2026-08-28T08:36:34;WKS-0421;outgoing;4020;NTLMv2;Direct;p.neumann;DEMO;System;cifs/fs01.demo.nopcap.net;;;;;Application called NTLM directly;1;Unprotected;None;;;
2026-08-28T08:31:12;FS01;outgoing;8001;;;a.klein;DEMO;Veeam.Backup.Service.exe;cifs/nas01;;;;;;;;;;;C:\Program Files\Veeam\Backup and Replication\Backup\Veeam.Backup.Service.exe
2026-08-28T08:30:02;FS01;incoming;8002;;;FS01$;DEMO;w3wp.exe;;;;;;;;;;;;
2026-08-28T08:29:49;DC01;kerberos;4769;;;svc_web@DEMO.NOPCAP.NET;DEMO;;ldap/dc01.demo.nopcap.net;;;;RC4;;;;;;;
2026-08-28T08:23:09;DC02;domain;8004;;;p.neumann;DEMO;;NAS01;WKS-0285;;;;;;;;;;
2026-08-28T08:18:48;DC01;auth;4624;NTLMv2;Direct;k.lorenz;DEMO;;;NB-1389;10.14.23.128;3;;;;;;;;
2026-08-28T08:16:22;DC02;krbfail;4769;;;d.fischer@DEMO.NOPCAP.NET;DEMO;;HTTP/portal.demo.nopcap.net;;;;;;;;;;0xe;
2026-08-28T08:11:39;DC01;kerberos;4769;;;VDI-049$@DEMO.NOPCAP.NET;DEMO;;TERMSRV/vdi-broker.demo.nopcap.net;;;;AES256;;;;;;;
2026-08-27T17:43:31;DC01;kerberos;4769;;;s.wagner@DEMO.NOPCAP.NET;DEMO;;cifs/fs01.demo.nopcap.net;;;;AES256;;;;;;;
2026-08-27T17:22:07;DC01;auth;4624;NTLMv2;Direct;administrator;DEMO;;;WKS-0549;10.14.21.72;3;;;;;;;;
2026-08-27T17:17:24;DC01;kerberos;4769;;;svc_sql@DEMO.NOPCAP.NET;DEMO;;MSSQLSvc/sql01.demo.nopcap.net:1433;;;;AES256;;;;;;;
2026-08-27T17:01:33;FS01;incoming;8002;;;FS01$;DEMO;sqlservr.exe;;;;;;;;;;;;
2026-08-27T17:00:49;DC01;kerberos;4769;;;NB-1171$@DEMO.NOPCAP.NET;DEMO;;HTTP/portal.demo.nopcap.net;;;;AES256;;;;;;;
2026-08-27T16:57:46;DC01;kerberos;4769;;;svc_monitor@DEMO.NOPCAP.NET;DEMO;;TERMSRV/vdi-broker.demo.nopcap.net;;;;AES256;;;;;;;
2026-08-27T16:55:16;DC02;kerberos;4769;;;d.fischer@DEMO.NOPCAP.NET;DEMO;;HOST/app03.demo.nopcap.net;;;;AES256;;;;;;;
2026-08-27T16:53:44;DC01;kerberos;4769;;;NB-1065$@DEMO.NOPCAP.NET;DEMO;;cifs/fs01.demo.nopcap.net;;;;AES256;;;;;;;
2026-08-27T16:51:14;DC02;kerberos;4769;;;svc_web@DEMO.NOPCAP.NET;DEMO;;ldap/dc01.demo.nopcap.net;;;;AES256;;;;;;;
2026-08-27T16:48:17;DC01;kerberos;4769;;;d.fischer@DEMO.NOPCAP.NET;DEMO;;HOST/app03.demo.nopcap.net;;;;AES256;;;;;;;
2026-08-27T16:40:25;DC01;kerberos;4769;;;d.fischer@DEMO.NOPCAP.NET;DEMO;;MSSQLSvc/sql01.demo.nopcap.net:1433;;;;AES256;;;;;;;
2026-08-27T16:39:39;DC01;kerberos;4769;;;t.hoffmann@DEMO.NOPCAP.NET;DEMO;;HTTP/portal.demo.nopcap.net;;;;AES256;;;;;;;
2026-08-27T16:35:22;DC01;kerberos;4769;;;WKS-0419$@DEMO.NOPCAP.NET;DEMO;;MSSQLSvc/sql01.demo.nopcap.net:1433;;;;AES256;;;;;;;
2026-08-27T16:34:11;APP03;outgoing;8001;;;a.klein;DEMO;lsass.exe;cifs/nas01;;;;;;;;;;;C:\Windows\System32\lsass.exe
2026-08-27T16:32:41;DC01;kerberos;4769;;;WKS-0868$@DEMO.NOPCAP.NET;DEMO;;TERMSRV/vdi-broker.demo.nopcap.net;;;;AES256;;;;;;;
2026-08-27T16:32:20;DC02;kerberos;4769;;;s.wagner@DEMO.NOPCAP.NET;DEMO;;TERMSRV/vdi-broker.demo.nopcap.net;;;;AES256;;;;;;;
2026-08-27T16:26:43;DC02;kerberos;4769;;;p.neumann@DEMO.NOPCAP.NET;DEMO;;ldap/dc02.demo.nopcap.net;;;;AES256;;;;;;;
2026-08-27T16:22:14;DC01;kerberos;4769;;;VDI-054$@DEMO.NOPCAP.NET;DEMO;;ldap/dc02.demo.nopcap.net;;;;AES256;;;;;;;
2026-08-27T16:22:03;APP03;outgoing;8001;;;t.hoffmann;DEMO;lsass.exe;cifs/nas01;;;;;;;;;;;C:\Windows\System32\lsass.exe
2026-08-27T16:19:05;DC01;kerberos;4769;;;WKS-0837$@DEMO.NOPCAP.NET;DEMO;;TERMSRV/vdi-broker.demo.nopcap.net;;;;AES256;;;;;;;
2026-08-27T16:15:33;DC02;kerberos;4769;;;a.klein@DEMO.NOPCAP.NET;DEMO;;ldap/dc01.demo.nopcap.net;;;;AES256;;;;;;;
2026-08-27T16:15:08;DC01;kerberos;4769;;;d.fischer@DEMO.NOPCAP.NET;DEMO;;HTTP/portal.demo.nopcap.net;;;;AES256;;;;;;;
2026-08-27T16:14:54;DC02;kerberos;4769;;;svc_monitor@DEMO.NOPCAP.NET;DEMO;;ldap/dc02.demo.nopcap.net;;;;AES256;;;;;;;
2026-08-27T16:12:43;DC01;kerberos;4769;;;j.schulz@DEMO.NOPCAP.NET;DEMO;;TERMSRV/vdi-broker.demo.nopcap.net;;;;AES256;;;;;;;
2026-08-27T16:12:06;DC01;kerberos;4769;;;m.becker@DEMO.NOPCAP.NET;DEMO;;HTTP/portal.demo.nopcap.net;;;;AES256;;;;;;;
2026-08-27T16:04:28;DC01;kerberos;4769;;;VDI-040$@DEMO.NOPCAP.NET;DEMO;;ldap/dc01.demo.nopcap.net;;;;AES256;;;;;;;
2026-08-27T16:01:26;DC01;kerberos;4769;;;svc_backup@DEMO.NOPCAP.NET;DEMO;;ldap/dc01.demo.nopcap.net;;;;AES256;;;;;;;
2026-08-27T16:01:25;DC02;kerberos;4769;;;svc_sql@DEMO.NOPCAP.NET;DEMO;;HTTP/portal.demo.nopcap.net;;;;AES256;;;;;;;
2026-08-27T15:58:03;DC01;kerberos;4769;;;VDI-028$@DEMO.NOPCAP.NET;DEMO;;HOST/app03.demo.nopcap.net;;;;AES256;;;;;;;
2026-08-27T15:56:55;DC02;kerberos;4769;;;administrator@DEMO.NOPCAP.NET;DEMO;;HOST/app03.demo.nopcap.net;;;;AES256;;;;;;;
2026-08-27T15:56:34;DC01;kerberos;4769;;;svc_backup@DEMO.NOPCAP.NET;DEMO;;HTTP/portal.demo.nopcap.net;;;;AES256;;;;;;;
2026-08-27T15:55:18;FS01;outgoing;8001;;;d.fischer;DEMO;robocopy.exe;cifs/archive01;;;;;;;;;;;C:\Windows\System32\robocopy.exe
2026-08-27T15:52:32;DC01;kerberos;4769;;;VDI-028$@DEMO.NOPCAP.NET;DEMO;;HOST/app03.demo.nopcap.net;;;;AES256;;;;;;;
2026-08-27T15:46:11;DC02;auth;4624;NTLMv2;Direct;j.schulz;DEMO;;;VDI-087;10.14.22.157;3;;;;;;;;
2026-08-27T15:43:37;DC01;kerberos;4769;;;d.fischer@DEMO.NOPCAP.NET;DEMO;;HTTP/portal.demo.nopcap.net;;;;AES256;;;;;;;
2026-08-27T15:38:40;DC02;kerberos;4769;;;p.neumann@DEMO.NOPCAP.NET;DEMO;;ldap/dc01.demo.nopcap.net;;;;AES256;;;;;;;
2026-08-27T15:38:11;FS01;outgoing;8001;;;p.neumann;DEMO;System;cifs/fs01.demo.nopcap.net;;;;;;;;;;;
2026-08-27T15:38:00;DC01;kerberos;4769;;;VDI-066$@DEMO.NOPCAP.NET;DEMO;;TERMSRV/vdi-broker.demo.nopcap.net;;;;AES256;;;;;;;
2026-08-27T15:27:46;DC02;kerberos;4769;;;d.fischer@DEMO.NOPCAP.NET;DEMO;;HOST/app03.demo.nopcap.net;;;;AES256;;;;;;;
2026-08-27T15:22:00;DC01;domain;8004;;;svc_web;DEMO;;NAS01;NB-1364;;;;;;;;;;
2026-08-27T15:21:54;DC01;kerberos;4769;;;NB-1150$@DEMO.NOPCAP.NET;DEMO;;MSSQLSvc/sql01.demo.nopcap.net:1433;;;;AES256;;;;;;;
2026-08-27T15:21:20;DC01;kerberos;4769;;;WKS-0731$@DEMO.NOPCAP.NET;DEMO;;ldap/dc01.demo.nopcap.net;;;;AES256;;;;;;;
2026-08-27T15:08:56;DC02;kerberos;4769;;;t.hoffmann@DEMO.NOPCAP.NET;DEMO;;cifs/fs01.demo.nopcap.net;;;;AES256;;;;;;;
2026-08-27T15:08:49;DC01;auth;4624;NTLMv2;Direct;m.becker;DEMO;;;WKS-0654;10.14.22.27;3;;;;;;;;
2026-08-27T15:07:17;DC01;kerberos;4769;;;p.neumann@DEMO.NOPCAP.NET;DEMO;;cifs/fs01.demo.nopcap.net;;;;AES256;;;;;;;
2026-08-27T15:06:32;DC01;kerberos;4769;;;p.neumann@DEMO.NOPCAP.NET;DEMO;;cifs/fs01.demo.nopcap.net;;;;AES256;;;;;;;
2026-08-27T15:06:08;DC01;kerberos;4769;;;NB-1078$@DEMO.NOPCAP.NET;DEMO;;MSSQLSvc/sql01.demo.nopcap.net:1433;;;;AES256;;;;;;;
2026-08-27T15:04:37;DC01;kerberos;4769;;;m.becker@DEMO.NOPCAP.NET;DEMO;;MSSQLSvc/sql01.demo.nopcap.net:1433;;;;AES256;;;;;;;
2026-08-27T15:02:02;DC02;auth;4624;NTLMv2;Direct;s.wagner;DEMO;;;WKS-0879;10.14.24.171;3;;;;;;;;
2026-08-27T14:55:29;FS01;outgoing;8001;;;a.klein;DEMO;System;cifs/fs01.demo.nopcap.net;;;;;;;;;;;
2026-08-27T14:47:08;DC02;kerberos;4769;;;svc_monitor@DEMO.NOPCAP.NET;DEMO;;HOST/app03.demo.nopcap.net;;;;AES256;;;;;;;
2026-08-27T14:44:40;DC02;kerberos;4769;;;svc_web@DEMO.NOPCAP.NET;DEMO;;ldap/dc01.demo.nopcap.net;;;;RC4;;;;;;;
2026-08-27T14:43:18;DC01;kerberos;4769;;;m.becker@DEMO.NOPCAP.NET;DEMO;;HOST/app03.demo.nopcap.net;;;;AES256;;;;;;;
2026-08-27T14:42:24;DC01;kerberos;4769;;;NB-1356$@DEMO.NOPCAP.NET;DEMO;;ldap/dc02.demo.nopcap.net;;;;AES256;;;;;;;
2026-08-27T14:38:55;DC01;kerberos;4769;;;s.wagner@DEMO.NOPCAP.NET;DEMO;;HOST/app03.demo.nopcap.net;;;;AES256;;;;;;;
2026-08-27T14:35:41;DC01;kerberos;4769;;;VDI-061$@DEMO.NOPCAP.NET;DEMO;;TERMSRV/vdi-broker.demo.nopcap.net;;;;AES256;;;;;;;
2026-08-27T14:34:36;DC01;kerberos;4769;;;a.klein@DEMO.NOPCAP.NET;DEMO;;MSSQLSvc/sql01.demo.nopcap.net:1433;;;;AES256;;;;;;;
2026-08-27T14:33:45;DC01;kerberos;4769;;;VDI-020$@DEMO.NOPCAP.NET;DEMO;;HTTP/portal.demo.nopcap.net;;;;AES256;;;;;;;
2026-08-27T14:32:03;DC02;auth;4624;NTLMv2;Direct;svc_backup;DEMO;;;VDI-013;10.14.23.195;3;;;;;;;;
2026-08-27T14:29:54;APP03;outgoing;8001;;;administrator;DEMO;lsass.exe;cifs/nas01;;;;;;;;;;;C:\Windows\System32\lsass.exe
2026-08-27T14:28:54;DC01;kerberos;4769;;;WKS-0389$@DEMO.NOPCAP.NET;DEMO;;ldap/dc02.demo.nopcap.net;;;;AES256;;;;;;;
2026-08-27T14:26:36;DC01;kerberos;4769;;;k.lorenz@DEMO.NOPCAP.NET;DEMO;;ldap/dc02.demo.nopcap.net;;;;AES256;;;;;;;
2026-08-27T14:22:12;DC01;kerberos;4769;;;a.klein@DEMO.NOPCAP.NET;DEMO;;HOST/app03.demo.nopcap.net;;;;AES256;;;;;;;
2026-08-27T14:18:05;DC02;kerberos;4769;;;k.lorenz@DEMO.NOPCAP.NET;DEMO;;ldap/dc01.demo.nopcap.net;;;;AES256;;;;;;;
2026-08-27T14:16:42;WKS-0421;outgoing;4001;;Blocked;svc_backup;DEMO;System;cifs/fs01.demo.nopcap.net;;;;;;;;;;;
2026-08-27T14:15:32;DC01;kerberos;4769;;;VDI-075$@DEMO.NOPCAP.NET;DEMO;;TERMSRV/vdi-broker.demo.nopcap.net;;;;AES256;;;;;;;
2026-08-27T14:14:44;DC02;kerberos;4769;;;t.hoffmann@DEMO.NOPCAP.NET;DEMO;;ldap/dc02.demo.nopcap.net;;;;AES256;;;;;;;
2026-08-27T14:10:35;DC02;kerberos;4769;;;svc_sql@DEMO.NOPCAP.NET;DEMO;;cifs/fs01.demo.nopcap.net;;;;AES256;;;;;;;
2026-08-27T14:09:08;DC02;kerberos;4769;;;j.schulz@DEMO.NOPCAP.NET;DEMO;;HOST/app03.demo.nopcap.net;;;;AES256;;;;;;;
2026-08-27T14:08:36;APP03;outgoing;8001;;;administrator;DEMO;System;cifs/fs01.demo.nopcap.net;;;;;;;;;;;
2026-08-27T14:07:02;DC01;kerberos;4769;;;VDI-027$@DEMO.NOPCAP.NET;DEMO;;HOST/app03.demo.nopcap.net;;;;AES256;;;;;;;
2026-08-27T14:04:51;FS01;outgoing;8001;;;svc_monitor;DEMO;wsmprovhost.exe;HOST/app03;;;;;;;;;;;C:\Windows\System32\wsmprovhost.exe
2026-08-27T14:01:01;DC01;kerberos;4769;;;a.klein@DEMO.NOPCAP.NET;DEMO;;MSSQLSvc/sql01.demo.nopcap.net:1433;;;;AES256;;;;;;;
2026-08-27T14:00:25;DC02;kerberos;4769;;;svc_monitor@DEMO.NOPCAP.NET;DEMO;;HTTP/portal.demo.nopcap.net;;;;AES256;;;;;;;
2026-08-27T14:00:19;FS01;outgoing;8001;;;t.hoffmann;DEMO;System;cifs/fs01.demo.nopcap.net;;;;;;;;;;;
2026-08-27T13:58:35;DC01;kerberos;4769;;;VDI-026$@DEMO.NOPCAP.NET;DEMO;;HTTP/portal.demo.nopcap.net;;;;AES256;;;;;;;
2026-08-27T13:57:56;FS01;outgoing;8001;;;svc_backup;DEMO;System;cifs/fs01.demo.nopcap.net;;;;;;;;;;;
2026-08-27T13:57:41;DC01;kerberos;4769;;;d.fischer@DEMO.NOPCAP.NET;DEMO;;HTTP/portal.demo.nopcap.net;;;;AES256;;;;;;;
2026-08-27T13:56:46;DC01;kerberos;4769;;;WKS-0841$@DEMO.NOPCAP.NET;DEMO;;ldap/dc01.demo.nopcap.net;;;;AES256;;;;;;;
2026-08-27T13:54:49;DC02;kerberos;4769;;;s.wagner@DEMO.NOPCAP.NET;DEMO;;TERMSRV/vdi-broker.demo.nopcap.net;;;;AES256;;;;;;;
2026-08-27T13:45:03;DC02;kerberos;4769;;;j.schulz@DEMO.NOPCAP.NET;DEMO;;cifs/fs01.demo.nopcap.net;;;;AES256;;;;;;;
2026-08-27T13:44:13;DC01;kerberos;4769;;;VDI-062$@DEMO.NOPCAP.NET;DEMO;;MSSQLSvc/sql01.demo.nopcap.net:1433;;;;AES256;;;;;;;
2026-08-27T13:36:50;DC01;domain;8004;;;k.lorenz;DEMO;;APP03;WKS-0886;;;;;;;;;;
2026-08-27T13:35:34;DC01;kerberos;4769;;;svc_web@DEMO.NOPCAP.NET;DEMO;;HTTP/portal.demo.nopcap.net;;;;RC4;;;;;;;
2026-08-27T13:31:38;DC01;auth;4624;NTLMv1;Direct;mfp_service;DEMO;;;MFP-EG-05;10.14.30.40;3;;;;;;;;
2026-08-27T13:29:24;DC01;kerberos;4769;;;svc_sql@DEMO.NOPCAP.NET;DEMO;;HOST/app03.demo.nopcap.net;;;;AES256;;;;;;;
2026-08-27T13:28:51;DC01;kerberos;4769;;;p.neumann@DEMO.NOPCAP.NET;DEMO;;MSSQLSvc/sql01.demo.nopcap.net:1433;;;;AES256;;;;;;;
2026-08-27T13:27:35;DC01;kerberos;4769;;;VDI-049$@DEMO.NOPCAP.NET;DEMO;;MSSQLSvc/sql01.demo.nopcap.net:1433;;;;AES256;;;;;;;
2026-08-27T13:27:19;DC02;kerberos;4769;;;administrator@DEMO.NOPCAP.NET;DEMO;;MSSQLSvc/sql01.demo.nopcap.net:1433;;;;AES256;;;;;;;
2026-08-27T13:18:14;DC01;domain;8004;;;d.fischer;DEMO;;NAS01;VDI-026;;;;;;;;;;
2026-08-27T13:17:19;DC01;kerberos;4769;;;NB-1245$@DEMO.NOPCAP.NET;DEMO;;HOST/app03.demo.nopcap.net;;;;AES256;;;;;;;
2026-08-27T13:14:33;DC01;kerberos;4769;;;NB-1350$@DEMO.NOPCAP.NET;DEMO;;cifs/fs01.demo.nopcap.net;;;;AES256;;;;;;;
2026-08-27T13:12:41;DC01;kerberos;4769;;;m.becker@DEMO.NOPCAP.NET;DEMO;;TERMSRV/vdi-broker.demo.nopcap.net;;;;AES256;;;;;;;
2026-08-27T13:12:23;DC02;kerberos;4769;;;svc_backup@DEMO.NOPCAP.NET;DEMO;;ldap/dc02.demo.nopcap.net;;;;AES256;;;;;;;
2026-08-27T13:09:41;DC02;kerberos;4769;;;administrator@DEMO.NOPCAP.NET;DEMO;;MSSQLSvc/sql01.demo.nopcap.net:1433;;;;AES256;;;;;;;
2026-08-27T13:07:54;DC01;kerberos;4769;;;WKS-0344$@DEMO.NOPCAP.NET;DEMO;;HOST/app03.demo.nopcap.net;;;;AES256;;;;;;;
2026-08-27T13:07:06;DC01;kerberos;4769;;;VDI-047$@DEMO.NOPCAP.NET;DEMO;;HTTP/portal.demo.nopcap.net;;;;AES256;;;;;;;
2026-08-27T13:06:31;DC01;auth;4624;NTLMv2;Direct;k.lorenz;DEMO;;;VDI-042;10.14.24.143;3;;;;;;;;
2026-08-27T12:56:52;DC02;kerberos;4769;;;m.becker@DEMO.NOPCAP.NET;DEMO;;HOST/app03.demo.nopcap.net;;;;AES256;;;;;;;
2026-08-27T12:55:57;DC02;kerberos;4769;;;administrator@DEMO.NOPCAP.NET;DEMO;;HTTP/portal.demo.nopcap.net;;;;AES256;;;;;;;
2026-08-27T12:54:38;DC01;kerberos;4769;;;p.neumann@DEMO.NOPCAP.NET;DEMO;;MSSQLSvc/sql01.demo.nopcap.net:1433;;;;AES256;;;;;;;
2026-08-27T12:52:46;APP03;outgoing;8001;;;svc_backup;DEMO;mmc.exe;cifs/10.14.22.31;;;;;;;;;;;C:\Windows\System32\mmc.exe
2026-08-27T12:47:44;APP03;outgoing;8001;;;a.klein;DEMO;explorer.exe;cifs/fs01.demo.nopcap.net;;;;;;;;;;;C:\Windows\explorer.exe
2026-08-27T12:44:29;WKS-0421;outgoing;4020;NTLMv2;Direct;d.fischer;DEMO;System;cifs/fs01.demo.nopcap.net;;;;;Application called NTLM directly;1;Unprotected;None;;;
2026-08-27T12:41:58;DC02;auth;4624;NTLMv2;Direct;svc_web;DEMO;;;VDI-040;10.14.24.54;3;;;;;;;;
2026-08-27T12:38:04;FS01;outgoing;8001;;;m.becker;DEMO;explorer.exe;cifs/fs01.demo.nopcap.net;;;;;;;;;;;C:\Windows\explorer.exe
2026-08-27T12:31:02;DC02;kerberos;4769;;;p.neumann@DEMO.NOPCAP.NET;DEMO;;ldap/dc02.demo.nopcap.net;;;;AES256;;;;;;;
2026-08-27T12:30:06;DC01;kerberos;4769;;;administrator@DEMO.NOPCAP.NET;DEMO;;HOST/app03.demo.nopcap.net;;;;AES256;;;;;;;
2026-08-27T12:27:28;FS01;outgoing;8001;;;s.wagner;DEMO;System;cifs/fs01.demo.nopcap.net;;;;;;;;;;;
2026-08-27T12:25:07;DC01;kerberos;4769;;;j.schulz@DEMO.NOPCAP.NET;DEMO;;HTTP/portal.demo.nopcap.net;;;;AES256;;;;;;;
2026-08-27T12:22:41;DC01;kerberos;4769;;;d.fischer@DEMO.NOPCAP.NET;DEMO;;ldap/dc01.demo.nopcap.net;;;;AES256;;;;;;;
2026-08-27T12:22:03;DC02;kerberos;4769;;;a.klein@DEMO.NOPCAP.NET;DEMO;;MSSQLSvc/sql01.demo.nopcap.net:1433;;;;AES256;;;;;;;
2026-08-27T12:17:23;DC02;kerberos;4769;;;svc_backup@DEMO.NOPCAP.NET;DEMO;;ldap/dc01.demo.nopcap.net;;;;AES256;;;;;;;
2026-08-27T12:04:12;DC01;kerberos;4769;;;d.fischer@DEMO.NOPCAP.NET;DEMO;;HOST/app03.demo.nopcap.net;;;;AES256;;;;;;;
2026-08-27T12:03:25;DC01;kerberos;4769;;;NB-1359$@DEMO.NOPCAP.NET;DEMO;;HOST/app03.demo.nopcap.net;;;;AES256;;;;;;;
2026-08-27T12:03:04;DC01;kerberos;4769;;;d.fischer@DEMO.NOPCAP.NET;DEMO;;HTTP/portal.demo.nopcap.net;;;;AES256;;;;;;;
2026-08-27T12:02:58;DC02;kerberos;4769;;;a.klein@DEMO.NOPCAP.NET;DEMO;;ldap/dc02.demo.nopcap.net;;;;AES256;;;;;;;
2026-08-27T11:59:13;DC02;kerberos;4769;;;svc_web@DEMO.NOPCAP.NET;DEMO;;HOST/app03.demo.nopcap.net;;;;RC4;;;;;;;
2026-08-27T11:59:08;DC02;krbfail;4769;;;t.hoffmann@DEMO.NOPCAP.NET;DEMO;;cifs/nas01;;;;;;;;;;0x7;
2026-08-27T11:56:01;DC01;domain;4032;NTLMv2;;d.fischer;DEMO;;APP03;NB-1279;;;;;;;;Windows Server 2016 Standard;;
2026-08-27T11:55:11;DC02;kerberos;4769;;;j.schulz@DEMO.NOPCAP.NET;DEMO;;MSSQLSvc/sql01.demo.nopcap.net:1433;;;;AES256;;;;;;;
2026-08-27T11:52:18;DC01;kerberos;4769;;;VDI-084$@DEMO.NOPCAP.NET;DEMO;;HTTP/portal.demo.nopcap.net;;;;AES256;;;;;;;
2026-08-27T11:50:56;DC01;kerberos;4769;;;VDI-057$@DEMO.NOPCAP.NET;DEMO;;ldap/dc02.demo.nopcap.net;;;;AES256;;;;;;;
2026-08-27T11:50:25;DC02;kerberos;4769;;;k.lorenz@DEMO.NOPCAP.NET;DEMO;;ldap/dc01.demo.nopcap.net;;;;AES256;;;;;;;
2026-08-27T11:47:50;DC02;kerberos;4769;;;p.neumann@DEMO.NOPCAP.NET;DEMO;;HOST/app03.demo.nopcap.net;;;;AES256;;;;;;;
2026-08-27T11:44:45;APP03;outgoing;8001;;;t.hoffmann;DEMO;System;cifs/fs01.demo.nopcap.net;;;;;;;;;;;
2026-08-27T11:44:16;WKS-0421;outgoing;4020;NTLMv2;Direct;a.klein;DEMO;System;cifs/fs01.demo.nopcap.net;;;;;Application called NTLM directly;1;Unprotected;None;;;
2026-08-27T11:40:45;DC01;kerberos;4769;;;svc_sql@DEMO.NOPCAP.NET;DEMO;;HOST/app03.demo.nopcap.net;;;;AES256;;;;;;;
2026-08-27T11:40:12;APP03;outgoing;8001;;;j.schulz;DEMO;powershell.exe;cifs/10.14.22.31;;;;;;;;;;;C:\Windows\System32\WindowsPowerShell\v1.0\powershell.exe
2026-08-27T11:38:52;DC01;kerberos;4769;;;p.neumann@DEMO.NOPCAP.NET;DEMO;;TERMSRV/vdi-broker.demo.nopcap.net;;;;AES256;;;;;;;
2026-08-27T11:38:49;DC01;kerberos;4769;;;WKS-0711$@DEMO.NOPCAP.NET;DEMO;;ldap/dc02.demo.nopcap.net;;;;AES256;;;;;;;
2026-08-27T11:38:38;DC01;kerberos;4769;;;a.klein@DEMO.NOPCAP.NET;DEMO;;HOST/app03.demo.nopcap.net;;;;AES256;;;;;;;
2026-08-27T11:36:47;DC01;kerberos;4769;;;svc_monitor@DEMO.NOPCAP.NET;DEMO;;cifs/fs01.demo.nopcap.net;;;;AES256;;;;;;;
2026-08-27T11:36:36;DC01;kerberos;4769;;;NB-1039$@DEMO.NOPCAP.NET;DEMO;;HOST/app03.demo.nopcap.net;;;;AES256;;;;;;;
2026-08-27T11:33:55;DC01;kerberos;4769;;;m.becker@DEMO.NOPCAP.NET;DEMO;;MSSQLSvc/sql01.demo.nopcap.net:1433;;;;AES256;;;;;;;
2026-08-27T11:33:30;FS01;outgoing;8001;;;a.klein;DEMO;System;cifs/fs01.demo.nopcap.net;;;;;;;;;;;
2026-08-27T11:33:14;DC02;kerberos;4769;;;d.fischer@DEMO.NOPCAP.NET;DEMO;;MSSQLSvc/sql01.demo.nopcap.net:1433;;;;AES256;;;;;;;
2026-08-27T11:32:28;DC01;kerberos;4769;;;p.neumann@DEMO.NOPCAP.NET;DEMO;;cifs/fs01.demo.nopcap.net;;;;AES256;;;;;;;
2026-08-27T11:25:26;DC01;auth;4624;NTLMv1;Direct;mfp_service;DEMO;;;MFP-EG-02;10.14.30.44;3;;;;;;;;
2026-08-27T11:19:18;DC01;kerberos;4769;;;m.becker@DEMO.NOPCAP.NET;DEMO;;HTTP/portal.demo.nopcap.net;;;;AES256;;;;;;;
2026-08-27T11:19:07;DC01;kerberos;4769;;;VDI-010$@DEMO.NOPCAP.NET;DEMO;;ldap/dc01.demo.nopcap.net;;;;AES256;;;;;;;
2026-08-27T11:18:34;WKS-0421;outgoing;4001;;Blocked;p.neumann;DEMO;explorer.exe;cifs/fs01.demo.nopcap.net;;;;;;;;;;;C:\Windows\explorer.exe
2026-08-27T11:08:57;FS01;outgoing;8001;;;m.becker;DEMO;System;cifs/fs01.demo.nopcap.net;;;;;;;;;;;
2026-08-27T11:07:47;DC01;kerberos;4769;;;VDI-054$@DEMO.NOPCAP.NET;DEMO;;cifs/fs01.demo.nopcap.net;;;;AES256;;;;;;;
2026-08-27T11:06:37;DC01;kerberos;4769;;;s.wagner@DEMO.NOPCAP.NET;DEMO;;HOST/app03.demo.nopcap.net;;;;AES256;;;;;;;
2026-08-27T11:06:20;WKS-0421;outgoing;4001;;Blocked;svc_sql;DEMO;robocopy.exe;cifs/archive01;;;;;;;;;;;C:\Windows\System32\robocopy.exe
2026-08-27T10:59:17;DC02;kerberos;4769;;;k.lorenz@DEMO.NOPCAP.NET;DEMO;;ldap/dc01.demo.nopcap.net;;;;AES256;;;;;;;
2026-08-27T10:58:52;DC02;kerberos;4769;;;k.lorenz@DEMO.NOPCAP.NET;DEMO;;ldap/dc02.demo.nopcap.net;;;;AES256;;;;;;;
2026-08-27T10:55:19;WKS-0421;outgoing;4020;NTLMv2;Direct;svc_web;DEMO;WINWORD.EXE;cifs/fs01.demo.nopcap.net;;;;;Application called NTLM directly;1;Unprotected;None;;;C:\Program Files\Microsoft Office\root\Office16\WINWORD.EXE
2026-08-27T10:53:59;DC02;kerberos;4769;;;administrator@DEMO.NOPCAP.NET;DEMO;;TERMSRV/vdi-broker.demo.nopcap.net;;;;AES256;;;;;;;
2026-08-27T10:51:09;DC01;kerberos;4769;;;k.lorenz@DEMO.NOPCAP.NET;DEMO;;ldap/dc02.demo.nopcap.net;;;;AES256;;;;;;;
2026-08-27T10:49:49;DC01;kerberos;4769;;;svc_backup@DEMO.NOPCAP.NET;DEMO;;HOST/app03.demo.nopcap.net;;;;AES256;;;;;;;
2026-08-27T10:46:48;DC01;auth;4624;NTLMv1;Direct;svc_scan;DEMO;;;MFP-EG-01;10.14.30.43;3;;;;;;;;
2026-08-27T10:45:25;DC02;kerberos;4769;;;svc_web@DEMO.NOPCAP.NET;DEMO;;ldap/dc01.demo.nopcap.net;;;;AES256;;;;;;;
2026-08-27T10:39:52;DC01;kerberos;4769;;;WKS-0510$@DEMO.NOPCAP.NET;DEMO;;MSSQLSvc/sql01.demo.nopcap.net:1433;;;;AES256;;;;;;;
2026-08-27T10:33:42;DC01;kerberos;4769;;;NB-1140$@DEMO.NOPCAP.NET;DEMO;;HOST/app03.demo.nopcap.net;;;;AES256;;;;;;;
2026-08-27T10:30:45;DC01;kerberos;4769;;;NB-1080$@DEMO.NOPCAP.NET;DEMO;;HOST/app03.demo.nopcap.net;;;;AES256;;;;;;;
2026-08-27T10:29:57;DC02;kerberos;4769;;;administrator@DEMO.NOPCAP.NET;DEMO;;cifs/fs01.demo.nopcap.net;;;;AES256;;;;;;;
2026-08-27T10:27:34;FS01;incoming;8003;;;t.hoffmann;DEMO;svchost.exe;;WKS-0209;;3;;;;;;;;
2026-08-27T10:09:20;DC01;kerberos;4769;;;a.klein@DEMO.NOPCAP.NET;DEMO;;ldap/dc02.demo.nopcap.net;;;;AES256;;;;;;;
2026-08-27T10:07:10;DC01;kerberos;4769;;;svc_monitor@DEMO.NOPCAP.NET;DEMO;;HTTP/portal.demo.nopcap.net;;;;AES256;;;;;;;
2026-08-27T09:58:31;DC02;domain;8004;;;j.schulz;DEMO;;APP03;VDI-089;;;;;;;;;;
2026-08-27T09:57:42;DC01;kerberos;4769;;;WKS-0240$@DEMO.NOPCAP.NET;DEMO;;cifs/fs01.demo.nopcap.net;;;;AES256;;;;;;;
2026-08-27T09:57:34;FS01;outgoing;8001;;;k.lorenz;DEMO;msedge.exe;HTTP/intranet;;;;;;;;;;;C:\Program Files (x86)\Microsoft\Edge\Application\msedge.exe
2026-08-27T09:56:10;DC01;kerberos;4769;;;s.wagner@DEMO.NOPCAP.NET;DEMO;;cifs/fs01.demo.nopcap.net;;;;AES256;;;;;;;
2026-08-27T09:54:53;DC01;kerberos;4769;;;k.lorenz@DEMO.NOPCAP.NET;DEMO;;TERMSRV/vdi-broker.demo.nopcap.net;;;;AES256;;;;;;;
2026-08-27T09:52:05;APP03;incoming;8002;;;WKS-0421$;DEMO;sqlservr.exe;;;;;;;;;;;;
2026-08-27T09:47:34;FS01;outgoing;8001;;;s.wagner;DEMO;svchost.exe;ldap/dc01.demo.nopcap.net;;;;;;;;;;;C:\Windows\System32\svchost.exe
2026-08-27T09:45:29;DC01;auth;4624;NTLMv2;Fallback;svc_backup;DEMO;;;NB-1153;10.14.21.15;3;;;;;;;;
2026-08-27T09:36:00;DC01;kerberos;4769;;;s.wagner@DEMO.NOPCAP.NET;DEMO;;TERMSRV/vdi-broker.demo.nopcap.net;;;;AES256;;;;;;;
2026-08-27T09:35:53;DC02;kerberos;4769;;;administrator@DEMO.NOPCAP.NET;DEMO;;cifs/fs01.demo.nopcap.net;;;;AES256;;;;;;;
2026-08-27T09:34:02;DC02;kerberos;4769;;;svc_backup@DEMO.NOPCAP.NET;DEMO;;HOST/app03.demo.nopcap.net;;;;AES256;;;;;;;
2026-08-27T09:32:32;DC01;kerberos;4769;;;p.neumann@DEMO.NOPCAP.NET;DEMO;;HOST/app03.demo.nopcap.net;;;;AES256;;;;;;;
2026-08-27T09:28:13;DC01;kerberos;4769;;;a.klein@DEMO.NOPCAP.NET;DEMO;;HTTP/portal.demo.nopcap.net;;;;AES256;;;;;;;
2026-08-27T09:28:11;DC02;auth;4624;NTLMv2;Fallback;administrator;DEMO;;;VDI-065;10.14.23.73;3;;;;;;;;
2026-08-27T09:24:10;DC02;kerberos;4769;;;a.klein@DEMO.NOPCAP.NET;DEMO;;HTTP/portal.demo.nopcap.net;;;;AES256;;;;;;;
2026-08-27T09:23:42;DC02;krbfail;4769;;;s.wagner@DEMO.NOPCAP.NET;DEMO;;cifs/nas01;;;;;;;;;;0x7;
2026-08-27T09:23:09;DC01;kerberos;4769;;;svc_backup@DEMO.NOPCAP.NET;DEMO;;TERMSRV/vdi-broker.demo.nopcap.net;;;;AES256;;;;;;;
2026-08-27T09:21:33;DC01;kerberos;4769;;;WKS-0357$@DEMO.NOPCAP.NET;DEMO;;HTTP/portal.demo.nopcap.net;;;;AES256;;;;;;;
2026-08-27T09:17:56;DC01;kerberos;4769;;;VDI-046$@DEMO.NOPCAP.NET;DEMO;;cifs/fs01.demo.nopcap.net;;;;AES256;;;;;;;
2026-08-27T09:17:03;DC02;kerberos;4769;;;svc_backup@DEMO.NOPCAP.NET;DEMO;;HOST/app03.demo.nopcap.net;;;;AES256;;;;;;;
2026-08-27T09:11:45;DC01;kerberos;4769;;;WKS-0641$@DEMO.NOPCAP.NET;DEMO;;HTTP/portal.demo.nopcap.net;;;;AES256;;;;;;;
2026-08-27T09:10:24;APP03;outgoing;8001;;;s.wagner;DEMO;svchost.exe;ldap/dc01.demo.nopcap.net;;;;;;;;;;;C:\Windows\System32\svchost.exe
2026-08-27T09:08:13;DC02;kerberos;4769;;;d.fischer@DEMO.NOPCAP.NET;DEMO;;cifs/fs01.demo.nopcap.net;;;;AES256;;;;;;;
2026-08-27T09:07:16;APP03;incoming;8003;;;s.wagner;DEMO;System;;NB-1067;;3;;;;;;;;
2026-08-27T09:06:18;APP03;outgoing;8001;;;svc_web;DEMO;spoolsv.exe;cifs/printsrv01;;;;;;;;;;;C:\Windows\System32\spoolsv.exe
2026-08-27T09:04:05;DC01;kerberos;4769;;;j.schulz@DEMO.NOPCAP.NET;DEMO;;ldap/dc01.demo.nopcap.net;;;;AES256;;;;;;;
2026-08-27T09:02:11;DC02;kerberos;4769;;;p.neumann@DEMO.NOPCAP.NET;DEMO;;ldap/dc02.demo.nopcap.net;;;;AES256;;;;;;;
2026-08-27T09:00:19;DC02;kerberos;4769;;;j.schulz@DEMO.NOPCAP.NET;DEMO;;MSSQLSvc/sql01.demo.nopcap.net:1433;;;;AES256;;;;;;;
2026-08-27T08:56:09;DC01;kerberos;4769;;;WKS-0195$@DEMO.NOPCAP.NET;DEMO;;cifs/fs01.demo.nopcap.net;;;;AES256;;;;;;;
2026-08-27T08:53:31;DC01;kerberos;4769;;;NB-1017$@DEMO.NOPCAP.NET;DEMO;;HOST/app03.demo.nopcap.net;;;;AES256;;;;;;;
2026-08-27T08:52:46;DC02;kerberos;4769;;;p.neumann@DEMO.NOPCAP.NET;DEMO;;HTTP/portal.demo.nopcap.net;;;;AES256;;;;;;;
2026-08-27T08:50:51;DC01;auth;4624;NTLMv2;Direct;p.neumann;DEMO;;;WKS-0372;10.14.24.198;3;;;;;;;;
2026-08-27T08:43:42;DC02;kerberos;4769;;;administrator@DEMO.NOPCAP.NET;DEMO;;ldap/dc02.demo.nopcap.net;;;;AES256;;;;;;;
2026-08-27T08:43:16;DC01;kerberos;4769;;;WKS-0212$@DEMO.NOPCAP.NET;DEMO;;MSSQLSvc/sql01.demo.nopcap.net:1433;;;;AES256;;;;;;;
2026-08-27T08:41:48;DC01;kerberos;4769;;;NB-1082$@DEMO.NOPCAP.NET;DEMO;;cifs/fs01.demo.nopcap.net;;;;AES256;;;;;;;
2026-08-27T08:39:58;WKS-0421;cgblock;4013;NTLMv1;Blocked;p.neumann;DEMO;explorer.exe;nas01;;;;;;;;;;;C:\Windows\explorer.exe
2026-08-27T08:34:19;DC01;kerberos;4769;;;s.wagner@DEMO.NOPCAP.NET;DEMO;;HOST/app03.demo.nopcap.net;;;;AES256;;;;;;;
2026-08-27T08:31:11;DC02;kerberos;4769;;;svc_sql@DEMO.NOPCAP.NET;DEMO;;ldap/dc01.demo.nopcap.net;;;;AES256;;;;;;;
2026-08-27T08:29:19;DC01;kerberos;4769;;;d.fischer@DEMO.NOPCAP.NET;DEMO;;ldap/dc01.demo.nopcap.net;;;;AES256;;;;;;;
2026-08-27T08:28:09;DC02;kerberos;4769;;;svc_backup@DEMO.NOPCAP.NET;DEMO;;ldap/dc02.demo.nopcap.net;;;;AES256;;;;;;;
2026-08-27T08:26:00;DC01;kerberos;4769;;;svc_monitor@DEMO.NOPCAP.NET;DEMO;;ldap/dc01.demo.nopcap.net;;;;AES256;;;;;;;
2026-08-27T08:23:27;DC01;kerberos;4769;;;t.hoffmann@DEMO.NOPCAP.NET;DEMO;;cifs/fs01.demo.nopcap.net;;;;AES256;;;;;;;
2026-08-27T08:23:00;DC02;auth;4624;NTLMv2;Direct;svc_backup;DEMO;;;NB-1392;10.14.21.215;3;;;;;;;;
2026-08-27T08:18:42;DC01;kerberos;4769;;;NB-1241$@DEMO.NOPCAP.NET;DEMO;;MSSQLSvc/sql01.demo.nopcap.net:1433;;;;AES256;;;;;;;
2026-08-27T08:17:50;DC01;kerberos;4769;;;p.neumann@DEMO.NOPCAP.NET;DEMO;;HTTP/portal.demo.nopcap.net;;;;AES256;;;;;;;
2026-08-27T08:17:34;DC01;kerberos;4769;;;VDI-035$@DEMO.NOPCAP.NET;DEMO;;HOST/app03.demo.nopcap.net;;;;AES256;;;;;;;
2026-08-27T08:14:02;DC02;kerberos;4769;;;svc_web@DEMO.NOPCAP.NET;DEMO;;ldap/dc02.demo.nopcap.net;;;;RC4;;;;;;;
2026-08-27T08:09:07;DC02;kerberos;4769;;;svc_sql@DEMO.NOPCAP.NET;DEMO;;HOST/app03.demo.nopcap.net;;;;AES256;;;;;;;
2026-08-27T08:08:43;DC01;krbfail;4769;;;s.wagner@DEMO.NOPCAP.NET;DEMO;;cifs/nas01;;;;;;;;;;0x7;
2026-08-27T08:05:23;DC01;kerberos;4769;;;a.klein@DEMO.NOPCAP.NET;DEMO;;cifs/fs01.demo.nopcap.net;;;;AES256;;;;;;;
2026-08-26T17:56:43;DC01;kerberos;4769;;;NB-1174$@DEMO.NOPCAP.NET;DEMO;;HTTP/portal.demo.nopcap.net;;;;AES256;;;;;;;
2026-08-26T17:51:02;DC02;kerberos;4769;;;svc_web@DEMO.NOPCAP.NET;DEMO;;cifs/fs01.demo.nopcap.net;;;;RC4;;;;;;;
2026-08-26T17:46:35;WKS-0421;outgoing;4020;NTLMv2;Direct;k.lorenz;DEMO;explorer.exe;cifs/fs01.demo.nopcap.net;;;;;Application called NTLM directly;1;Unprotected;None;;;C:\Windows\explorer.exe
2026-08-26T17:45:11;DC02;kerberos;4769;;;d.fischer@DEMO.NOPCAP.NET;DEMO;;HOST/app03.demo.nopcap.net;;;;AES256;;;;;;;
2026-08-26T17:31:58;DC01;kerberos;4769;;;VDI-056$@DEMO.NOPCAP.NET;DEMO;;MSSQLSvc/sql01.demo.nopcap.net:1433;;;;AES256;;;;;;;
2026-08-26T17:26:21;DC01;kerberos;4769;;;NB-1107$@DEMO.NOPCAP.NET;DEMO;;cifs/fs01.demo.nopcap.net;;;;AES256;;;;;;;
2026-08-26T17:26:01;DC02;kerberos;4769;;;a.klein@DEMO.NOPCAP.NET;DEMO;;TERMSRV/vdi-broker.demo.nopcap.net;;;;AES256;;;;;;;
2026-08-26T17:20:31;DC01;kerberos;4769;;;WKS-0461$@DEMO.NOPCAP.NET;DEMO;;TERMSRV/vdi-broker.demo.nopcap.net;;;;AES256;;;;;;;
2026-08-26T17:20:09;WKS-0421;outgoing;4020;NTLMv2;Direct;p.neumann;DEMO;java.exe;HTTP/erp-test;;;;;Target name could not be resolved by Kerberos;6;Unprotected;None;;;C:\Program Files\Eclipse Adoptium\jdk-17\bin\java.exe
2026-08-26T17:16:56;DC01;kerberos;4769;;;p.neumann@DEMO.NOPCAP.NET;DEMO;;ldap/dc01.demo.nopcap.net;;;;AES256;;;;;;;
2026-08-26T17:15:11;DC01;kerberos;4769;;;svc_backup@DEMO.NOPCAP.NET;DEMO;;ldap/dc01.demo.nopcap.net;;;;AES256;;;;;;;
2026-08-26T17:08:52;FS01;outgoing;8001;;;k.lorenz;DEMO;spoolsv.exe;cifs/printsrv01;;;;;;;;;;;C:\Windows\System32\spoolsv.exe
2026-08-26T16:59:22;DC01;auth;4624;NTLMv1;Direct;mfp_service;DEMO;;;MFP-EG-01;10.14.30.45;3;;;;;;;;
2026-08-26T16:59:03;DC01;kerberos;4769;;;p.neumann@DEMO.NOPCAP.NET;DEMO;;HTTP/portal.demo.nopcap.net;;;;AES256;;;;;;;
2026-08-26T16:57:58;DC02;kerberos;4769;;;k.lorenz@DEMO.NOPCAP.NET;DEMO;;ldap/dc02.demo.nopcap.net;;;;AES256;;;;;;;
2026-08-26T16:53:23;DC01;kerberos;4769;;;t.hoffmann@DEMO.NOPCAP.NET;DEMO;;ldap/dc02.demo.nopcap.net;;;;AES256;;;;;;;
2026-08-26T16:51:55;DC01;kerberos;4769;;;svc_sql@DEMO.NOPCAP.NET;DEMO;;HOST/app03.demo.nopcap.net;;;;AES256;;;;;;;
2026-08-26T16:48:45;DC01;kerberos;4769;;;NB-1254$@DEMO.NOPCAP.NET;DEMO;;cifs/fs01.demo.nopcap.net;;;;AES256;;;;;;;
2026-08-26T16:47:18;DC01;kerberos;4769;;;WKS-0243$@DEMO.NOPCAP.NET;DEMO;;ldap/dc01.demo.nopcap.net;;;;AES256;;;;;;;
2026-08-26T16:46:19;DC02;kerberos;4769;;;svc_backup@DEMO.NOPCAP.NET;DEMO;;HOST/app03.demo.nopcap.net;;;;AES256;;;;;;;
2026-08-26T16:46:18;DC02;kerberos;4769;;;a.klein@DEMO.NOPCAP.NET;DEMO;;TERMSRV/vdi-broker.demo.nopcap.net;;;;AES256;;;;;;;
2026-08-26T16:41:53;FS01;outgoing;8001;;;svc_backup;DEMO;svchost.exe;ldap/dc01.demo.nopcap.net;;;;;;;;;;;C:\Windows\System32\svchost.exe
2026-08-26T16:39:39;DC02;kerberos;4769;;;d.fischer@DEMO.NOPCAP.NET;DEMO;;ldap/dc02.demo.nopcap.net;;;;AES256;;;;;;;
2026-08-26T16:36:33;DC02;kerberos;4769;;;d.fischer@DEMO.NOPCAP.NET;DEMO;;cifs/fs01.demo.nopcap.net;;;;AES256;;;;;;;
2026-08-26T16:33:48;DC02;kerberos;4769;;;d.fischer@DEMO.NOPCAP.NET;DEMO;;HOST/app03.demo.nopcap.net;;;;AES256;;;;;;;
2026-08-26T16:32:15;DC01;kerberos;4769;;;d.fischer@DEMO.NOPCAP.NET;DEMO;;cifs/fs01.demo.nopcap.net;;;;AES256;;;;;;;
2026-08-26T16:29:10;DC01;domain;8004;;;s.wagner;DEMO;;ERP-TEST;VDI-057;;;;;;;;;;
2026-08-26T16:26:10;DC02;kerberos;4769;;;svc_sql@DEMO.NOPCAP.NET;DEMO;;ldap/dc02.demo.nopcap.net;;;;AES256;;;;;;;
2026-08-26T16:25:19;DC02;auth;4624;NTLMv2;Direct;a.klein;DEMO;;;WKS-0248;10.14.25.98;3;;;;;;;;
2026-08-26T16:24:17;DC01;kerberos;4769;;;t.hoffmann@DEMO.NOPCAP.NET;DEMO;;ldap/dc02.demo.nopcap.net;;;;AES256;;;;;;;
2026-08-26T16:24:07;DC01;kerberos;4769;;;j.schulz@DEMO.NOPCAP.NET;DEMO;;ldap/dc02.demo.nopcap.net;;;;AES256;;;;;;;
2026-08-26T16:21:44;DC02;kerberos;4769;;;t.hoffmann@DEMO.NOPCAP.NET;DEMO;;ldap/dc02.demo.nopcap.net;;;;AES256;;;;;;;
2026-08-26T16:18:14;APP03;outgoing;8001;;;p.neumann;DEMO;explorer.exe;cifs/fs01.demo.nopcap.net;;;;;;;;;;;C:\Windows\explorer.exe
2026-08-26T16:13:04;APP03;outgoing;8001;;;s.wagner;DEMO;System;cifs/fs01.demo.nopcap.net;;;;;;;;;;;
2026-08-26T16:07:38;DC01;kerberos;4769;;;NB-1151$@DEMO.NOPCAP.NET;DEMO;;HTTP/portal.demo.nopcap.net;;;;AES256;;;;;;;
2026-08-26T16:00:38;DC01;kerberos;4769;;;WKS-0885$@DEMO.NOPCAP.NET;DEMO;;ldap/dc01.demo.nopcap.net;;;;AES256;;;;;;;
2026-08-26T15:57:59;DC01;kerberos;4769;;;administrator@DEMO.NOPCAP.NET;DEMO;;cifs/fs01.demo.nopcap.net;;;;AES256;;;;;;;
2026-08-26T15:52:58;DC01;incoming;8002;;;FS01$;DEMO;sqlservr.exe;;;;;;;;;;;;
2026-08-26T15:47:03;DC01;kerberos;4769;;;WKS-0325$@DEMO.NOPCAP.NET;DEMO;;ldap/dc01.demo.nopcap.net;;;;AES256;;;;;;;
2026-08-26T15:46:27;DC01;kerberos;4769;;;svc_backup@DEMO.NOPCAP.NET;DEMO;;MSSQLSvc/sql01.demo.nopcap.net:1433;;;;AES256;;;;;;;
2026-08-26T15:44:29;DC01;kerberos;4769;;;NB-1390$@DEMO.NOPCAP.NET;DEMO;;TERMSRV/vdi-broker.demo.nopcap.net;;;;AES256;;;;;;;
2026-08-26T15:43:26;DC02;kerberos;4769;;;administrator@DEMO.NOPCAP.NET;DEMO;;cifs/fs01.demo.nopcap.net;;;;AES256;;;;;;;
2026-08-26T15:40:16;DC01;auth;4624;NTLMv1;Direct;svc_scan;DEMO;;;MFP-EG-05;10.14.30.44;3;;;;;;;;
2026-08-26T15:39:51;DC02;kerberos;4769;;;administrator@DEMO.NOPCAP.NET;DEMO;;ldap/dc02.demo.nopcap.net;;;;AES256;;;;;;;
2026-08-26T15:39:34;DC02;kerberos;4769;;;p.neumann@DEMO.NOPCAP.NET;DEMO;;ldap/dc02.demo.nopcap.net;;;;AES256;;;;;;;
2026-08-26T15:37:43;DC01;kerberos;4769;;;WKS-0854$@DEMO.NOPCAP.NET;DEMO;;HTTP/portal.demo.nopcap.net;;;;AES256;;;;;;;
2026-08-26T15:35:48;DC01;kerberos;4769;;;svc_web@DEMO.NOPCAP.NET;DEMO;;MSSQLSvc/sql01.demo.nopcap.net:1433;;;;AES256;;;;;;;
2026-08-26T15:35:01;DC01;kerberos;4769;;;VDI-077$@DEMO.NOPCAP.NET;DEMO;;TERMSRV/vdi-broker.demo.nopcap.net;;;;AES256;;;;;;;
2026-08-26T15:33:07;DC01;kerberos;4769;;;m.becker@DEMO.NOPCAP.NET;DEMO;;MSSQLSvc/sql01.demo.nopcap.net:1433;;;;AES256;;;;;;;
2026-08-26T15:32:03;DC01;kerberos;4769;;;VDI-038$@DEMO.NOPCAP.NET;DEMO;;MSSQLSvc/sql01.demo.nopcap.net:1433;;;;AES256;;;;;;;
2026-08-26T15:30:31;DC01;kerberos;4769;;;WKS-0280$@DEMO.NOPCAP.NET;DEMO;;ldap/dc01.demo.nopcap.net;;;;AES256;;;;;;;
2026-08-26T15:30:00;DC01;kerberos;4769;;;p.neumann@DEMO.NOPCAP.NET;DEMO;;cifs/fs01.demo.nopcap.net;;;;AES256;;;;;;;
2026-08-26T15:19:26;DC01;kerberos;4769;;;t.hoffmann@DEMO.NOPCAP.NET;DEMO;;MSSQLSvc/sql01.demo.nopcap.net:1433;;;;AES256;;;;;;;
2026-08-26T15:17:41;DC02;kerberos;4769;;;t.hoffmann@DEMO.NOPCAP.NET;DEMO;;ldap/dc02.demo.nopcap.net;;;;AES256;;;;;;;
2026-08-26T15:14:57;DC01;kerberos;4769;;;NB-1289$@DEMO.NOPCAP.NET;DEMO;;HTTP/portal.demo.nopcap.net;;;;AES256;;;;;;;
2026-08-26T15:13:27;FS01;outgoing;8001;;;a.klein;DEMO;Veeam.Backup.Service.exe;cifs/nas01;;;;;;;;;;;C:\Program Files\Veeam\Backup and Replication\Backup\Veeam.Backup.Service.exe
2026-08-26T15:00:24;DC01;kerberos;4769;;;m.becker@DEMO.NOPCAP.NET;DEMO;;ldap/dc02.demo.nopcap.net;;;;AES256;;;;;;;
2026-08-26T15:00:23;DC02;kerberos;4769;;;k.lorenz@DEMO.NOPCAP.NET;DEMO;;ldap/dc02.demo.nopcap.net;;;;AES256;;;;;;;
2026-08-26T14:58:28;DC02;kerberos;4769;;;svc_backup@DEMO.NOPCAP.NET;DEMO;;HTTP/portal.demo.nopcap.net;;;;AES256;;;;;;;
2026-08-26T14:57:23;DC02;kerberos;4769;;;svc_sql@DEMO.NOPCAP.NET;DEMO;;cifs/fs01.demo.nopcap.net;;;;AES256;;;;;;;
2026-08-26T14:55:27;DC02;kerberos;4769;;;m.becker@DEMO.NOPCAP.NET;DEMO;;HTTP/portal.demo.nopcap.net;;;;AES256;;;;;;;
2026-08-26T14:54:35;WKS-0421;outgoing;4020;NTLMv2;Direct;p.neumann;DEMO;System;cifs/fs01.demo.nopcap.net;;;;;Application called NTLM directly;1;Unprotected;None;;;
2026-08-26T14:51:30;DC02;kerberos;4769;;;a.klein@DEMO.NOPCAP.NET;DEMO;;ldap/dc01.demo.nopcap.net;;;;AES256;;;;;;;
2026-08-26T14:51:26;DC01;kerberos;4769;;;WKS-0562$@DEMO.NOPCAP.NET;DEMO;;ldap/dc01.demo.nopcap.net;;;;AES256;;;;;;;
2026-08-26T14:47:23;FS01;outgoing;8001;;;p.neumann;DEMO;lsass.exe;cifs/nas01;;;;;;;;;;;C:\Windows\System32\lsass.exe
2026-08-26T14:38:54;DC01;kerberos;4769;;;p.neumann@DEMO.NOPCAP.NET;DEMO;;HOST/app03.demo.nopcap.net;;;;AES256;;;;;;;
2026-08-26T14:34:54;DC01;kerberos;4769;;;svc_monitor@DEMO.NOPCAP.NET;DEMO;;ldap/dc01.demo.nopcap.net;;;;AES256;;;;;;;
2026-08-26T14:31:36;DC02;kerberos;4769;;;m.becker@DEMO.NOPCAP.NET;DEMO;;MSSQLSvc/sql01.demo.nopcap.net:1433;;;;AES256;;;;;;;
2026-08-26T14:30:18;DC02;kerberos;4769;;;s.wagner@DEMO.NOPCAP.NET;DEMO;;HTTP/portal.demo.nopcap.net;;;;AES256;;;;;;;
2026-08-26T14:26:45;DC02;kerberos;4769;;;administrator@DEMO.NOPCAP.NET;DEMO;;HTTP/portal.demo.nopcap.net;;;;AES256;;;;;;;
2026-08-26T14:21:23;FS01;outgoing;8001;;;svc_sql;DEMO;svchost.exe;ldap/dc01.demo.nopcap.net;;;;;;;;;;;C:\Windows\System32\svchost.exe
2026-08-26T14:20:57;DC02;kerberos;4769;;;d.fischer@DEMO.NOPCAP.NET;DEMO;;MSSQLSvc/sql01.demo.nopcap.net:1433;;;;AES256;;;;;;;
2026-08-26T14:20:10;DC01;kerberos;4769;;;VDI-087$@DEMO.NOPCAP.NET;DEMO;;cifs/fs01.demo.nopcap.net;;;;AES256;;;;;;;
2026-08-26T14:16:52;DC01;kerberos;4769;;;VDI-058$@DEMO.NOPCAP.NET;DEMO;;ldap/dc02.demo.nopcap.net;;;;AES256;;;;;;;
2026-08-26T14:13:19;DC02;kerberos;4769;;;d.fischer@DEMO.NOPCAP.NET;DEMO;;ldap/dc02.demo.nopcap.net;;;;AES256;;;;;;;
2026-08-26T14:10:39;DC02;kerberos;4769;;;a.klein@DEMO.NOPCAP.NET;DEMO;;ldap/dc02.demo.nopcap.net;;;;AES256;;;;;;;
2026-08-26T14:08:10;DC02;kerberos;4769;;;svc_monitor@DEMO.NOPCAP.NET;DEMO;;TERMSRV/vdi-broker.demo.nopcap.net;;;;AES256;;;;;;;
2026-08-26T14:08:02;DC01;kerberos;4769;;;VDI-015$@DEMO.NOPCAP.NET;DEMO;;ldap/dc01.demo.nopcap.net;;;;AES256;;;;;;;
2026-08-26T14:07:24;DC01;kerberos;4769;;;a.klein@DEMO.NOPCAP.NET;DEMO;;TERMSRV/vdi-broker.demo.nopcap.net;;;;AES256;;;;;;;
2026-08-26T14:07:05;DC01;kerberos;4769;;;WKS-0404$@DEMO.NOPCAP.NET;DEMO;;ldap/dc01.demo.nopcap.net;;;;AES256;;;;;;;
2026-08-26T14:05:32;DC01;kerberos;4769;;;NB-1120$@DEMO.NOPCAP.NET;DEMO;;TERMSRV/vdi-broker.demo.nopcap.net;;;;AES256;;;;;;;
2026-08-26T14:04:35;DC02;kerberos;4769;;;s.wagner@DEMO.NOPCAP.NET;DEMO;;MSSQLSvc/sql01.demo.nopcap.net:1433;;;;AES256;;;;;;;
2026-08-26T14:03:07;DC01;kerberos;4769;;;svc_monitor@DEMO.NOPCAP.NET;DEMO;;HOST/app03.demo.nopcap.net;;;;AES256;;;;;;;
2026-08-26T14:01:02;DC02;kerberos;4769;;;svc_sql@DEMO.NOPCAP.NET;DEMO;;ldap/dc02.demo.nopcap.net;;;;AES256;;;;;;;
2026-08-26T14:00:58;DC01;kerberos;4769;;;WKS-0352$@DEMO.NOPCAP.NET;DEMO;;HTTP/portal.demo.nopcap.net;;;;AES256;;;;;;;
2026-08-26T14:00:00;DC02;kerberos;4769;;;svc_monitor@DEMO.NOPCAP.NET;DEMO;;TERMSRV/vdi-broker.demo.nopcap.net;;;;AES256;;;;;;;
2026-08-26T13:58:03;DC02;kerberos;4769;;;svc_web@DEMO.NOPCAP.NET;DEMO;;HTTP/portal.demo.nopcap.net;;;;AES256;;;;;;;
2026-08-26T13:56:44;WKS-0421;outgoing;4001;;Blocked;svc_backup;DEMO;System;cifs/fs01.demo.nopcap.net;;;;;;;;;;;
2026-08-26T13:53:18;DC01;kerberos;4769;;;svc_backup@DEMO.NOPCAP.NET;DEMO;;HTTP/portal.demo.nopcap.net;;;;AES256;;;;;;;
2026-08-26T13:52:58;DC02;kerberos;4769;;;svc_web@DEMO.NOPCAP.NET;DEMO;;cifs/fs01.demo.nopcap.net;;;;RC4;;;;;;;
2026-08-26T13:46:55;DC01;kerberos;4769;;;administrator@DEMO.NOPCAP.NET;DEMO;;ldap/dc02.demo.nopcap.net;;;;AES256;;;;;;;
2026-08-26T13:45:56;DC01;kerberos;4769;;;VDI-076$@DEMO.NOPCAP.NET;DEMO;;cifs/fs01.demo.nopcap.net;;;;AES256;;;;;;;
2026-08-26T13:43:15;WKS-0421;outgoing;4020;NTLMv2;Direct;m.becker;DEMO;powershell.exe;cifs/10.14.22.31;;;;;Target name contains an IP address;7;Unprotected;None;;;C:\Windows\System32\WindowsPowerShell\v1.0\powershell.exe
2026-08-26T13:39:36;DC02;kerberos;4769;;;t.hoffmann@DEMO.NOPCAP.NET;DEMO;;HOST/app03.demo.nopcap.net;;;;AES256;;;;;;;
2026-08-26T13:32:57;DC01;kerberos;4769;;;VDI-080$@DEMO.NOPCAP.NET;DEMO;;cifs/fs01.demo.nopcap.net;;;;AES256;;;;;;;
2026-08-26T13:31:47;DC01;kerberos;4769;;;NB-1205$@DEMO.NOPCAP.NET;DEMO;;TERMSRV/vdi-broker.demo.nopcap.net;;;;AES256;;;;;;;
2026-08-26T13:27:37;DC02;domain;8004;;;s.wagner;DEMO;;FS01;NB-1300;;;;;;;;;;
2026-08-26T13:25:27;DC01;kerberos;4769;;;VDI-068$@DEMO.NOPCAP.NET;DEMO;;cifs/fs01.demo.nopcap.net;;;;AES256;;;;;;;
2026-08-26T13:24:58;DC01;kerberos;4769;;;svc_sql@DEMO.NOPCAP.NET;DEMO;;MSSQLSvc/sql01.demo.nopcap.net:1433;;;;AES256;;;;;;;
2026-08-26T13:19:20;DC02;kerberos;4769;;;administrator@DEMO.NOPCAP.NET;DEMO;;ldap/dc01.demo.nopcap.net;;;;AES256;;;;;;;
2026-08-26T13:18:55;DC02;domain;8004;;;p.neumann;DEMO;;APP03;VDI-041;;;;;;;;;;
2026-08-26T13:16:44;FS01;outgoing;8001;;;t.hoffmann;DEMO;System;cifs/fs01.demo.nopcap.net;;;;;;;;;;;
2026-08-26T13:16:14;DC02;kerberos;4769;;;svc_web@DEMO.NOPCAP.NET;DEMO;;HOST/app03.demo.nopcap.net;;;;AES256;;;;;;;
2026-08-26T13:12:24;DC02;kerberos;4769;;;m.becker@DEMO.NOPCAP.NET;DEMO;;ldap/dc01.demo.nopcap.net;;;;AES256;;;;;;;
2026-08-26T13:12:15;DC01;kerberos;4769;;;NB-1362$@DEMO.NOPCAP.NET;DEMO;;TERMSRV/vdi-broker.demo.nopcap.net;;;;AES256;;;;;;;
2026-08-26T13:05:39;APP03;outgoing;8001;;;administrator;DEMO;System;cifs/fs01.demo.nopcap.net;;;;;;;;;;;
2026-08-26T12:59:05;DC01;kerberos;4769;;;svc_backup@DEMO.NOPCAP.NET;DEMO;;ldap/dc02.demo.nopcap.net;;;;AES256;;;;;;;
2026-08-26T12:58:52;DC01;kerberos;4769;;;k.lorenz@DEMO.NOPCAP.NET;DEMO;;cifs/fs01.demo.nopcap.net;;;;AES256;;;;;;;
2026-08-26T12:54:38;DC01;auth;4624;NTLMv2;Direct;a.klein;DEMO;;;WKS-0259;10.14.20.228;3;;;;;;;;
2026-08-26T12:54:36;DC02;kerberos;4769;;;d.fischer@DEMO.NOPCAP.NET;DEMO;;HOST/app03.demo.nopcap.net;;;;AES256;;;;;;;
2026-08-26T12:54:05;DC01;ntlmv1sso;4024;NTLMv1;;svc_scan;DEMO;;cifs/fs01.demo.nopcap.net;;;;;;;;;;;
2026-08-26T12:52:21;APP03;outgoing;8001;;;svc_monitor;DEMO;System;cifs/fs01.demo.nopcap.net;;;;;;;;;;;
2026-08-26T12:50:10;DC02;auth;4624;NTLMv2;Direct;administrator;DEMO;;;VDI-033;10.14.25.35;3;;;;;;;;
2026-08-26T12:47:47;DC02;auth;4624;NTLMv2;Direct;t.hoffmann;DEMO;;;WKS-0243;10.14.20.13;3;;;;;;;;
2026-08-26T12:47:39;DC02;kerberos;4769;;;t.hoffmann@DEMO.NOPCAP.NET;DEMO;;ldap/dc01.demo.nopcap.net;;;;AES256;;;;;;;
2026-08-26T12:42:47;DC01;kerberos;4769;;;j.schulz@DEMO.NOPCAP.NET;DEMO;;MSSQLSvc/sql01.demo.nopcap.net:1433;;;;AES256;;;;;;;
2026-08-26T12:41:23;DC02;kerberos;4769;;;s.wagner@DEMO.NOPCAP.NET;DEMO;;MSSQLSvc/sql01.demo.nopcap.net:1433;;;;AES256;;;;;;;
2026-08-26T12:41:04;DC02;kerberos;4769;;;svc_monitor@DEMO.NOPCAP.NET;DEMO;;HTTP/portal.demo.nopcap.net;;;;AES256;;;;;;;
2026-08-26T12:36:08;DC01;kerberos;4769;;;svc_web@DEMO.NOPCAP.NET;DEMO;;cifs/fs01.demo.nopcap.net;;;;RC4;;;;;;;
2026-08-26T12:36:06;DC02;kerberos;4769;;;m.becker@DEMO.NOPCAP.NET;DEMO;;HTTP/portal.demo.nopcap.net;;;;AES256;;;;;;;
2026-08-26T12:34:59;DC01;kerberos;4769;;;VDI-053$@DEMO.NOPCAP.NET;DEMO;;cifs/fs01.demo.nopcap.net;;;;AES256;;;;;;;
2026-08-26T12:30:29;DC01;incoming;8002;;;APP03$;DEMO;System;;;;;;;;;;;;
2026-08-26T12:30:25;DC01;kerberos;4769;;;k.lorenz@DEMO.NOPCAP.NET;DEMO;;HOST/app03.demo.nopcap.net;;;;AES256;;;;;;;
2026-08-26T12:28:46;DC01;kerberos;4769;;;VDI-054$@DEMO.NOPCAP.NET;DEMO;;ldap/dc02.demo.nopcap.net;;;;AES256;;;;;;;
2026-08-26T12:26:38;WKS-0421;outgoing;8001;;;p.neumann;DEMO;WINWORD.EXE;cifs/fs01.demo.nopcap.net;;;;;;;;;;;C:\Program Files\Microsoft Office\root\Office16\WINWORD.EXE
2026-08-26T12:25:04;DC01;kerberos;4769;;;WKS-0714$@DEMO.NOPCAP.NET;DEMO;;MSSQLSvc/sql01.demo.nopcap.net:1433;;;;AES256;;;;;;;
2026-08-26T12:21:38;DC01;kerberos;4769;;;administrator@DEMO.NOPCAP.NET;DEMO;;HTTP/portal.demo.nopcap.net;;;;AES256;;;;;;;
2026-08-26T12:19:44;DC02;kerberos;4769;;;svc_sql@DEMO.NOPCAP.NET;DEMO;;cifs/fs01.demo.nopcap.net;;;;AES256;;;;;;;
2026-08-26T12:16:53;DC02;kerberos;4769;;;k.lorenz@DEMO.NOPCAP.NET;DEMO;;HTTP/portal.demo.nopcap.net;;;;AES256;;;;;;;
2026-08-26T12:16:36;DC01;kerberos;4769;;;WKS-0632$@DEMO.NOPCAP.NET;DEMO;;ldap/dc02.demo.nopcap.net;;;;AES256;;;;;;;
2026-08-26T12:15:28;DC01;incoming;8003;;;d.fischer;DEMO;System;;WKS-0151;;3;;;;;;;;
2026-08-26T12:15:05;DC01;kerberos;4769;;;a.klein@DEMO.NOPCAP.NET;DEMO;;TERMSRV/vdi-broker.demo.nopcap.net;;;;AES256;;;;;;;
2026-08-26T12:14:35;DC01;kerberos;4769;;;s.wagner@DEMO.NOPCAP.NET;DEMO;;HTTP/portal.demo.nopcap.net;;;;AES256;;;;;;;
2026-08-26T12:11:37;DC01;kerberos;4769;;;m.becker@DEMO.NOPCAP.NET;DEMO;;HTTP/portal.demo.nopcap.net;;;;AES256;;;;;;;
2026-08-26T12:11:36;DC01;kerberos;4769;;;VDI-080$@DEMO.NOPCAP.NET;DEMO;;MSSQLSvc/sql01.demo.nopcap.net:1433;;;;AES256;;;;;;;
2026-08-26T12:10:26;DC02;kerberos;4769;;;administrator@DEMO.NOPCAP.NET;DEMO;;MSSQLSvc/sql01.demo.nopcap.net:1433;;;;AES256;;;;;;;
2026-08-26T12:09:02;DC02;kerberos;4769;;;d.fischer@DEMO.NOPCAP.NET;DEMO;;HOST/app03.demo.nopcap.net;;;;AES256;;;;;;;
2026-08-26T12:08:02;FS01;outgoing;8001;;;a.klein;DEMO;System;cifs/fs01.demo.nopcap.net;;;;;;;;;;;
2026-08-26T12:07:51;APP03;outgoing;8001;;;s.wagner;DEMO;lsass.exe;cifs/nas01;;;;;;;;;;;C:\Windows\System32\lsass.exe
2026-08-26T12:05:41;FS01;outgoing;8001;;;k.lorenz;DEMO;spoolsv.exe;cifs/printsrv01;;;;;;;;;;;C:\Windows\System32\spoolsv.exe
2026-08-26T11:56:22;DC01;kerberos;4769;;;NB-1253$@DEMO.NOPCAP.NET;DEMO;;cifs/fs01.demo.nopcap.net;;;;AES256;;;;;;;
2026-08-26T11:55:06;DC01;kerberos;4769;;;p.neumann@DEMO.NOPCAP.NET;DEMO;;cifs/fs01.demo.nopcap.net;;;;AES256;;;;;;;
2026-08-26T11:54:58;APP03;outgoing;8001;;;k.lorenz;DEMO;spoolsv.exe;cifs/printsrv01;;;;;;;;;;;C:\Windows\System32\spoolsv.exe
2026-08-26T11:53:16;DC01;kerberos;4769;;;svc_monitor@DEMO.NOPCAP.NET;DEMO;;ldap/dc01.demo.nopcap.net;;;;AES256;;;;;;;
2026-08-26T11:51:59;DC02;kerberos;4769;;;svc_web@DEMO.NOPCAP.NET;DEMO;;HTTP/portal.demo.nopcap.net;;;;AES256;;;;;;;
2026-08-26T11:49:33;DC02;kerberos;4769;;;svc_web@DEMO.NOPCAP.NET;DEMO;;HTTP/portal.demo.nopcap.net;;;;RC4;;;;;;;
2026-08-26T11:46:31;DC02;kerberos;4769;;;s.wagner@DEMO.NOPCAP.NET;DEMO;;TERMSRV/vdi-broker.demo.nopcap.net;;;;AES256;;;;;;;
2026-08-26T11:43:30;DC01;kerberos;4769;;;p.neumann@DEMO.NOPCAP.NET;DEMO;;HOST/app03.demo.nopcap.net;;;;AES256;;;;;;;
2026-08-26T11:43:28;DC02;auth;4624;NTLMv2;Direct;a.klein;DEMO;;;WKS-0315;10.14.25.190;3;;;;;;;;
2026-08-26T11:42:51;DC01;kerberos;4769;;;administrator@DEMO.NOPCAP.NET;DEMO;;ldap/dc01.demo.nopcap.net;;;;AES256;;;;;;;
2026-08-26T11:42:23;DC01;kerberos;4769;;;NB-1211$@DEMO.NOPCAP.NET;DEMO;;ldap/dc01.demo.nopcap.net;;;;AES256;;;;;;;
2026-08-26T11:38:57;DC01;kerberos;4769;;;d.fischer@DEMO.NOPCAP.NET;DEMO;;ldap/dc01.demo.nopcap.net;;;;AES256;;;;;;;
2026-08-26T11:37:28;DC01;kerberos;4769;;;WKS-0787$@DEMO.NOPCAP.NET;DEMO;;ldap/dc02.demo.nopcap.net;;;;AES256;;;;;;;
2026-08-26T11:29:36;DC02;kerberos;4769;;;k.lorenz@DEMO.NOPCAP.NET;DEMO;;cifs/fs01.demo.nopcap.net;;;;AES256;;;;;;;
2026-08-26T11:28:42;DC01;kerberos;4769;;;s.wagner@DEMO.NOPCAP.NET;DEMO;;HOST/app03.demo.nopcap.net;;;;AES256;;;;;;;
2026-08-26T11:28:32;DC02;domain;8004;;;m.becker;DEMO;;ARCHIVE01;WKS-0238;;;;;;;;;;
2026-08-26T11:23:35;DC01;kerberos;4769;;;s.wagner@DEMO.NOPCAP.NET;DEMO;;ldap/dc01.demo.nopcap.net;;;;AES256;;;;;;;
2026-08-26T11:23:22;DC02;kerberos;4769;;;k.lorenz@DEMO.NOPCAP.NET;DEMO;;ldap/dc01.demo.nopcap.net;;;;AES256;;;;;;;
2026-08-26T11:23:07;DC02;kerberos;4769;;;svc_monitor@DEMO.NOPCAP.NET;DEMO;;TERMSRV/vdi-broker.demo.nopcap.net;;;;AES256;;;;;;;
2026-08-26T11:21:55;DC01;kerberos;4769;;;svc_backup@DEMO.NOPCAP.NET;DEMO;;cifs/fs01.demo.nopcap.net;;;;AES256;;;;;;;
2026-08-26T11:20:32;DC01;kerberos;4769;;;NB-1164$@DEMO.NOPCAP.NET;DEMO;;HTTP/portal.demo.nopcap.net;;;;AES256;;;;;;;
2026-08-26T11:17:51;DC01;kerberos;4769;;;WKS-0889$@DEMO.NOPCAP.NET;DEMO;;ldap/dc01.demo.nopcap.net;;;;AES256;;;;;;;
2026-08-26T11:14:24;DC01;kerberos;4769;;;VDI-051$@DEMO.NOPCAP.NET;DEMO;;HOST/app03.demo.nopcap.net;;;;AES256;;;;;;;
2026-08-26T11:12:53;APP03;outgoing;8001;;;m.becker;DEMO;EXCEL.EXE;cifs/fs01.demo.nopcap.net;;;;;;;;;;;C:\Program Files\Microsoft Office\root\Office16\EXCEL.EXE
2026-08-26T11:12:08;DC02;kerberos;4769;;;j.schulz@DEMO.NOPCAP.NET;DEMO;;TERMSRV/vdi-broker.demo.nopcap.net;;;;AES256;;;;;;;
2026-08-26T11:11:50;DC01;kerberos;4769;;;VDI-070$@DEMO.NOPCAP.NET;DEMO;;cifs/fs01.demo.nopcap.net;;;;AES256;;;;;;;
2026-08-26T11:05:41;DC01;kerberos;4769;;;svc_web@DEMO.NOPCAP.NET;DEMO;;ldap/dc02.demo.nopcap.net;;;;AES256;;;;;;;
2026-08-26T11:04:28;DC01;domain;8004;;;t.hoffmann;DEMO;;APP03;WKS-0709;;;;;;;;;;
2026-08-26T11:04:22;APP03;outgoing;8001;;;t.hoffmann;DEMO;wsmprovhost.exe;HOST/app03;;;;;;;;;;;C:\Windows\System32\wsmprovhost.exe
2026-08-26T11:01:45;DC02;kerberos;4769;;;administrator@DEMO.NOPCAP.NET;DEMO;;TERMSRV/vdi-broker.demo.nopcap.net;;;;AES256;;;;;;;
2026-08-26T11:01:28;DC02;kerberos;4769;;;svc_sql@DEMO.NOPCAP.NET;DEMO;;cifs/fs01.demo.nopcap.net;;;;AES256;;;;;;;
2026-08-26T10:59:11;DC01;kerberos;4769;;;VDI-058$@DEMO.NOPCAP.NET;DEMO;;MSSQLSvc/sql01.demo.nopcap.net:1433;;;;AES256;;;;;;;
2026-08-26T10:58:10;DC02;kerberos;4769;;;svc_web@DEMO.NOPCAP.NET;DEMO;;MSSQLSvc/sql01.demo.nopcap.net:1433;;;;RC4;;;;;;;
2026-08-26T10:53:33;DC01;kerberos;4769;;;svc_sql@DEMO.NOPCAP.NET;DEMO;;TERMSRV/vdi-broker.demo.nopcap.net;;;;AES256;;;;;;;
2026-08-26T10:50:55;WKS-0421;outgoing;8001;;;s.wagner;DEMO;System;cifs/fs01.demo.nopcap.net;;;;;;;;;;;
2026-08-26T10:49:34;DC02;kerberos;4769;;;k.lorenz@DEMO.NOPCAP.NET;DEMO;;MSSQLSvc/sql01.demo.nopcap.net:1433;;;;AES256;;;;;;;
2026-08-26T10:43:32;DC02;kerberos;4769;;;t.hoffmann@DEMO.NOPCAP.NET;DEMO;;TERMSRV/vdi-broker.demo.nopcap.net;;;;AES256;;;;;;;
2026-08-26T10:39:33;DC02;kerberos;4769;;;a.klein@DEMO.NOPCAP.NET;DEMO;;ldap/dc02.demo.nopcap.net;;;;AES256;;;;;;;
2026-08-26T10:33:51;DC01;kerberos;4769;;;NB-1228$@DEMO.NOPCAP.NET;DEMO;;TERMSRV/vdi-broker.demo.nopcap.net;;;;AES256;;;;;;;
2026-08-26T10:23:52;DC02;kerberos;4769;;;t.hoffmann@DEMO.NOPCAP.NET;DEMO;;cifs/fs01.demo.nopcap.net;;;;AES256;;;;;;;
2026-08-26T10:23:39;DC02;domain;8004;;;s.wagner;DEMO;;ARCHIVE01;VDI-053;;;;;;;;;;
2026-08-26T10:21:56;DC01;kerberos;4769;;;j.schulz@DEMO.NOPCAP.NET;DEMO;;MSSQLSvc/sql01.demo.nopcap.net:1433;;;;AES256;;;;;;;
2026-08-26T10:20:39;DC02;domain;8004;;;a.klein;DEMO;;FS01;VDI-017;;;;;;;;;;
2026-08-26T10:15:12;DC01;kerberos;4769;;;WKS-0722$@DEMO.NOPCAP.NET;DEMO;;HTTP/portal.demo.nopcap.net;;;;AES256;;;;;;;
2026-08-26T10:11:26;DC01;kerberos;4769;;;svc_monitor@DEMO.NOPCAP.NET;DEMO;;MSSQLSvc/sql01.demo.nopcap.net:1433;;;;AES256;;;;;;;
2026-08-26T10:08:51;DC01;kerberos;4769;;;t.hoffmann@DEMO.NOPCAP.NET;DEMO;;cifs/fs01.demo.nopcap.net;;;;AES256;;;;;;;
2026-08-26T10:07:46;DC02;kerberos;4769;;;t.hoffmann@DEMO.NOPCAP.NET;DEMO;;MSSQLSvc/sql01.demo.nopcap.net:1433;;;;AES256;;;;;;;
2026-08-26T10:06:06;DC01;kerberos;4769;;;administrator@DEMO.NOPCAP.NET;DEMO;;HTTP/portal.demo.nopcap.net;;;;AES256;;;;;;;
2026-08-26T10:02:16;DC01;kerberos;4769;;;WKS-0762$@DEMO.NOPCAP.NET;DEMO;;ldap/dc02.demo.nopcap.net;;;;AES256;;;;;;;
2026-08-26T09:56:24;DC02;auth;4624;NTLMv2;Direct;a.klein;DEMO;;;VDI-056;10.14.23.154;3;;;;;;;;
2026-08-26T09:55:28;DC01;kerberos;4769;;;WKS-0747$@DEMO.NOPCAP.NET;DEMO;;cifs/fs01.demo.nopcap.net;;;;AES256;;;;;;;
2026-08-26T09:52:58;DC02;kerberos;4769;;;t.hoffmann@DEMO.NOPCAP.NET;DEMO;;ldap/dc02.demo.nopcap.net;;;;AES256;;;;;;;
2026-08-26T09:51:51;DC01;auth;4624;NTLMv1;Direct;svc_scan;DEMO;;;MFP-EG-01;10.14.30.45;3;;;;;;;;
2026-08-26T09:51:18;DC02;kerberos;4769;;;a.klein@DEMO.NOPCAP.NET;DEMO;;TERMSRV/vdi-broker.demo.nopcap.net;;;;AES256;;;;;;;
2026-08-26T09:47:54;APP03;outgoing;8001;;;svc_web;DEMO;svchost.exe;ldap/dc01.demo.nopcap.net;;;;;;;;;;;C:\Windows\System32\svchost.exe
2026-08-26T09:47:38;DC02;kerberos;4769;;;m.becker@DEMO.NOPCAP.NET;DEMO;;HTTP/portal.demo.nopcap.net;;;;AES256;;;;;;;
2026-08-26T09:45:24;DC01;kerberos;4769;;;m.becker@DEMO.NOPCAP.NET;DEMO;;ldap/dc01.demo.nopcap.net;;;;AES256;;;;;;;
2026-08-26T09:44:15;DC02;auth;4624;NTLMv2;Direct;m.becker;DEMO;;;VDI-073;10.14.23.18;3;;;;;;;;
2026-08-26T09:43:40;FS01;incoming;8003;;;a.klein;DEMO;svchost.exe;;NB-1167;;3;;;;;;;;
2026-08-26T09:42:21;DC01;kerberos;4769;;;t.hoffmann@DEMO.NOPCAP.NET;DEMO;;cifs/fs01.demo.nopcap.net;;;;AES256;;;;;;;
2026-08-26T09:38:22;DC01;kerberos;4769;;;s.wagner@DEMO.NOPCAP.NET;DEMO;;ldap/dc02.demo.nopcap.net;;;;AES256;;;;;;;
2026-08-26T09:37:23;DC01;kerberos;4769;;;t.hoffmann@DEMO.NOPCAP.NET;DEMO;;HTTP/portal.demo.nopcap.net;;;;AES256;;;;;;;
2026-08-26T09:36:34;DC01;kerberos;4769;;;WKS-0734$@DEMO.NOPCAP.NET;DEMO;;MSSQLSvc/sql01.demo.nopcap.net:1433;;;;AES256;;;;;;;
2026-08-26T09:35:36;DC01;kerberos;4769;;;a.klein@DEMO.NOPCAP.NET;DEMO;;MSSQLSvc/sql01.demo.nopcap.net:1433;;;;AES256;;;;;;;
2026-08-26T09:30:09;DC01;kerberos;4769;;;svc_backup@DEMO.NOPCAP.NET;DEMO;;ldap/dc02.demo.nopcap.net;;;;AES256;;;;;;;
2026-08-26T09:29:57;DC01;kerberos;4769;;;NB-1103$@DEMO.NOPCAP.NET;DEMO;;TERMSRV/vdi-broker.demo.nopcap.net;;;;AES256;;;;;;;
2026-08-26T09:29:54;DC02;kerberos;4769;;;j.schulz@DEMO.NOPCAP.NET;DEMO;;ldap/dc02.demo.nopcap.net;;;;AES256;;;;;;;
2026-08-26T09:27:02;DC02;kerberos;4769;;;t.hoffmann@DEMO.NOPCAP.NET;DEMO;;cifs/fs01.demo.nopcap.net;;;;AES256;;;;;;;
2026-08-26T09:25:56;DC02;auth;4624;NTLMv2;Direct;svc_monitor;DEMO;;;NB-1140;10.14.22.229;3;;;;;;;;
2026-08-26T09:21:59;WKS-0421;outgoing;4001;;Blocked;t.hoffmann;DEMO;spoolsv.exe;cifs/printsrv01;;;;;;;;;;;C:\Windows\System32\spoolsv.exe
2026-08-26T09:18:59;DC01;kerberos;4769;;;WKS-0511$@DEMO.NOPCAP.NET;DEMO;;ldap/dc01.demo.nopcap.net;;;;AES256;;;;;;;
2026-08-26T09:16:24;DC01;kerberos;4769;;;svc_backup@DEMO.NOPCAP.NET;DEMO;;ldap/dc02.demo.nopcap.net;;;;AES256;;;;;;;
2026-08-26T09:15:16;WKS-0421;outgoing;4020;NTLMv2;Direct;m.becker;DEMO;robocopy.exe;cifs/archive01;;;;;Target name could not be resolved by Kerberos;6;Unprotected;None;;;C:\Windows\System32\robocopy.exe
2026-08-26T09:12:30;DC01;kerberos;4769;;;VDI-062$@DEMO.NOPCAP.NET;DEMO;;HTTP/portal.demo.nopcap.net;;;;AES256;;;;;;;
2026-08-26T09:11:32;DC02;kerberos;4769;;;svc_web@DEMO.NOPCAP.NET;DEMO;;ldap/dc01.demo.nopcap.net;;;;RC4;;;;;;;
2026-08-26T09:08:35;DC01;kerberos;4769;;;WKS-0575$@DEMO.NOPCAP.NET;DEMO;;ldap/dc02.demo.nopcap.net;;;;AES256;;;;;;;
2026-08-26T09:07:16;DC01;kerberos;4769;;;NB-1240$@DEMO.NOPCAP.NET;DEMO;;cifs/fs01.demo.nopcap.net;;;;AES256;;;;;;;
2026-08-26T09:05:39;DC01;kerberos;4769;;;WKS-0162$@DEMO.NOPCAP.NET;DEMO;;MSSQLSvc/sql01.demo.nopcap.net:1433;;;;AES256;;;;;;;
2026-08-26T09:04:00;APP03;outgoing;8001;;;t.hoffmann;DEMO;lsass.exe;cifs/nas01;;;;;;;;;;;C:\Windows\System32\lsass.exe
2026-08-26T08:59:57;DC01;kerberos;4769;;;NB-1303$@DEMO.NOPCAP.NET;DEMO;;HTTP/portal.demo.nopcap.net;;;;AES256;;;;;;;
2026-08-26T08:59:37;FS01;incoming;8002;;;FS01$;DEMO;sqlservr.exe;;;;;;;;;;;;
2026-08-26T08:54:02;DC01;kerberos;4769;;;d.fischer@DEMO.NOPCAP.NET;DEMO;;HTTP/portal.demo.nopcap.net;;;;AES256;;;;;;;
2026-08-26T08:52:15;DC02;kerberos;4769;;;s.wagner@DEMO.NOPCAP.NET;DEMO;;ldap/dc02.demo.nopcap.net;;;;AES256;;;;;;;
2026-08-26T08:45:05;DC01;kerberos;4769;;;j.schulz@DEMO.NOPCAP.NET;DEMO;;MSSQLSvc/sql01.demo.nopcap.net:1433;;;;AES256;;;;;;;
2026-08-26T08:39:49;DC01;kerberos;4769;;;VDI-015$@DEMO.NOPCAP.NET;DEMO;;HOST/app03.demo.nopcap.net;;;;AES256;;;;;;;
2026-08-26T08:37:55;DC02;kerberos;4769;;;p.neumann@DEMO.NOPCAP.NET;DEMO;;HTTP/portal.demo.nopcap.net;;;;AES256;;;;;;;
2026-08-26T08:36:28;DC01;kerberos;4769;;;svc_monitor@DEMO.NOPCAP.NET;DEMO;;ldap/dc02.demo.nopcap.net;;;;AES256;;;;;;;
2026-08-26T08:34:59;DC01;kerberos;4769;;;svc_monitor@DEMO.NOPCAP.NET;DEMO;;HTTP/portal.demo.nopcap.net;;;;AES256;;;;;;;
2026-08-26T08:34:06;DC02;kerberos;4769;;;p.neumann@DEMO.NOPCAP.NET;DEMO;;ldap/dc02.demo.nopcap.net;;;;AES256;;;;;;;
2026-08-26T08:33:01;DC01;kerberos;4769;;;svc_web@DEMO.NOPCAP.NET;DEMO;;MSSQLSvc/sql01.demo.nopcap.net:1433;;;;AES256;;;;;;;
2026-08-26T08:18:02;APP03;outgoing;8001;;;svc_web;DEMO;java.exe;HTTP/erp-test;;;;;;;;;;;C:\Program Files\Eclipse Adoptium\jdk-17\bin\java.exe
2026-08-26T08:10:18;DC02;kerberos;4769;;;d.fischer@DEMO.NOPCAP.NET;DEMO;;ldap/dc02.demo.nopcap.net;;;;AES256;;;;;;;
2026-08-26T08:07:31;DC01;kerberos;4769;;;VDI-040$@DEMO.NOPCAP.NET;DEMO;;ldap/dc01.demo.nopcap.net;;;;AES256;;;;;;;
2026-08-26T08:02:10;DC01;kerberos;4769;;;VDI-016$@DEMO.NOPCAP.NET;DEMO;;MSSQLSvc/sql01.demo.nopcap.net:1433;;;;AES256;;;;;;;
2026-08-25T17:59:38;DC01;kerberos;4769;;;VDI-069$@DEMO.NOPCAP.NET;DEMO;;TERMSRV/vdi-broker.demo.nopcap.net;;;;AES256;;;;;;;
2026-08-25T17:51:00;WKS-0421;outgoing;8001;;;d.fischer;DEMO;System;cifs/fs01.demo.nopcap.net;;;;;;;;;;;
2026-08-25T17:48:26;DC01;kerberos;4769;;;WKS-0444$@DEMO.NOPCAP.NET;DEMO;;HTTP/portal.demo.nopcap.net;;;;AES256;;;;;;;
2026-08-25T17:45:57;DC02;kerberos;4769;;;a.klein@DEMO.NOPCAP.NET;DEMO;;ldap/dc02.demo.nopcap.net;;;;AES256;;;;;;;
2026-08-25T17:44:08;FS01;outgoing;8001;;;m.becker;DEMO;explorer.exe;cifs/fs01.demo.nopcap.net;;;;;;;;;;;C:\Windows\explorer.exe
2026-08-25T17:42:55;DC02;kerberos;4769;;;svc_web@DEMO.NOPCAP.NET;DEMO;;HTTP/portal.demo.nopcap.net;;;;RC4;;;;;;;
2026-08-25T17:42:33;DC01;kerberos;4769;;;svc_backup@DEMO.NOPCAP.NET;DEMO;;cifs/fs01.demo.nopcap.net;;;;AES256;;;;;;;
2026-08-25T17:41:38;APP03;outgoing;8001;;;svc_monitor;DEMO;mmc.exe;cifs/10.14.22.31;;;;;;;;;;;C:\Windows\System32\mmc.exe
2026-08-25T17:37:33;DC01;domain;8004;;;d.fischer;DEMO;;ARCHIVE01;VDI-030;;;;;;;;;;
2026-08-25T17:34:57;DC02;kerberos;4769;;;svc_monitor@DEMO.NOPCAP.NET;DEMO;;HOST/app03.demo.nopcap.net;;;;AES256;;;;;;;
2026-08-25T17:23:46;DC01;kerberos;4769;;;WKS-0563$@DEMO.NOPCAP.NET;DEMO;;ldap/dc02.demo.nopcap.net;;;;AES256;;;;;;;
2026-08-25T17:19:09;APP03;outgoing;8001;;;svc_monitor;DEMO;spoolsv.exe;cifs/printsrv01;;;;;;;;;;;C:\Windows\System32\spoolsv.exe
2026-08-25T17:16:18;DC02;kerberos;4769;;;j.schulz@DEMO.NOPCAP.NET;DEMO;;HTTP/portal.demo.nopcap.net;;;;AES256;;;;;;;
2026-08-25T17:14:30;DC01;domain;8004;;;d.fischer;DEMO;;FS01;WKS-0200;;;;;;;;;;
2026-08-25T17:11:51;DC02;kerberos;4769;;;d.fischer@DEMO.NOPCAP.NET;DEMO;;ldap/dc02.demo.nopcap.net;;;;AES256;;;;;;;
2026-08-25T17:06:24;DC01;kerberos;4769;;;t.hoffmann@DEMO.NOPCAP.NET;DEMO;;HTTP/portal.demo.nopcap.net;;;;AES256;;;;;;;
2026-08-25T17:02:25;FS01;outgoing;8001;;;svc_backup;DEMO;WINWORD.EXE;cifs/fs01.demo.nopcap.net;;;;;;;;;;;C:\Program Files\Microsoft Office\root\Office16\WINWORD.EXE
2026-08-25T17:00:43;DC01;kerberos;4769;;;NB-1166$@DEMO.NOPCAP.NET;DEMO;;MSSQLSvc/sql01.demo.nopcap.net:1433;;;;AES256;;;;;;;
2026-08-25T16:56:44;DC01;kerberos;4769;;;a.klein@DEMO.NOPCAP.NET;DEMO;;MSSQLSvc/sql01.demo.nopcap.net:1433;;;;AES256;;;;;;;
2026-08-25T16:51:45;DC02;domain;8004;;;administrator;DEMO;;ERP-TEST;VDI-036;;;;;;;;;;
2026-08-25T16:45:41;DC01;kerberos;4769;;;VDI-036$@DEMO.NOPCAP.NET;DEMO;;ldap/dc02.demo.nopcap.net;;;;AES256;;;;;;;
2026-08-25T16:44:47;DC01;kerberos;4769;;;VDI-037$@DEMO.NOPCAP.NET;DEMO;;HOST/app03.demo.nopcap.net;;;;AES256;;;;;;;
2026-08-25T16:36:53;DC01;ntlmv1sso;4024;NTLMv1;;mfp_service;DEMO;;cifs/fs01.demo.nopcap.net;;;;;;;;;;;
2026-08-25T16:34:05;DC01;kerberos;4769;;;WKS-0670$@DEMO.NOPCAP.NET;DEMO;;cifs/fs01.demo.nopcap.net;;;;AES256;;;;;;;
2026-08-25T16:30:05;DC01;kerberos;4769;;;m.becker@DEMO.NOPCAP.NET;DEMO;;ldap/dc02.demo.nopcap.net;;;;AES256;;;;;;;
2026-08-25T16:29:57;DC01;kerberos;4769;;;m.becker@DEMO.NOPCAP.NET;DEMO;;TERMSRV/vdi-broker.demo.nopcap.net;;;;AES256;;;;;;;
2026-08-25T16:29:53;DC01;kerberos;4769;;;svc_monitor@DEMO.NOPCAP.NET;DEMO;;cifs/fs01.demo.nopcap.net;;;;AES256;;;;;;;
2026-08-25T16:18:33;DC01;kerberos;4769;;;a.klein@DEMO.NOPCAP.NET;DEMO;;MSSQLSvc/sql01.demo.nopcap.net:1433;;;;AES256;;;;;;;
2026-08-25T16:18:23;DC01;kerberos;4769;;;d.fischer@DEMO.NOPCAP.NET;DEMO;;ldap/dc02.demo.nopcap.net;;;;AES256;;;;;;;
2026-08-25T16:13:19;FS01;outgoing;8001;;;svc_sql;DEMO;svchost.exe;ldap/dc01.demo.nopcap.net;;;;;;;;;;;C:\Windows\System32\svchost.exe
2026-08-25T16:11:23;DC01;kerberos;4769;;;NB-1289$@DEMO.NOPCAP.NET;DEMO;;ldap/dc02.demo.nopcap.net;;;;AES256;;;;;;;
2026-08-25T16:06:59;DC01;kerberos;4769;;;NB-1352$@DEMO.NOPCAP.NET;DEMO;;MSSQLSvc/sql01.demo.nopcap.net:1433;;;;AES256;;;;;;;
2026-08-25T16:06:55;APP03;outgoing;8001;;;k.lorenz;DEMO;lsass.exe;cifs/nas01;;;;;;;;;;;C:\Windows\System32\lsass.exe
2026-08-25T16:06:45;DC02;kerberos;4769;;;svc_sql@DEMO.NOPCAP.NET;DEMO;;cifs/fs01.demo.nopcap.net;;;;AES256;;;;;;;
2026-08-25T16:05:53;DC01;auth;4624;NTLMv2;Fallback;k.lorenz;DEMO;;;WKS-0823;10.14.23.203;3;;;;;;;;
2026-08-25T16:03:48;DC02;kerberos;4769;;;p.neumann@DEMO.NOPCAP.NET;DEMO;;MSSQLSvc/sql01.demo.nopcap.net:1433;;;;AES256;;;;;;;
2026-08-25T16:02:36;DC02;krbfail;4769;;;k.lorenz@DEMO.NOPCAP.NET;DEMO;;TERMSRV/vdi-broker.demo.nopcap.net;;;;;;;;;;0x25;
2026-08-25T16:00:56;APP03;outgoing;8001;;;administrator;DEMO;robocopy.exe;cifs/archive01;;;;;;;;;;;C:\Windows\System32\robocopy.exe
2026-08-25T16:00:38;DC02;kerberos;4769;;;m.becker@DEMO.NOPCAP.NET;DEMO;;MSSQLSvc/sql01.demo.nopcap.net:1433;;;;AES256;;;;;;;
2026-08-25T15:57:58;DC02;domain;8004;;;d.fischer;DEMO;;FS01;NB-1139;;;;;;;;;;
2026-08-25T15:56:05;FS01;outgoing;8001;;;administrator;DEMO;lsass.exe;cifs/nas01;;;;;;;;;;;C:\Windows\System32\lsass.exe
2026-08-25T15:55:34;DC02;kerberos;4769;;;svc_web@DEMO.NOPCAP.NET;DEMO;;HTTP/portal.demo.nopcap.net;;;;AES256;;;;;;;
2026-08-25T15:55:01;DC01;kerberos;4769;;;NB-1244$@DEMO.NOPCAP.NET;DEMO;;HOST/app03.demo.nopcap.net;;;;AES256;;;;;;;
2026-08-25T15:54:50;WKS-0421;outgoing;4020;NTLMv2;Direct;m.becker;DEMO;powershell.exe;cifs/10.14.22.31;;;;;Target name contains an IP address;7;Unprotected;None;;;C:\Windows\System32\WindowsPowerShell\v1.0\powershell.exe
2026-08-25T15:50:21;DC02;kerberos;4769;;;svc_web@DEMO.NOPCAP.NET;DEMO;;TERMSRV/vdi-broker.demo.nopcap.net;;;;AES256;;;;;;;
2026-08-25T15:44:33;DC02;kerberos;4769;;;administrator@DEMO.NOPCAP.NET;DEMO;;HOST/app03.demo.nopcap.net;;;;AES256;;;;;;;
2026-08-25T15:41:47;DC01;kerberos;4769;;;t.hoffmann@DEMO.NOPCAP.NET;DEMO;;HOST/app03.demo.nopcap.net;;;;AES256;;;;;;;
2026-08-25T15:34:06;DC02;kerberos;4769;;;k.lorenz@DEMO.NOPCAP.NET;DEMO;;TERMSRV/vdi-broker.demo.nopcap.net;;;;AES256;;;;;;;
2026-08-25T15:33:49;DC01;kerberos;4769;;;VDI-059$@DEMO.NOPCAP.NET;DEMO;;ldap/dc01.demo.nopcap.net;;;;AES256;;;;;;;
2026-08-25T15:30:32;DC02;kerberos;4769;;;t.hoffmann@DEMO.NOPCAP.NET;DEMO;;MSSQLSvc/sql01.demo.nopcap.net:1433;;;;AES256;;;;;;;
2026-08-25T15:30:23;DC01;kerberos;4769;;;WKS-0656$@DEMO.NOPCAP.NET;DEMO;;cifs/fs01.demo.nopcap.net;;;;AES256;;;;;;;
2026-08-25T15:30:22;DC02;kerberos;4769;;;administrator@DEMO.NOPCAP.NET;DEMO;;HOST/app03.demo.nopcap.net;;;;AES256;;;;;;;
2026-08-25T15:30:17;DC01;kerberos;4769;;;NB-1311$@DEMO.NOPCAP.NET;DEMO;;HOST/app03.demo.nopcap.net;;;;AES256;;;;;;;
2026-08-25T15:29:52;DC01;kerberos;4769;;;d.fischer@DEMO.NOPCAP.NET;DEMO;;cifs/fs01.demo.nopcap.net;;;;AES256;;;;;;;
2026-08-25T15:25:23;DC02;kerberos;4769;;;svc_sql@DEMO.NOPCAP.NET;DEMO;;MSSQLSvc/sql01.demo.nopcap.net:1433;;;;AES256;;;;;;;
2026-08-25T15:24:23;DC01;kerberos;4769;;;NB-1225$@DEMO.NOPCAP.NET;DEMO;;TERMSRV/vdi-broker.demo.nopcap.net;;;;AES256;;;;;;;
2026-08-25T15:17:11;DC02;kerberos;4769;;;administrator@DEMO.NOPCAP.NET;DEMO;;cifs/fs01.demo.nopcap.net;;;;AES256;;;;;;;
2026-08-25T15:16:23;DC01;kerberos;4769;;;VDI-062$@DEMO.NOPCAP.NET;DEMO;;cifs/fs01.demo.nopcap.net;;;;AES256;;;;;;;
2026-08-25T15:13:42;DC01;kerberos;4769;;;k.lorenz@DEMO.NOPCAP.NET;DEMO;;ldap/dc01.demo.nopcap.net;;;;AES256;;;;;;;
2026-08-25T15:11:37;DC01;kerberos;4769;;;WKS-0153$@DEMO.NOPCAP.NET;DEMO;;ldap/dc01.demo.nopcap.net;;;;AES256;;;;;;;
2026-08-25T15:11:12;DC02;kerberos;4769;;;t.hoffmann@DEMO.NOPCAP.NET;DEMO;;TERMSRV/vdi-broker.demo.nopcap.net;;;;AES256;;;;;;;
2026-08-25T15:10:57;DC01;kerberos;4769;;;NB-1273$@DEMO.NOPCAP.NET;DEMO;;HTTP/portal.demo.nopcap.net;;;;AES256;;;;;;;
2026-08-25T15:10:23;DC02;kerberos;4769;;;svc_sql@DEMO.NOPCAP.NET;DEMO;;MSSQLSvc/sql01.demo.nopcap.net:1433;;;;AES256;;;;;;;
2026-08-25T15:10:02;DC01;kerberos;4769;;;VDI-080$@DEMO.NOPCAP.NET;DEMO;;HOST/app03.demo.nopcap.net;;;;AES256;;;;;;;
2026-08-25T15:03:37;APP03;outgoing;8001;;;svc_backup;DEMO;System;cifs/fs01.demo.nopcap.net;;;;;;;;;;;
2026-08-25T15:01:43;DC01;kerberos;4769;;;m.becker@DEMO.NOPCAP.NET;DEMO;;MSSQLSvc/sql01.demo.nopcap.net:1433;;;;AES256;;;;;;;
2026-08-25T14:57:26;DC01;auth;4624;NTLMv2;Direct;svc_web;DEMO;;;NB-1100;10.14.23.91;3;;;;;;;;
2026-08-25T14:54:28;DC01;kerberos;4769;;;administrator@DEMO.NOPCAP.NET;DEMO;;cifs/fs01.demo.nopcap.net;;;;AES256;;;;;;;
2026-08-25T14:49:13;DC01;kerberos;4769;;;svc_monitor@DEMO.NOPCAP.NET;DEMO;;ldap/dc02.demo.nopcap.net;;;;AES256;;;;;;;
2026-08-25T14:45:11;DC01;kerberos;4769;;;WKS-0151$@DEMO.NOPCAP.NET;DEMO;;TERMSRV/vdi-broker.demo.nopcap.net;;;;AES256;;;;;;;
2026-08-25T14:42:34;DC01;auth;4624;NTLMv2;Direct;m.becker;DEMO;;;WKS-0337;10.14.21.234;3;;;;;;;;
2026-08-25T14:37:17;DC01;kerberos;4769;;;administrator@DEMO.NOPCAP.NET;DEMO;;HTTP/portal.demo.nopcap.net;;;;AES256;;;;;;;
2026-08-25T14:37:11;DC01;kerberos;4769;;;VDI-024$@DEMO.NOPCAP.NET;DEMO;;HTTP/portal.demo.nopcap.net;;;;AES256;;;;;;;
2026-08-25T14:36:55;DC01;kerberos;4769;;;VDI-075$@DEMO.NOPCAP.NET;DEMO;;cifs/fs01.demo.nopcap.net;;;;AES256;;;;;;;
2026-08-25T14:36:19;DC02;auth;4624;NTLMv2;Fallback;svc_backup;DEMO;;;WKS-0185;10.14.24.75;3;;;;;;;;
2026-08-25T14:32:11;DC02;kerberos;4769;;;k.lorenz@DEMO.NOPCAP.NET;DEMO;;ldap/dc02.demo.nopcap.net;;;;AES256;;;;;;;
2026-08-25T14:22:41;DC01;kerberos;4769;;;s.wagner@DEMO.NOPCAP.NET;DEMO;;TERMSRV/vdi-broker.demo.nopcap.net;;;;AES256;;;;;;;
2026-08-25T14:21:34;APP03;outgoing;8001;;;administrator;DEMO;lsass.exe;cifs/nas01;;;;;;;;;;;C:\Windows\System32\lsass.exe
2026-08-25T14:19:55;WKS-0421;outgoing;4020;NTLMv2;Direct;svc_monitor;DEMO;explorer.exe;cifs/fs01.demo.nopcap.net;;;;;Application called NTLM directly;1;Unprotected;None;;;C:\Windows\explorer.exe
2026-08-25T14:19:34;DC02;kerberos;4769;;;m.becker@DEMO.NOPCAP.NET;DEMO;;HOST/app03.demo.nopcap.net;;;;AES256;;;;;;;
2026-08-25T14:16:13;DC01;kerberos;4769;;;VDI-089$@DEMO.NOPCAP.NET;DEMO;;cifs/fs01.demo.nopcap.net;;;;AES256;;;;;;;
2026-08-25T14:15:19;DC02;kerberos;4769;;;svc_sql@DEMO.NOPCAP.NET;DEMO;;HOST/app03.demo.nopcap.net;;;;AES256;;;;;;;
2026-08-25T14:12:54;APP03;outgoing;8001;;;svc_backup;DEMO;robocopy.exe;cifs/archive01;;;;;;;;;;;C:\Windows\System32\robocopy.exe
2026-08-25T14:06:00;DC01;auth;4624;NTLMv1;Direct;mfp_service;DEMO;;;MFP-EG-01;10.14.30.42;3;;;;;;;;
2026-08-25T14:03:56;DC02;kerberos;4769;;;svc_monitor@DEMO.NOPCAP.NET;DEMO;;HOST/app03.demo.nopcap.net;;;;AES256;;;;;;;
2026-08-25T14:01:42;FS01;outgoing;8001;;;svc_monitor;DEMO;explorer.exe;cifs/fs01.demo.nopcap.net;;;;;;;;;;;C:\Windows\explorer.exe
2026-08-25T13:58:10;DC01;kerberos;4769;;;NB-1327$@DEMO.NOPCAP.NET;DEMO;;cifs/fs01.demo.nopcap.net;;;;AES256;;;;;;;
2026-08-25T13:55:17;DC01;kerberos;4769;;;p.neumann@DEMO.NOPCAP.NET;DEMO;;ldap/dc02.demo.nopcap.net;;;;AES256;;;;;;;
2026-08-25T13:52:25;WKS-0421;outgoing;4020;NTLMv2;Direct;svc_web;DEMO;lsass.exe;cifs/nas01;;;;;Target name could not be resolved by Kerberos;6;Unprotected;None;;;C:\Windows\System32\lsass.exe
2026-08-25T13:47:15;DC01;kerberos;4769;;;svc_sql@DEMO.NOPCAP.NET;DEMO;;ldap/dc02.demo.nopcap.net;;;;AES256;;;;;;;
2026-08-25T13:45:35;FS01;outgoing;8001;;;a.klein;DEMO;explorer.exe;cifs/fs01.demo.nopcap.net;;;;;;;;;;;C:\Windows\explorer.exe
2026-08-25T13:44:41;DC01;auth;4624;NTLMv2;Direct;svc_backup;DEMO;;;WKS-0343;10.14.25.116;3;;;;;;;;
2026-08-25T13:38:23;DC01;kerberos;4769;;;svc_web@DEMO.NOPCAP.NET;DEMO;;ldap/dc02.demo.nopcap.net;;;;RC4;;;;;;;
2026-08-25T13:35:33;DC01;kerberos;4769;;;NB-1389$@DEMO.NOPCAP.NET;DEMO;;MSSQLSvc/sql01.demo.nopcap.net:1433;;;;AES256;;;;;;;
2026-08-25T13:30:56;FS01;incoming;8003;;;j.schulz;DEMO;System;;WKS-0285;;3;;;;;;;;
2026-08-25T13:30:33;DC01;kerberos;4769;;;VDI-051$@DEMO.NOPCAP.NET;DEMO;;HTTP/portal.demo.nopcap.net;;;;AES256;;;;;;;
2026-08-25T13:24:23;FS01;outgoing;8001;;;administrator;DEMO;System;cifs/fs01.demo.nopcap.net;;;;;;;;;;;
2026-08-25T13:22:44;DC01;kerberos;4769;;;t.hoffmann@DEMO.NOPCAP.NET;DEMO;;TERMSRV/vdi-broker.demo.nopcap.net;;;;AES256;;;;;;;
2026-08-25T13:18:04;APP03;outgoing;8001;;;d.fischer;DEMO;System;cifs/fs01.demo.nopcap.net;;;;;;;;;;;
2026-08-25T13:17:15;APP03;incoming;8003;;;j.schulz;DEMO;System;;NB-1116;;3;;;;;;;;
2026-08-25T13:09:19;DC01;kerberos;4769;;;NB-1307$@DEMO.NOPCAP.NET;DEMO;;ldap/dc01.demo.nopcap.net;;;;AES256;;;;;;;
2026-08-25T13:05:23;DC01;kerberos;4769;;;administrator@DEMO.NOPCAP.NET;DEMO;;TERMSRV/vdi-broker.demo.nopcap.net;;;;AES256;;;;;;;
2026-08-25T13:01:50;DC02;kerberos;4769;;;p.neumann@DEMO.NOPCAP.NET;DEMO;;MSSQLSvc/sql01.demo.nopcap.net:1433;;;;AES256;;;;;;;
2026-08-25T13:01:22;DC01;kerberos;4769;;;svc_web@DEMO.NOPCAP.NET;DEMO;;MSSQLSvc/sql01.demo.nopcap.net:1433;;;;RC4;;;;;;;
2026-08-25T13:00:42;DC01;kerberos;4769;;;WKS-0558$@DEMO.NOPCAP.NET;DEMO;;ldap/dc02.demo.nopcap.net;;;;AES256;;;;;;;
2026-08-25T12:58:59;DC01;kerberos;4769;;;WKS-0102$@DEMO.NOPCAP.NET;DEMO;;ldap/dc02.demo.nopcap.net;;;;AES256;;;;;;;
2026-08-25T12:58:49;DC01;kerberos;4769;;;s.wagner@DEMO.NOPCAP.NET;DEMO;;cifs/fs01.demo.nopcap.net;;;;AES256;;;;;;;
2026-08-25T12:58:20;DC02;kerberos;4769;;;m.becker@DEMO.NOPCAP.NET;DEMO;;TERMSRV/vdi-broker.demo.nopcap.net;;;;AES256;;;;;;;
2026-08-25T12:57:19;DC02;kerberos;4769;;;svc_backup@DEMO.NOPCAP.NET;DEMO;;cifs/fs01.demo.nopcap.net;;;;AES256;;;;;;;
2026-08-25T12:55:34;DC02;kerberos;4769;;;svc_backup@DEMO.NOPCAP.NET;DEMO;;cifs/fs01.demo.nopcap.net;;;;AES256;;;;;;;
2026-08-25T12:54:48;DC01;kerberos;4769;;;p.neumann@DEMO.NOPCAP.NET;DEMO;;MSSQLSvc/sql01.demo.nopcap.net:1433;;;;AES256;;;;;;;
2026-08-25T12:54:03;DC01;kerberos;4769;;;a.klein@DEMO.NOPCAP.NET;DEMO;;HOST/app03.demo.nopcap.net;;;;AES256;;;;;;;
2026-08-25T12:52:54;DC01;kerberos;4769;;;WKS-0294$@DEMO.NOPCAP.NET;DEMO;;HOST/app03.demo.nopcap.net;;;;AES256;;;;;;;
2026-08-25T12:50:31;DC02;kerberos;4769;;;svc_web@DEMO.NOPCAP.NET;DEMO;;MSSQLSvc/sql01.demo.nopcap.net:1433;;;;RC4;;;;;;;
2026-08-25T12:47:13;DC01;kerberos;4769;;;WKS-0286$@DEMO.NOPCAP.NET;DEMO;;ldap/dc01.demo.nopcap.net;;;;AES256;;;;;;;
2026-08-25T12:46:31;DC01;kerberos;4769;;;d.fischer@DEMO.NOPCAP.NET;DEMO;;cifs/fs01.demo.nopcap.net;;;;AES256;;;;;;;
2026-08-25T12:45:26;DC02;kerberos;4769;;;t.hoffmann@DEMO.NOPCAP.NET;DEMO;;ldap/dc02.demo.nopcap.net;;;;AES256;;;;;;;
2026-08-25T12:42:07;DC02;auth;4624;NTLMv2;Direct;a.klein;DEMO;;;NB-1154;10.14.20.12;3;;;;;;;;
2026-08-25T12:39:07;DC01;kerberos;4769;;;WKS-0120$@DEMO.NOPCAP.NET;DEMO;;MSSQLSvc/sql01.demo.nopcap.net:1433;;;;AES256;;;;;;;
2026-08-25T12:23:14;DC02;kerberos;4769;;;p.neumann@DEMO.NOPCAP.NET;DEMO;;HOST/app03.demo.nopcap.net;;;;AES256;;;;;;;
2026-08-25T12:19:31;DC02;kerberos;4769;;;k.lorenz@DEMO.NOPCAP.NET;DEMO;;TERMSRV/vdi-broker.demo.nopcap.net;;;;AES256;;;;;;;
2026-08-25T12:12:39;DC02;kerberos;4769;;;p.neumann@DEMO.NOPCAP.NET;DEMO;;ldap/dc02.demo.nopcap.net;;;;AES256;;;;;;;
2026-08-25T12:08:35;DC01;kerberos;4769;;;s.wagner@DEMO.NOPCAP.NET;DEMO;;MSSQLSvc/sql01.demo.nopcap.net:1433;;;;AES256;;;;;;;
2026-08-25T12:02:58;DC01;kerberos;4769;;;j.schulz@DEMO.NOPCAP.NET;DEMO;;MSSQLSvc/sql01.demo.nopcap.net:1433;;;;AES256;;;;;;;
2026-08-25T12:00:33;DC02;kerberos;4769;;;p.neumann@DEMO.NOPCAP.NET;DEMO;;ldap/dc01.demo.nopcap.net;;;;AES256;;;;;;;
2026-08-25T12:00:09;DC01;kerberos;4769;;;k.lorenz@DEMO.NOPCAP.NET;DEMO;;HOST/app03.demo.nopcap.net;;;;AES256;;;;;;;
2026-08-25T11:58:35;DC01;kerberos;4769;;;j.schulz@DEMO.NOPCAP.NET;DEMO;;ldap/dc02.demo.nopcap.net;;;;AES256;;;;;;;
2026-08-25T11:57:13;DC01;kerberos;4769;;;s.wagner@DEMO.NOPCAP.NET;DEMO;;ldap/dc01.demo.nopcap.net;;;;AES256;;;;;;;
2026-08-25T11:54:47;DC01;kerberos;4769;;;NB-1021$@DEMO.NOPCAP.NET;DEMO;;HTTP/portal.demo.nopcap.net;;;;AES256;;;;;;;
2026-08-25T11:53:34;DC01;kerberos;4769;;;VDI-037$@DEMO.NOPCAP.NET;DEMO;;cifs/fs01.demo.nopcap.net;;;;AES256;;;;;;;
2026-08-25T11:51:43;DC02;auth;4624;NTLMv2;Direct;m.becker;DEMO;;;WKS-0580;10.14.24.92;3;;;;;;;;
2026-08-25T11:49:59;DC01;kerberos;4769;;;k.lorenz@DEMO.NOPCAP.NET;DEMO;;ldap/dc02.demo.nopcap.net;;;;AES256;;;;;;;
2026-08-25T11:47:14;DC01;kerberos;4769;;;s.wagner@DEMO.NOPCAP.NET;DEMO;;ldap/dc02.demo.nopcap.net;;;;AES256;;;;;;;
2026-08-25T11:40:50;DC01;kerberos;4769;;;p.neumann@DEMO.NOPCAP.NET;DEMO;;HOST/app03.demo.nopcap.net;;;;AES256;;;;;;;
2026-08-25T11:40:37;WKS-0421;outgoing;4020;NTLMv2;Direct;t.hoffmann;DEMO;System;cifs/fs01.demo.nopcap.net;;;;;Application called NTLM directly;1;Unprotected;None;;;
2026-08-25T11:40:22;DC01;kerberos;4769;;;k.lorenz@DEMO.NOPCAP.NET;DEMO;;TERMSRV/vdi-broker.demo.nopcap.net;;;;AES256;;;;;;;
2026-08-25T11:40:01;DC02;kerberos;4769;;;p.neumann@DEMO.NOPCAP.NET;DEMO;;HOST/app03.demo.nopcap.net;;;;AES256;;;;;;;
2026-08-25T11:38:42;DC01;kerberos;4769;;;NB-1331$@DEMO.NOPCAP.NET;DEMO;;cifs/fs01.demo.nopcap.net;;;;AES256;;;;;;;
2026-08-25T11:37:54;DC01;auth;4624;NTLMv1;Direct;mfp_service;DEMO;;;MFP-EG-05;10.14.30.45;3;;;;;;;;
2026-08-25T11:35:10;APP03;outgoing;8001;;;m.becker;DEMO;System;cifs/fs01.demo.nopcap.net;;;;;;;;;;;
2026-08-25T11:34:50;DC01;auth;4624;NTLMv1;Direct;svc_scan;DEMO;;;MFP-EG-05;10.14.30.41;3;;;;;;;;
2026-08-25T11:34:12;DC01;kerberos;4769;;;d.fischer@DEMO.NOPCAP.NET;DEMO;;cifs/fs01.demo.nopcap.net;;;;AES256;;;;;;;
2026-08-25T11:29:23;DC02;kerberos;4769;;;d.fischer@DEMO.NOPCAP.NET;DEMO;;cifs/fs01.demo.nopcap.net;;;;AES256;;;;;;;
2026-08-25T11:28:49;DC02;domain;8004;;;m.becker;DEMO;;PRINTSRV01;NB-1149;;;;;;;;;;
2026-08-25T11:28:20;DC02;kerberos;4769;;;d.fischer@DEMO.NOPCAP.NET;DEMO;;HTTP/portal.demo.nopcap.net;;;;AES256;;;;;;;
2026-08-25T11:26:31;DC01;kerberos;4769;;;k.lorenz@DEMO.NOPCAP.NET;DEMO;;TERMSRV/vdi-broker.demo.nopcap.net;;;;AES256;;;;;;;
2026-08-25T11:24:43;DC01;kerberos;4769;;;NB-1240$@DEMO.NOPCAP.NET;DEMO;;cifs/fs01.demo.nopcap.net;;;;AES256;;;;;;;
2026-08-25T11:23:59;DC02;kerberos;4769;;;svc_sql@DEMO.NOPCAP.NET;DEMO;;HOST/app03.demo.nopcap.net;;;;AES256;;;;;;;
2026-08-25T11:20:17;DC01;kerberos;4769;;;WKS-0390$@DEMO.NOPCAP.NET;DEMO;;TERMSRV/vdi-broker.demo.nopcap.net;;;;AES256;;;;;;;
2026-08-25T11:19:07;DC01;kerberos;4769;;;WKS-0497$@DEMO.NOPCAP.NET;DEMO;;ldap/dc01.demo.nopcap.net;;;;AES256;;;;;;;
2026-08-25T11:18:11;DC01;kerberos;4769;;;WKS-0168$@DEMO.NOPCAP.NET;DEMO;;ldap/dc02.demo.nopcap.net;;;;AES256;;;;;;;
2026-08-25T11:15:15;DC01;kerberos;4769;;;VDI-068$@DEMO.NOPCAP.NET;DEMO;;TERMSRV/vdi-broker.demo.nopcap.net;;;;AES256;;;;;;;
2026-08-25T11:03:37;APP03;outgoing;8001;;;svc_monitor;DEMO;svchost.exe;ldap/dc01.demo.nopcap.net;;;;;;;;;;;C:\Windows\System32\svchost.exe
2026-08-25T11:01:46;DC01;kerberos;4769;;;s.wagner@DEMO.NOPCAP.NET;DEMO;;ldap/dc01.demo.nopcap.net;;;;AES256;;;;;;;
2026-08-25T11:00:39;DC01;kerberos;4769;;;d.fischer@DEMO.NOPCAP.NET;DEMO;;HOST/app03.demo.nopcap.net;;;;AES256;;;;;;;
2026-08-25T11:00:11;DC01;kerberos;4769;;;svc_sql@DEMO.NOPCAP.NET;DEMO;;MSSQLSvc/sql01.demo.nopcap.net:1433;;;;AES256;;;;;;;
2026-08-25T10:59:23;DC01;kerberos;4769;;;NB-1024$@DEMO.NOPCAP.NET;DEMO;;TERMSRV/vdi-broker.demo.nopcap.net;;;;AES256;;;;;;;
2026-08-25T10:59:21;DC01;kerberos;4769;;;NB-1263$@DEMO.NOPCAP.NET;DEMO;;HOST/app03.demo.nopcap.net;;;;AES256;;;;;;;
2026-08-25T10:58:03;DC01;auth;4624;NTLMv2;Direct;m.becker;DEMO;;;WKS-0346;10.14.23.223;3;;;;;;;;
2026-08-25T10:55:18;DC01;kerberos;4769;;;WKS-0859$@DEMO.NOPCAP.NET;DEMO;;ldap/dc01.demo.nopcap.net;;;;AES256;;;;;;;
2026-08-25T10:54:50;DC01;kerberos;4769;;;WKS-0524$@DEMO.NOPCAP.NET;DEMO;;TERMSRV/vdi-broker.demo.nopcap.net;;;;AES256;;;;;;;
2026-08-25T10:53:12;FS01;outgoing;8001;;;svc_web;DEMO;svchost.exe;ldap/dc01.demo.nopcap.net;;;;;;;;;;;C:\Windows\System32\svchost.exe
2026-08-25T10:46:53;DC01;kerberos;4769;;;WKS-0210$@DEMO.NOPCAP.NET;DEMO;;HTTP/portal.demo.nopcap.net;;;;AES256;;;;;;;
2026-08-25T10:45:30;DC01;kerberos;4769;;;svc_web@DEMO.NOPCAP.NET;DEMO;;TERMSRV/vdi-broker.demo.nopcap.net;;;;AES256;;;;;;;
2026-08-25T10:42:30;DC01;kerberos;4769;;;svc_sql@DEMO.NOPCAP.NET;DEMO;;TERMSRV/vdi-broker.demo.nopcap.net;;;;AES256;;;;;;;
2026-08-25T10:42:07;DC02;kerberos;4769;;;svc_sql@DEMO.NOPCAP.NET;DEMO;;TERMSRV/vdi-broker.demo.nopcap.net;;;;AES256;;;;;;;
2026-08-25T10:36:48;DC01;domain;8004;;;m.becker;DEMO;;ERP-TEST;WKS-0370;;;;;;;;;;
2026-08-25T10:32:47;DC01;kerberos;4769;;;VDI-082$@DEMO.NOPCAP.NET;DEMO;;HOST/app03.demo.nopcap.net;;;;AES256;;;;;;;
2026-08-25T10:30:19;APP03;outgoing;8001;;;svc_sql;DEMO;lsass.exe;cifs/nas01;;;;;;;;;;;C:\Windows\System32\lsass.exe
2026-08-25T10:29:01;DC02;kerberos;4769;;;administrator@DEMO.NOPCAP.NET;DEMO;;ldap/dc02.demo.nopcap.net;;;;AES256;;;;;;;
2026-08-25T10:26:35;DC01;kerberos;4769;;;NB-1396$@DEMO.NOPCAP.NET;DEMO;;MSSQLSvc/sql01.demo.nopcap.net:1433;;;;AES256;;;;;;;
2026-08-25T10:25:21;DC02;krbfail;4769;;;j.schulz@DEMO.NOPCAP.NET;DEMO;;cifs/fs01.demo.nopcap.net;;;;;;;;;;0x25;
2026-08-25T10:25:02;DC01;kerberos;4769;;;svc_sql@DEMO.NOPCAP.NET;DEMO;;HTTP/portal.demo.nopcap.net;;;;AES256;;;;;;;
2026-08-25T10:21:41;DC02;kerberos;4769;;;svc_sql@DEMO.NOPCAP.NET;DEMO;;ldap/dc02.demo.nopcap.net;;;;AES256;;;;;;;
2026-08-25T10:21:20;WKS-0421;outgoing;4020;NTLMv2;Direct;k.lorenz;DEMO;lsass.exe;cifs/nas01;;;;;Target name could not be resolved by Kerberos;6;Unprotected;None;;;C:\Windows\System32\lsass.exe
2026-08-25T10:20:00;DC02;kerberos;4769;;;administrator@DEMO.NOPCAP.NET;DEMO;;ldap/dc01.demo.nopcap.net;;;;AES256;;;;;;;
2026-08-25T10:19:08;DC01;kerberos;4769;;;svc_monitor@DEMO.NOPCAP.NET;DEMO;;ldap/dc02.demo.nopcap.net;;;;AES256;;;;;;;
2026-08-25T10:16:01;DC01;kerberos;4769;;;k.lorenz@DEMO.NOPCAP.NET;DEMO;;MSSQLSvc/sql01.demo.nopcap.net:1433;;;;AES256;;;;;;;
2026-08-25T10:15:48;APP03;outgoing;8001;;;p.neumann;DEMO;System;cifs/fs01.demo.nopcap.net;;;;;;;;;;;
2026-08-25T10:15:02;DC01;kerberos;4769;;;j.schulz@DEMO.NOPCAP.NET;DEMO;;cifs/fs01.demo.nopcap.net;;;;AES256;;;;;;;
2026-08-25T10:13:40;DC01;kerberos;4769;;;VDI-069$@DEMO.NOPCAP.NET;DEMO;;HOST/app03.demo.nopcap.net;;;;AES256;;;;;;;
2026-08-25T10:11:35;DC02;kerberos;4769;;;svc_web@DEMO.NOPCAP.NET;DEMO;;ldap/dc01.demo.nopcap.net;;;;RC4;;;;;;;
2026-08-25T10:09:46;DC02;kerberos;4769;;;administrator@DEMO.NOPCAP.NET;DEMO;;HOST/app03.demo.nopcap.net;;;;AES256;;;;;;;
2026-08-25T10:08:36;DC02;kerberos;4769;;;m.becker@DEMO.NOPCAP.NET;DEMO;;cifs/fs01.demo.nopcap.net;;;;AES256;;;;;;;
2026-08-25T10:08:16;DC02;kerberos;4769;;;d.fischer@DEMO.NOPCAP.NET;DEMO;;TERMSRV/vdi-broker.demo.nopcap.net;;;;AES256;;;;;;;
2026-08-25T10:07:56;DC02;kerberos;4769;;;j.schulz@DEMO.NOPCAP.NET;DEMO;;TERMSRV/vdi-broker.demo.nopcap.net;;;;AES256;;;;;;;
2026-08-25T10:07:54;DC01;kerberos;4769;;;VDI-033$@DEMO.NOPCAP.NET;DEMO;;ldap/dc01.demo.nopcap.net;;;;AES256;;;;;;;
2026-08-25T10:06:31;DC02;kerberos;4769;;;d.fischer@DEMO.NOPCAP.NET;DEMO;;cifs/fs01.demo.nopcap.net;;;;AES256;;;;;;;
2026-08-25T10:06:31;DC01;kerberos;4769;;;NB-1159$@DEMO.NOPCAP.NET;DEMO;;HTTP/portal.demo.nopcap.net;;;;AES256;;;;;;;
2026-08-25T10:06:06;DC02;kerberos;4769;;;svc_web@DEMO.NOPCAP.NET;DEMO;;TERMSRV/vdi-broker.demo.nopcap.net;;;;RC4;;;;;;;
2026-08-25T10:03:25;DC01;kerberos;4769;;;NB-1080$@DEMO.NOPCAP.NET;DEMO;;ldap/dc02.demo.nopcap.net;;;;AES256;;;;;;;
2026-08-25T10:01:09;APP03;outgoing;8001;;;svc_web;DEMO;System;cifs/fs01.demo.nopcap.net;;;;;;;;;;;
2026-08-25T10:00:29;FS01;outgoing;8001;;;svc_monitor;DEMO;System;cifs/fs01.demo.nopcap.net;;;;;;;;;;;
2026-08-25T09:57:05;FS01;outgoing;8001;;;administrator;DEMO;svchost.exe;ldap/dc01.demo.nopcap.net;;;;;;;;;;;C:\Windows\System32\svchost.exe
2026-08-25T09:56:59;DC01;kerberos;4769;;;svc_backup@DEMO.NOPCAP.NET;DEMO;;TERMSRV/vdi-broker.demo.nopcap.net;;;;AES256;;;;;;;
2026-08-25T09:56:25;DC01;kerberos;4769;;;WKS-0468$@DEMO.NOPCAP.NET;DEMO;;cifs/fs01.demo.nopcap.net;;;;AES256;;;;;;;
2026-08-25T09:56:19;DC01;kerberos;4769;;;WKS-0757$@DEMO.NOPCAP.NET;DEMO;;ldap/dc01.demo.nopcap.net;;;;AES256;;;;;;;
2026-08-25T09:53:01;WKS-0421;outgoing;4001;;Blocked;k.lorenz;DEMO;lsass.exe;cifs/nas01;;;;;;;;;;;C:\Windows\System32\lsass.exe
2026-08-25T09:50:17;DC02;kerberos;4769;;;svc_sql@DEMO.NOPCAP.NET;DEMO;;HTTP/portal.demo.nopcap.net;;;;AES256;;;;;;;
2026-08-25T09:43:57;FS01;incoming;8003;;;s.wagner;DEMO;sqlservr.exe;;VDI-083;;3;;;;;;;;
2026-08-25T09:36:24;DC01;kerberos;4769;;;m.becker@DEMO.NOPCAP.NET;DEMO;;TERMSRV/vdi-broker.demo.nopcap.net;;;;AES256;;;;;;;
2026-08-25T09:35:28;DC02;krbfail;4769;;;m.becker@DEMO.NOPCAP.NET;DEMO;;cifs/nas01;;;;;;;;;;0x7;
2026-08-25T09:31:07;DC01;kerberos;4769;;;svc_web@DEMO.NOPCAP.NET;DEMO;;cifs/fs01.demo.nopcap.net;;;;AES256;;;;;;;
2026-08-25T09:28:32;DC01;kerberos;4769;;;NB-1154$@DEMO.NOPCAP.NET;DEMO;;MSSQLSvc/sql01.demo.nopcap.net:1433;;;;AES256;;;;;;;
2026-08-25T09:24:37;DC02;kerberos;4769;;;administrator@DEMO.NOPCAP.NET;DEMO;;TERMSRV/vdi-broker.demo.nopcap.net;;;;AES256;;;;;;;
2026-08-25T09:18:41;DC02;domain;8004;;;m.becker;DEMO;;ERP-TEST;NB-1088;;;;;;;;;;
2026-08-25T09:16:55;DC01;kerberos;4769;;;svc_backup@DEMO.NOPCAP.NET;DEMO;;TERMSRV/vdi-broker.demo.nopcap.net;;;;AES256;;;;;;;
2026-08-25T09:15:54;DC02;kerberos;4769;;;d.fischer@DEMO.NOPCAP.NET;DEMO;;cifs/fs01.demo.nopcap.net;;;;AES256;;;;;;;
2026-08-25T09:15:34;WKS-0421;cgblock;4014;;Blocked;;DEMO;svchost.exe;;;;;;;;;;;;C:\Windows\System32\svchost.exe
2026-08-25T09:14:32;DC02;kerberos;4769;;;a.klein@DEMO.NOPCAP.NET;DEMO;;ldap/dc02.demo.nopcap.net;;;;AES256;;;;;;;
2026-08-25T09:13:19;FS01;outgoing;8001;;;s.wagner;DEMO;wsmprovhost.exe;HOST/app03;;;;;;;;;;;C:\Windows\System32\wsmprovhost.exe
2026-08-25T09:12:35;APP03;outgoing;8001;;;svc_sql;DEMO;System;cifs/fs01.demo.nopcap.net;;;;;;;;;;;
2026-08-25T09:12:00;DC01;domain;8004;;;a.klein;DEMO;;FS01;VDI-072;;;;;;;;;;
2026-08-25T09:10:31;DC01;kerberos;4769;;;WKS-0417$@DEMO.NOPCAP.NET;DEMO;;cifs/fs01.demo.nopcap.net;;;;AES256;;;;;;;
2026-08-25T09:09:58;DC02;kerberos;4769;;;j.schulz@DEMO.NOPCAP.NET;DEMO;;ldap/dc01.demo.nopcap.net;;;;AES256;;;;;;;
2026-08-25T09:09:36;DC02;auth;4624;NTLMv2;Direct;j.schulz;DEMO;;;VDI-055;10.14.25.150;3;;;;;;;;
2026-08-25T09:05:16;DC01;kerberos;4769;;;j.schulz@DEMO.NOPCAP.NET;DEMO;;HTTP/portal.demo.nopcap.net;;;;AES256;;;;;;;
2026-08-25T09:03:12;DC01;kerberos;4769;;;WKS-0119$@DEMO.NOPCAP.NET;DEMO;;HOST/app03.demo.nopcap.net;;;;AES256;;;;;;;
2026-08-25T08:59:38;DC01;kerberos;4769;;;WKS-0429$@DEMO.NOPCAP.NET;DEMO;;MSSQLSvc/sql01.demo.nopcap.net:1433;;;;AES256;;;;;;;
2026-08-25T08:59:19;DC01;kerberos;4769;;;svc_web@DEMO.NOPCAP.NET;DEMO;;HTTP/portal.demo.nopcap.net;;;;AES256;;;;;;;
2026-08-25T08:49:37;DC02;kerberos;4769;;;j.schulz@DEMO.NOPCAP.NET;DEMO;;HOST/app03.demo.nopcap.net;;;;AES256;;;;;;;
2026-08-25T08:45:44;DC02;kerberos;4769;;;svc_monitor@DEMO.NOPCAP.NET;DEMO;;HTTP/portal.demo.nopcap.net;;;;AES256;;;;;;;
2026-08-25T08:24:24;WKS-0421;outgoing;4001;;Blocked;svc_monitor;DEMO;explorer.exe;cifs/fs01.demo.nopcap.net;;;;;;;;;;;C:\Windows\explorer.exe
2026-08-25T08:03:47;DC01;kerberos;4769;;;VDI-045$@DEMO.NOPCAP.NET;DEMO;;MSSQLSvc/sql01.demo.nopcap.net:1433;;;;AES256;;;;;;;
2026-08-24T17:59:28;DC02;kerberos;4769;;;a.klein@DEMO.NOPCAP.NET;DEMO;;HOST/app03.demo.nopcap.net;;;;AES256;;;;;;;
2026-08-24T17:51:31;DC01;kerberos;4769;;;NB-1318$@DEMO.NOPCAP.NET;DEMO;;ldap/dc02.demo.nopcap.net;;;;AES256;;;;;;;
2026-08-24T17:44:48;DC01;kerberos;4769;;;NB-1340$@DEMO.NOPCAP.NET;DEMO;;HOST/app03.demo.nopcap.net;;;;AES256;;;;;;;
2026-08-24T17:40:33;FS01;outgoing;8001;;;svc_web;DEMO;wsmprovhost.exe;HOST/app03;;;;;;;;;;;C:\Windows\System32\wsmprovhost.exe
2026-08-24T17:37:59;APP03;outgoing;8001;;;k.lorenz;DEMO;lsass.exe;cifs/nas01;;;;;;;;;;;C:\Windows\System32\lsass.exe
2026-08-24T17:33:14;DC02;kerberos;4769;;;m.becker@DEMO.NOPCAP.NET;DEMO;;HTTP/portal.demo.nopcap.net;;;;AES256;;;;;;;
2026-08-24T17:32:38;DC01;kerberos;4769;;;administrator@DEMO.NOPCAP.NET;DEMO;;ldap/dc02.demo.nopcap.net;;;;AES256;;;;;;;
2026-08-24T17:28:05;DC02;kerberos;4769;;;d.fischer@DEMO.NOPCAP.NET;DEMO;;HOST/app03.demo.nopcap.net;;;;AES256;;;;;;;
2026-08-24T17:23:15;DC01;kerberos;4769;;;s.wagner@DEMO.NOPCAP.NET;DEMO;;HOST/app03.demo.nopcap.net;;;;AES256;;;;;;;
2026-08-24T17:13:54;DC01;kerberos;4769;;;WKS-0424$@DEMO.NOPCAP.NET;DEMO;;MSSQLSvc/sql01.demo.nopcap.net:1433;;;;AES256;;;;;;;
2026-08-24T17:13:41;DC02;kerberos;4769;;;a.klein@DEMO.NOPCAP.NET;DEMO;;MSSQLSvc/sql01.demo.nopcap.net:1433;;;;AES256;;;;;;;
2026-08-24T16:58:16;DC01;kerberos;4769;;;VDI-077$@DEMO.NOPCAP.NET;DEMO;;cifs/fs01.demo.nopcap.net;;;;AES256;;;;;;;
2026-08-24T16:58:03;DC01;kerberos;4769;;;administrator@DEMO.NOPCAP.NET;DEMO;;ldap/dc01.demo.nopcap.net;;;;AES256;;;;;;;
2026-08-24T16:52:38;DC01;auth;4624;NTLMv2;Direct;k.lorenz;DEMO;;;NB-1212;10.14.22.127;3;;;;;;;;
2026-08-24T16:42:53;FS01;outgoing;8001;;;svc_web;DEMO;lsass.exe;cifs/nas01;;;;;;;;;;;C:\Windows\System32\lsass.exe
2026-08-24T16:41:08;DC01;kerberos;4769;;;NB-1168$@DEMO.NOPCAP.NET;DEMO;;ldap/dc02.demo.nopcap.net;;;;AES256;;;;;;;
2026-08-24T16:36:21;DC01;kerberos;4769;;;WKS-0644$@DEMO.NOPCAP.NET;DEMO;;TERMSRV/vdi-broker.demo.nopcap.net;;;;AES256;;;;;;;
2026-08-24T16:36:16;DC01;kerberos;4769;;;svc_sql@DEMO.NOPCAP.NET;DEMO;;ldap/dc02.demo.nopcap.net;;;;AES256;;;;;;;
2026-08-24T16:34:30;DC01;auth;4624;NTLMv1;Direct;mfp_service;DEMO;;;MFP-EG-01;10.14.30.40;3;;;;;;;;
2026-08-24T16:34:13;DC01;kerberos;4769;;;NB-1054$@DEMO.NOPCAP.NET;DEMO;;ldap/dc01.demo.nopcap.net;;;;AES256;;;;;;;
2026-08-24T16:34:01;DC01;kerberos;4769;;;svc_monitor@DEMO.NOPCAP.NET;DEMO;;HTTP/portal.demo.nopcap.net;;;;AES256;;;;;;;
2026-08-24T16:29:47;DC01;kerberos;4769;;;s.wagner@DEMO.NOPCAP.NET;DEMO;;HTTP/portal.demo.nopcap.net;;;;AES256;;;;;;;
2026-08-24T16:27:35;DC01;kerberos;4769;;;WKS-0722$@DEMO.NOPCAP.NET;DEMO;;HOST/app03.demo.nopcap.net;;;;AES256;;;;;;;
2026-08-24T16:26:36;DC02;kerberos;4769;;;a.klein@DEMO.NOPCAP.NET;DEMO;;HTTP/portal.demo.nopcap.net;;;;AES256;;;;;;;
2026-08-24T16:25:43;DC01;kerberos;4769;;;WKS-0258$@DEMO.NOPCAP.NET;DEMO;;TERMSRV/vdi-broker.demo.nopcap.net;;;;AES256;;;;;;;
2026-08-24T16:23:35;WKS-0421;outgoing;4020;NTLMv2;Direct;p.neumann;DEMO;EXCEL.EXE;cifs/fs01.demo.nopcap.net;;;;;Application called NTLM directly;1;Unprotected;None;;;C:\Program Files\Microsoft Office\root\Office16\EXCEL.EXE
2026-08-24T16:22:35;DC01;kerberos;4769;;;VDI-042$@DEMO.NOPCAP.NET;DEMO;;cifs/fs01.demo.nopcap.net;;;;AES256;;;;;;;
2026-08-24T16:20:29;DC01;kerberos;4769;;;p.neumann@DEMO.NOPCAP.NET;DEMO;;ldap/dc02.demo.nopcap.net;;;;AES256;;;;;;;
2026-08-24T16:19:20;DC01;kerberos;4769;;;VDI-066$@DEMO.NOPCAP.NET;DEMO;;HTTP/portal.demo.nopcap.net;;;;AES256;;;;;;;
2026-08-24T16:18:42;DC01;kerberos;4769;;;NB-1282$@DEMO.NOPCAP.NET;DEMO;;cifs/fs01.demo.nopcap.net;;;;AES256;;;;;;;
2026-08-24T16:17:46;DC02;kerberos;4769;;;svc_web@DEMO.NOPCAP.NET;DEMO;;ldap/dc01.demo.nopcap.net;;;;RC4;;;;;;;
2026-08-24T16:12:57;DC01;kerberos;4769;;;p.neumann@DEMO.NOPCAP.NET;DEMO;;HTTP/portal.demo.nopcap.net;;;;AES256;;;;;;;
2026-08-24T16:05:51;WKS-0421;outgoing;4020;NTLMv2;Direct;t.hoffmann;DEMO;System;cifs/fs01.demo.nopcap.net;;;;;Application called NTLM directly;1;Unprotected;None;;;
2026-08-24T16:05:37;DC01;kerberos;4769;;;WKS-0253$@DEMO.NOPCAP.NET;DEMO;;HTTP/portal.demo.nopcap.net;;;;AES256;;;;;;;
2026-08-24T16:05:29;DC01;kerberos;4769;;;svc_web@DEMO.NOPCAP.NET;DEMO;;TERMSRV/vdi-broker.demo.nopcap.net;;;;RC4;;;;;;;
2026-08-24T16:04:24;DC01;kerberos;4769;;;m.becker@DEMO.NOPCAP.NET;DEMO;;cifs/fs01.demo.nopcap.net;;;;AES256;;;;;;;
2026-08-24T16:01:21;DC02;kerberos;4769;;;svc_sql@DEMO.NOPCAP.NET;DEMO;;cifs/fs01.demo.nopcap.net;;;;AES256;;;;;;;
2026-08-24T15:58:17;DC02;kerberos;4769;;;svc_monitor@DEMO.NOPCAP.NET;DEMO;;HOST/app03.demo.nopcap.net;;;;AES256;;;;;;;
2026-08-24T15:56:24;APP03;incoming;8002;;;APP03$;DEMO;w3wp.exe;;;;;;;;;;;;
2026-08-24T15:54:08;DC02;kerberos;4769;;;s.wagner@DEMO.NOPCAP.NET;DEMO;;HTTP/portal.demo.nopcap.net;;;;AES256;;;;;;;
2026-08-24T15:53:42;DC01;kerberos;4769;;;WKS-0779$@DEMO.NOPCAP.NET;DEMO;;HTTP/portal.demo.nopcap.net;;;;AES256;;;;;;;
2026-08-24T15:49:59;DC01;kerberos;4769;;;p.neumann@DEMO.NOPCAP.NET;DEMO;;TERMSRV/vdi-broker.demo.nopcap.net;;;;AES256;;;;;;;
2026-08-24T15:42:03;DC02;kerberos;4769;;;svc_web@DEMO.NOPCAP.NET;DEMO;;HTTP/portal.demo.nopcap.net;;;;RC4;;;;;;;
2026-08-24T15:41:29;DC02;kerberos;4769;;;administrator@DEMO.NOPCAP.NET;DEMO;;cifs/fs01.demo.nopcap.net;;;;AES256;;;;;;;
2026-08-24T15:38:50;DC02;domain;8004;;;svc_monitor;DEMO;;ARCHIVE01;VDI-031;;;;;;;;;;
2026-08-24T15:37:59;DC01;kerberos;4769;;;VDI-053$@DEMO.NOPCAP.NET;DEMO;;TERMSRV/vdi-broker.demo.nopcap.net;;;;AES256;;;;;;;
2026-08-24T15:33:02;FS01;outgoing;8001;;;p.neumann;DEMO;System;cifs/fs01.demo.nopcap.net;;;;;;;;;;;
2026-08-24T15:32:36;DC02;kerberos;4769;;;svc_monitor@DEMO.NOPCAP.NET;DEMO;;ldap/dc01.demo.nopcap.net;;;;AES256;;;;;;;
2026-08-24T15:24:45;DC01;kerberos;4769;;;VDI-084$@DEMO.NOPCAP.NET;DEMO;;ldap/dc01.demo.nopcap.net;;;;AES256;;;;;;;
2026-08-24T15:23:45;DC02;kerberos;4769;;;administrator@DEMO.NOPCAP.NET;DEMO;;cifs/fs01.demo.nopcap.net;;;;AES256;;;;;;;
2026-08-24T15:23:07;DC01;kerberos;4769;;;NB-1205$@DEMO.NOPCAP.NET;DEMO;;cifs/fs01.demo.nopcap.net;;;;AES256;;;;;;;
2026-08-24T15:21:12;DC01;kerberos;4769;;;VDI-076$@DEMO.NOPCAP.NET;DEMO;;MSSQLSvc/sql01.demo.nopcap.net:1433;;;;AES256;;;;;;;
2026-08-24T15:20:39;WKS-0421;outgoing;4020;NTLMv2;Direct;svc_sql;DEMO;WINWORD.EXE;cifs/fs01.demo.nopcap.net;;;;;Application called NTLM directly;1;Unprotected;None;;;C:\Program Files\Microsoft Office\root\Office16\WINWORD.EXE
2026-08-24T15:13:30;DC01;kerberos;4769;;;p.neumann@DEMO.NOPCAP.NET;DEMO;;ldap/dc02.demo.nopcap.net;;;;AES256;;;;;;;
2026-08-24T15:09:28;DC01;kerberos;4769;;;WKS-0258$@DEMO.NOPCAP.NET;DEMO;;MSSQLSvc/sql01.demo.nopcap.net:1433;;;;AES256;;;;;;;
2026-08-24T15:09:27;DC02;kerberos;4769;;;p.neumann@DEMO.NOPCAP.NET;DEMO;;HTTP/portal.demo.nopcap.net;;;;AES256;;;;;;;
2026-08-24T15:06:25;DC02;kerberos;4769;;;k.lorenz@DEMO.NOPCAP.NET;DEMO;;TERMSRV/vdi-broker.demo.nopcap.net;;;;AES256;;;;;;;
2026-08-24T15:05:49;WKS-0421;cgblock;4013;NTLMv1;Blocked;t.hoffmann;DEMO;explorer.exe;nas01;;;;;;;;;;;C:\Windows\explorer.exe
2026-08-24T15:00:20;DC01;kerberos;4769;;;p.neumann@DEMO.NOPCAP.NET;DEMO;;ldap/dc01.demo.nopcap.net;;;;AES256;;;;;;;
2026-08-24T14:55:08;DC02;kerberos;4769;;;a.klein@DEMO.NOPCAP.NET;DEMO;;TERMSRV/vdi-broker.demo.nopcap.net;;;;AES256;;;;;;;
2026-08-24T14:54:53;DC01;kerberos;4769;;;d.fischer@DEMO.NOPCAP.NET;DEMO;;cifs/fs01.demo.nopcap.net;;;;AES256;;;;;;;
2026-08-24T14:53:09;DC02;kerberos;4769;;;d.fischer@DEMO.NOPCAP.NET;DEMO;;HOST/app03.demo.nopcap.net;;;;AES256;;;;;;;
2026-08-24T14:50:25;DC01;kerberos;4769;;;p.neumann@DEMO.NOPCAP.NET;DEMO;;HTTP/portal.demo.nopcap.net;;;;AES256;;;;;;;
2026-08-24T14:48:09;DC01;kerberos;4769;;;m.becker@DEMO.NOPCAP.NET;DEMO;;cifs/fs01.demo.nopcap.net;;;;AES256;;;;;;;
2026-08-24T14:44:55;DC01;kerberos;4769;;;svc_backup@DEMO.NOPCAP.NET;DEMO;;HOST/app03.demo.nopcap.net;;;;AES256;;;;;;;
2026-08-24T14:43:11;DC01;kerberos;4769;;;WKS-0168$@DEMO.NOPCAP.NET;DEMO;;HTTP/portal.demo.nopcap.net;;;;AES256;;;;;;;
2026-08-24T14:39:40;DC01;auth;4624;NTLMv2;Direct;svc_sql;DEMO;;;NB-1091;10.14.20.3;3;;;;;;;;
2026-08-24T14:38:01;DC02;kerberos;4769;;;d.fischer@DEMO.NOPCAP.NET;DEMO;;cifs/fs01.demo.nopcap.net;;;;AES256;;;;;;;
2026-08-24T14:37:43;DC01;kerberos;4769;;;j.schulz@DEMO.NOPCAP.NET;DEMO;;HTTP/portal.demo.nopcap.net;;;;AES256;;;;;;;
2026-08-24T14:37:39;DC01;kerberos;4769;;;t.hoffmann@DEMO.NOPCAP.NET;DEMO;;HOST/app03.demo.nopcap.net;;;;AES256;;;;;;;
2026-08-24T14:35:26;DC01;kerberos;4769;;;administrator@DEMO.NOPCAP.NET;DEMO;;HTTP/portal.demo.nopcap.net;;;;AES256;;;;;;;
2026-08-24T14:30:24;DC01;kerberos;4769;;;d.fischer@DEMO.NOPCAP.NET;DEMO;;HOST/app03.demo.nopcap.net;;;;AES256;;;;;;;
2026-08-24T14:28:52;DC01;kerberos;4769;;;WKS-0865$@DEMO.NOPCAP.NET;DEMO;;ldap/dc02.demo.nopcap.net;;;;AES256;;;;;;;
2026-08-24T14:18:48;DC01;kerberos;4769;;;VDI-031$@DEMO.NOPCAP.NET;DEMO;;ldap/dc02.demo.nopcap.net;;;;AES256;;;;;;;
2026-08-24T14:16:19;DC01;kerberos;4769;;;p.neumann@DEMO.NOPCAP.NET;DEMO;;MSSQLSvc/sql01.demo.nopcap.net:1433;;;;AES256;;;;;;;
2026-08-24T14:15:22;DC01;kerberos;4769;;;j.schulz@DEMO.NOPCAP.NET;DEMO;;ldap/dc02.demo.nopcap.net;;;;AES256;;;;;;;
2026-08-24T14:12:15;DC01;kerberos;4769;;;svc_sql@DEMO.NOPCAP.NET;DEMO;;MSSQLSvc/sql01.demo.nopcap.net:1433;;;;AES256;;;;;;;
2026-08-24T14:06:20;DC02;kerberos;4769;;;svc_monitor@DEMO.NOPCAP.NET;DEMO;;ldap/dc01.demo.nopcap.net;;;;AES256;;;;;;;
2026-08-24T14:06:03;DC02;auth;4624;NTLMv2;Fallback;s.wagner;DEMO;;;WKS-0760;10.14.20.127;3;;;;;;;;
2026-08-24T14:04:02;WKS-0421;outgoing;4020;NTLMv2;Direct;svc_backup;DEMO;lsass.exe;cifs/nas01;;;;;Target name could not be resolved by Kerberos;6;Unprotected;None;;;C:\Windows\System32\lsass.exe
2026-08-24T14:03:53;DC01;incoming;8003;;;p.neumann;DEMO;w3wp.exe;;VDI-046;;3;;;;;;;;
2026-08-24T13:59:25;DC02;kerberos;4769;;;s.wagner@DEMO.NOPCAP.NET;DEMO;;cifs/fs01.demo.nopcap.net;;;;AES256;;;;;;;
2026-08-24T13:57:37;DC01;kerberos;4769;;;k.lorenz@DEMO.NOPCAP.NET;DEMO;;cifs/fs01.demo.nopcap.net;;;;AES256;;;;;;;
2026-08-24T13:56:49;DC02;kerberos;4769;;;svc_sql@DEMO.NOPCAP.NET;DEMO;;MSSQLSvc/sql01.demo.nopcap.net:1433;;;;AES256;;;;;;;
2026-08-24T13:56:41;DC02;kerberos;4769;;;svc_web@DEMO.NOPCAP.NET;DEMO;;HOST/app03.demo.nopcap.net;;;;RC4;;;;;;;
2026-08-24T13:54:15;DC01;kerberos;4769;;;d.fischer@DEMO.NOPCAP.NET;DEMO;;ldap/dc01.demo.nopcap.net;;;;AES256;;;;;;;
2026-08-24T13:53:42;DC01;kerberos;4769;;;VDI-015$@DEMO.NOPCAP.NET;DEMO;;ldap/dc02.demo.nopcap.net;;;;AES256;;;;;;;
2026-08-24T13:49:06;DC01;kerberos;4769;;;VDI-039$@DEMO.NOPCAP.NET;DEMO;;HTTP/portal.demo.nopcap.net;;;;AES256;;;;;;;
2026-08-24T13:47:24;DC02;kerberos;4769;;;svc_monitor@DEMO.NOPCAP.NET;DEMO;;ldap/dc01.demo.nopcap.net;;;;AES256;;;;;;;
2026-08-24T13:46:35;DC01;kerberos;4769;;;NB-1005$@DEMO.NOPCAP.NET;DEMO;;HOST/app03.demo.nopcap.net;;;;AES256;;;;;;;
2026-08-24T13:43:15;DC01;kerberos;4769;;;p.neumann@DEMO.NOPCAP.NET;DEMO;;HTTP/portal.demo.nopcap.net;;;;AES256;;;;;;;
2026-08-24T13:41:21;DC01;kerberos;4769;;;t.hoffmann@DEMO.NOPCAP.NET;DEMO;;MSSQLSvc/sql01.demo.nopcap.net:1433;;;;AES256;;;;;;;
2026-08-24T13:34:35;FS01;outgoing;8001;;;m.becker;DEMO;lsass.exe;cifs/nas01;;;;;;;;;;;C:\Windows\System32\lsass.exe
2026-08-24T13:29:47;DC02;kerberos;4769;;;j.schulz@DEMO.NOPCAP.NET;DEMO;;ldap/dc02.demo.nopcap.net;;;;AES256;;;;;;;
2026-08-24T13:29:37;DC02;kerberos;4769;;;t.hoffmann@DEMO.NOPCAP.NET;DEMO;;ldap/dc01.demo.nopcap.net;;;;AES256;;;;;;;
2026-08-24T13:29:04;DC02;kerberos;4769;;;j.schulz@DEMO.NOPCAP.NET;DEMO;;MSSQLSvc/sql01.demo.nopcap.net:1433;;;;AES256;;;;;;;
2026-08-24T13:26:25;DC01;kerberos;4769;;;j.schulz@DEMO.NOPCAP.NET;DEMO;;MSSQLSvc/sql01.demo.nopcap.net:1433;;;;AES256;;;;;;;
2026-08-24T13:23:32;DC02;kerberos;4769;;;s.wagner@DEMO.NOPCAP.NET;DEMO;;ldap/dc01.demo.nopcap.net;;;;AES256;;;;;;;
2026-08-24T13:22:31;DC02;kerberos;4769;;;d.fischer@DEMO.NOPCAP.NET;DEMO;;cifs/fs01.demo.nopcap.net;;;;AES256;;;;;;;
2026-08-24T13:20:34;DC01;kerberos;4769;;;NB-1089$@DEMO.NOPCAP.NET;DEMO;;HTTP/portal.demo.nopcap.net;;;;AES256;;;;;;;
2026-08-24T13:18:05;DC02;krbfail;4769;;;administrator@DEMO.NOPCAP.NET;DEMO;;MSSQLSvc/sql01.demo.nopcap.net:1433;;;;;;;;;;0xe;
2026-08-24T13:18:00;DC02;kerberos;4769;;;m.becker@DEMO.NOPCAP.NET;DEMO;;HOST/app03.demo.nopcap.net;;;;AES256;;;;;;;
2026-08-24T13:15:26;DC01;kerberos;4769;;;svc_monitor@DEMO.NOPCAP.NET;DEMO;;MSSQLSvc/sql01.demo.nopcap.net:1433;;;;AES256;;;;;;;
2026-08-24T13:10:28;DC01;kerberos;4769;;;WKS-0567$@DEMO.NOPCAP.NET;DEMO;;HOST/app03.demo.nopcap.net;;;;AES256;;;;;;;
2026-08-24T13:08:08;APP03;outgoing;8001;;;d.fischer;DEMO;robocopy.exe;cifs/archive01;;;;;;;;;;;C:\Windows\System32\robocopy.exe
2026-08-24T13:07:52;DC02;domain;8004;;;svc_backup;DEMO;;APP03;NB-1239;;;;;;;;;;
2026-08-24T13:04:04;DC02;kerberos;4769;;;j.schulz@DEMO.NOPCAP.NET;DEMO;;MSSQLSvc/sql01.demo.nopcap.net:1433;;;;AES256;;;;;;;
2026-08-24T13:02:40;DC01;kerberos;4769;;;NB-1183$@DEMO.NOPCAP.NET;DEMO;;ldap/dc02.demo.nopcap.net;;;;AES256;;;;;;;
2026-08-24T13:00:09;DC01;auth;4624;NTLMv2;Direct;d.fischer;DEMO;;;WKS-0285;10.14.21.116;3;;;;;;;;
2026-08-24T12:59:11;DC02;kerberos;4769;;;administrator@DEMO.NOPCAP.NET;DEMO;;ldap/dc01.demo.nopcap.net;;;;AES256;;;;;;;
2026-08-24T12:52:55;DC01;kerberos;4769;;;WKS-0251$@DEMO.NOPCAP.NET;DEMO;;cifs/fs01.demo.nopcap.net;;;;AES256;;;;;;;
2026-08-24T12:49:40;FS01;outgoing;8001;;;a.klein;DEMO;powershell.exe;cifs/10.14.22.31;;;;;;;;;;;C:\Windows\System32\WindowsPowerShell\v1.0\powershell.exe
2026-08-24T12:42:55;DC01;kerberos;4769;;;svc_backup@DEMO.NOPCAP.NET;DEMO;;ldap/dc02.demo.nopcap.net;;;;AES256;;;;;;;
2026-08-24T12:37:18;DC01;domain;8004;;;t.hoffmann;DEMO;;PRINTSRV01;NB-1007;;;;;;;;;;
2026-08-24T12:36:44;DC01;kerberos;4769;;;administrator@DEMO.NOPCAP.NET;DEMO;;ldap/dc01.demo.nopcap.net;;;;AES256;;;;;;;
2026-08-24T12:35:33;WKS-0421;outgoing;4020;NTLMv2;Direct;p.neumann;DEMO;lsass.exe;cifs/nas01;;;;;Target name could not be resolved by Kerberos;6;Unprotected;None;;;C:\Windows\System32\lsass.exe
2026-08-24T12:32:48;DC01;kerberos;4769;;;svc_monitor@DEMO.NOPCAP.NET;DEMO;;ldap/dc01.demo.nopcap.net;;;;AES256;;;;;;;
2026-08-24T12:32:38;DC01;kerberos;4769;;;VDI-045$@DEMO.NOPCAP.NET;DEMO;;cifs/fs01.demo.nopcap.net;;;;AES256;;;;;;;
2026-08-24T12:31:42;DC02;kerberos;4769;;;p.neumann@DEMO.NOPCAP.NET;DEMO;;TERMSRV/vdi-broker.demo.nopcap.net;;;;AES256;;;;;;;
2026-08-24T12:26:18;DC01;kerberos;4769;;;NB-1201$@DEMO.NOPCAP.NET;DEMO;;MSSQLSvc/sql01.demo.nopcap.net:1433;;;;AES256;;;;;;;
2026-08-24T12:25:33;DC02;kerberos;4769;;;administrator@DEMO.NOPCAP.NET;DEMO;;MSSQLSvc/sql01.demo.nopcap.net:1433;;;;AES256;;;;;;;
2026-08-24T12:19:58;DC02;kerberos;4769;;;svc_sql@DEMO.NOPCAP.NET;DEMO;;HTTP/portal.demo.nopcap.net;;;;AES256;;;;;;;
2026-08-24T12:18:15;DC02;kerberos;4769;;;k.lorenz@DEMO.NOPCAP.NET;DEMO;;ldap/dc01.demo.nopcap.net;;;;AES256;;;;;;;
2026-08-24T12:16:45;DC02;kerberos;4769;;;t.hoffmann@DEMO.NOPCAP.NET;DEMO;;ldap/dc02.demo.nopcap.net;;;;AES256;;;;;;;
2026-08-24T12:12:48;DC01;kerberos;4769;;;administrator@DEMO.NOPCAP.NET;DEMO;;TERMSRV/vdi-broker.demo.nopcap.net;;;;AES256;;;;;;;
2026-08-24T12:10:16;DC01;kerberos;4769;;;NB-1010$@DEMO.NOPCAP.NET;DEMO;;HTTP/portal.demo.nopcap.net;;;;AES256;;;;;;;
2026-08-24T12:09:03;DC01;kerberos;4769;;;d.fischer@DEMO.NOPCAP.NET;DEMO;;ldap/dc02.demo.nopcap.net;;;;AES256;;;;;;;
2026-08-24T12:03:14;APP03;outgoing;8001;;;t.hoffmann;DEMO;lsass.exe;cifs/nas01;;;;;;;;;;;C:\Windows\System32\lsass.exe
2026-08-24T12:02:08;DC02;kerberos;4769;;;m.becker@DEMO.NOPCAP.NET;DEMO;;MSSQLSvc/sql01.demo.nopcap.net:1433;;;;AES256;;;;;;;
2026-08-24T12:01:37;DC01;kerberos;4769;;;WKS-0545$@DEMO.NOPCAP.NET;DEMO;;TERMSRV/vdi-broker.demo.nopcap.net;;;;AES256;;;;;;;
2026-08-24T11:59:19;DC02;kerberos;4769;;;a.klein@DEMO.NOPCAP.NET;DEMO;;ldap/dc01.demo.nopcap.net;;;;AES256;;;;;;;
2026-08-24T11:59:18;FS01;outgoing;8001;;;svc_web;DEMO;System;cifs/fs01.demo.nopcap.net;;;;;;;;;;;
2026-08-24T11:54:01;DC01;domain;8004;;;a.klein;DEMO;;PRINTSRV01;WKS-0800;;;;;;;;;;
2026-08-24T11:51:29;DC01;kerberos;4769;;;NB-1267$@DEMO.NOPCAP.NET;DEMO;;TERMSRV/vdi-broker.demo.nopcap.net;;;;AES256;;;;;;;
2026-08-24T11:51:26;DC01;kerberos;4769;;;VDI-017$@DEMO.NOPCAP.NET;DEMO;;ldap/dc02.demo.nopcap.net;;;;AES256;;;;;;;
2026-08-24T11:50:59;DC01;kerberos;4769;;;VDI-050$@DEMO.NOPCAP.NET;DEMO;;TERMSRV/vdi-broker.demo.nopcap.net;;;;AES256;;;;;;;
2026-08-24T11:50:29;DC02;kerberos;4769;;;svc_web@DEMO.NOPCAP.NET;DEMO;;TERMSRV/vdi-broker.demo.nopcap.net;;;;RC4;;;;;;;
2026-08-24T11:47:31;DC01;auth;4624;NTLMv1;Direct;mfp_service;DEMO;;;MFP-EG-05;10.14.30.45;3;;;;;;;;
2026-08-24T11:47:23;APP03;outgoing;8001;;;svc_monitor;DEMO;lsass.exe;cifs/nas01;;;;;;;;;;;C:\Windows\System32\lsass.exe
2026-08-24T11:44:26;DC02;kerberos;4769;;;svc_backup@DEMO.NOPCAP.NET;DEMO;;HTTP/portal.demo.nopcap.net;;;;AES256;;;;;;;
2026-08-24T11:43:05;APP03;outgoing;8001;;;p.neumann;DEMO;svchost.exe;ldap/dc01.demo.nopcap.net;;;;;;;;;;;C:\Windows\System32\svchost.exe
2026-08-24T11:36:56;DC02;kerberos;4769;;;k.lorenz@DEMO.NOPCAP.NET;DEMO;;HTTP/portal.demo.nopcap.net;;;;AES256;;;;;;;
2026-08-24T11:36:55;DC01;auth;4624;NTLMv2;Fallback;t.hoffmann;DEMO;;;VDI-027;10.14.23.119;3;;;;;;;;
2026-08-24T11:34:09;DC01;kerberos;4769;;;j.schulz@DEMO.NOPCAP.NET;DEMO;;HOST/app03.demo.nopcap.net;;;;AES256;;;;;;;
2026-08-24T11:33:44;DC02;domain;8004;;;k.lorenz;DEMO;;APP03;VDI-056;;;;;;;;;;
2026-08-24T11:32:58;DC01;kerberos;4769;;;m.becker@DEMO.NOPCAP.NET;DEMO;;HTTP/portal.demo.nopcap.net;;;;AES256;;;;;;;
2026-08-24T11:26:42;DC01;kerberos;4769;;;administrator@DEMO.NOPCAP.NET;DEMO;;ldap/dc02.demo.nopcap.net;;;;AES256;;;;;;;
2026-08-24T11:26:01;DC02;kerberos;4769;;;d.fischer@DEMO.NOPCAP.NET;DEMO;;cifs/fs01.demo.nopcap.net;;;;AES256;;;;;;;
2026-08-24T11:25:35;DC01;kerberos;4769;;;VDI-047$@DEMO.NOPCAP.NET;DEMO;;ldap/dc02.demo.nopcap.net;;;;AES256;;;;;;;
2026-08-24T11:24:49;DC02;kerberos;4769;;;j.schulz@DEMO.NOPCAP.NET;DEMO;;ldap/dc02.demo.nopcap.net;;;;AES256;;;;;;;
2026-08-24T11:24:33;DC02;kerberos;4769;;;svc_sql@DEMO.NOPCAP.NET;DEMO;;TERMSRV/vdi-broker.demo.nopcap.net;;;;AES256;;;;;;;
2026-08-24T11:24:16;DC02;kerberos;4769;;;administrator@DEMO.NOPCAP.NET;DEMO;;cifs/fs01.demo.nopcap.net;;;;AES256;;;;;;;
2026-08-24T11:22:35;DC01;kerberos;4769;;;VDI-030$@DEMO.NOPCAP.NET;DEMO;;HOST/app03.demo.nopcap.net;;;;AES256;;;;;;;
2026-08-24T11:21:58;DC01;kerberos;4769;;;VDI-060$@DEMO.NOPCAP.NET;DEMO;;cifs/fs01.demo.nopcap.net;;;;AES256;;;;;;;
2026-08-24T11:21:06;DC01;kerberos;4769;;;WKS-0126$@DEMO.NOPCAP.NET;DEMO;;HOST/app03.demo.nopcap.net;;;;AES256;;;;;;;
2026-08-24T11:18:48;DC02;kerberos;4769;;;s.wagner@DEMO.NOPCAP.NET;DEMO;;TERMSRV/vdi-broker.demo.nopcap.net;;;;AES256;;;;;;;
2026-08-24T11:18:39;DC01;kerberos;4769;;;WKS-0463$@DEMO.NOPCAP.NET;DEMO;;MSSQLSvc/sql01.demo.nopcap.net:1433;;;;AES256;;;;;;;
2026-08-24T11:15:12;DC02;auth;4624;NTLMv2;Direct;a.klein;DEMO;;;VDI-074;10.14.21.182;3;;;;;;;;
2026-08-24T11:14:41;DC02;kerberos;4769;;;t.hoffmann@DEMO.NOPCAP.NET;DEMO;;ldap/dc01.demo.nopcap.net;;;;AES256;;;;;;;
2026-08-24T11:14:06;DC02;kerberos;4769;;;s.wagner@DEMO.NOPCAP.NET;DEMO;;HTTP/portal.demo.nopcap.net;;;;AES256;;;;;;;
2026-08-24T11:08:44;DC02;kerberos;4769;;;svc_web@DEMO.NOPCAP.NET;DEMO;;HOST/app03.demo.nopcap.net;;;;AES256;;;;;;;
2026-08-24T11:05:17;DC02;kerberos;4769;;;svc_sql@DEMO.NOPCAP.NET;DEMO;;HOST/app03.demo.nopcap.net;;;;AES256;;;;;;;
2026-08-24T10:59:38;DC02;auth;4624;NTLMv2;Direct;s.wagner;DEMO;;;VDI-071;10.14.25.19;3;;;;;;;;
2026-08-24T10:58:44;DC01;kerberos;4769;;;WKS-0143$@DEMO.NOPCAP.NET;DEMO;;ldap/dc02.demo.nopcap.net;;;;AES256;;;;;;;
2026-08-24T10:57:04;DC01;auth;4624;NTLMv2;Fallback;p.neumann;DEMO;;;NB-1249;10.14.20.168;3;;;;;;;;
2026-08-24T10:50:36;DC02;domain;8004;;;s.wagner;DEMO;;APP03;NB-1295;;;;;;;;;;
2026-08-24T10:50:00;DC02;kerberos;4769;;;m.becker@DEMO.NOPCAP.NET;DEMO;;HOST/app03.demo.nopcap.net;;;;AES256;;;;;;;
2026-08-24T10:49:12;DC01;kerberos;4769;;;VDI-034$@DEMO.NOPCAP.NET;DEMO;;HOST/app03.demo.nopcap.net;;;;AES256;;;;;;;
2026-08-24T10:48:54;DC01;kerberos;4769;;;VDI-077$@DEMO.NOPCAP.NET;DEMO;;TERMSRV/vdi-broker.demo.nopcap.net;;;;AES256;;;;;;;
2026-08-24T10:48:51;APP03;outgoing;8001;;;administrator;DEMO;System;cifs/fs01.demo.nopcap.net;;;;;;;;;;;
2026-08-24T10:48:14;DC02;kerberos;4769;;;administrator@DEMO.NOPCAP.NET;DEMO;;TERMSRV/vdi-broker.demo.nopcap.net;;;;AES256;;;;;;;
2026-08-24T10:45:50;DC02;kerberos;4769;;;t.hoffmann@DEMO.NOPCAP.NET;DEMO;;cifs/fs01.demo.nopcap.net;;;;AES256;;;;;;;
2026-08-24T10:34:58;DC01;kerberos;4769;;;p.neumann@DEMO.NOPCAP.NET;DEMO;;cifs/fs01.demo.nopcap.net;;;;AES256;;;;;;;
2026-08-24T10:34:42;DC02;kerberos;4769;;;a.klein@DEMO.NOPCAP.NET;DEMO;;cifs/fs01.demo.nopcap.net;;;;AES256;;;;;;;
2026-08-24T10:34:11;DC02;kerberos;4769;;;k.lorenz@DEMO.NOPCAP.NET;DEMO;;HTTP/portal.demo.nopcap.net;;;;AES256;;;;;;;
2026-08-24T10:33:20;APP03;outgoing;8001;;;k.lorenz;DEMO;svchost.exe;ldap/dc01.demo.nopcap.net;;;;;;;;;;;C:\Windows\System32\svchost.exe
2026-08-24T10:32:55;DC01;kerberos;4769;;;svc_sql@DEMO.NOPCAP.NET;DEMO;;ldap/dc01.demo.nopcap.net;;;;AES256;;;;;;;
2026-08-24T10:32:03;DC01;kerberos;4769;;;administrator@DEMO.NOPCAP.NET;DEMO;;MSSQLSvc/sql01.demo.nopcap.net:1433;;;;AES256;;;;;;;
2026-08-24T10:27:11;DC01;kerberos;4769;;;WKS-0821$@DEMO.NOPCAP.NET;DEMO;;HOST/app03.demo.nopcap.net;;;;AES256;;;;;;;
2026-08-24T10:26:16;DC01;kerberos;4769;;;WKS-0823$@DEMO.NOPCAP.NET;DEMO;;TERMSRV/vdi-broker.demo.nopcap.net;;;;AES256;;;;;;;
2026-08-24T10:25:42;DC01;kerberos;4769;;;WKS-0133$@DEMO.NOPCAP.NET;DEMO;;HTTP/portal.demo.nopcap.net;;;;AES256;;;;;;;
2026-08-24T10:20:18;DC02;krbfail;4769;;;administrator@DEMO.NOPCAP.NET;DEMO;;cifs/nas01;;;;;;;;;;0x7;
2026-08-24T10:15:23;FS01;outgoing;8001;;;svc_sql;DEMO;System;cifs/fs01.demo.nopcap.net;;;;;;;;;;;
2026-08-24T10:15:12;DC01;kerberos;4769;;;k.lorenz@DEMO.NOPCAP.NET;DEMO;;HTTP/portal.demo.nopcap.net;;;;AES256;;;;;;;
2026-08-24T10:10:29;DC01;kerberos;4769;;;svc_backup@DEMO.NOPCAP.NET;DEMO;;HOST/app03.demo.nopcap.net;;;;AES256;;;;;;;
2026-08-24T10:09:52;DC01;kerberos;4769;;;VDI-035$@DEMO.NOPCAP.NET;DEMO;;ldap/dc02.demo.nopcap.net;;;;AES256;;;;;;;
2026-08-24T10:07:16;DC01;kerberos;4769;;;VDI-044$@DEMO.NOPCAP.NET;DEMO;;HOST/app03.demo.nopcap.net;;;;AES256;;;;;;;
2026-08-24T10:01:46;DC01;kerberos;4769;;;WKS-0412$@DEMO.NOPCAP.NET;DEMO;;cifs/fs01.demo.nopcap.net;;;;AES256;;;;;;;
2026-08-24T10:01:28;DC01;kerberos;4769;;;WKS-0267$@DEMO.NOPCAP.NET;DEMO;;ldap/dc02.demo.nopcap.net;;;;AES256;;;;;;;
2026-08-24T10:01:04;DC01;kerberos;4769;;;j.schulz@DEMO.NOPCAP.NET;DEMO;;HOST/app03.demo.nopcap.net;;;;AES256;;;;;;;
2026-08-24T09:56:11;APP03;outgoing;8001;;;administrator;DEMO;svchost.exe;ldap/dc01.demo.nopcap.net;;;;;;;;;;;C:\Windows\System32\svchost.exe
2026-08-24T09:52:22;APP03;outgoing;8001;;;d.fischer;DEMO;lsass.exe;cifs/nas01;;;;;;;;;;;C:\Windows\System32\lsass.exe
2026-08-24T09:51:32;DC02;kerberos;4769;;;a.klein@DEMO.NOPCAP.NET;DEMO;;MSSQLSvc/sql01.demo.nopcap.net:1433;;;;AES256;;;;;;;
2026-08-24T09:51:21;DC02;kerberos;4769;;;svc_sql@DEMO.NOPCAP.NET;DEMO;;ldap/dc02.demo.nopcap.net;;;;AES256;;;;;;;
2026-08-24T09:50:13;DC01;kerberos;4769;;;t.hoffmann@DEMO.NOPCAP.NET;DEMO;;TERMSRV/vdi-broker.demo.nopcap.net;;;;AES256;;;;;;;
2026-08-24T09:46:07;DC01;kerberos;4769;;;j.schulz@DEMO.NOPCAP.NET;DEMO;;TERMSRV/vdi-broker.demo.nopcap.net;;;;AES256;;;;;;;
2026-08-24T09:39:56;DC01;kerberos;4769;;;VDI-022$@DEMO.NOPCAP.NET;DEMO;;MSSQLSvc/sql01.demo.nopcap.net:1433;;;;AES256;;;;;;;
2026-08-24T09:37:51;DC02;kerberos;4769;;;m.becker@DEMO.NOPCAP.NET;DEMO;;HTTP/portal.demo.nopcap.net;;;;AES256;;;;;;;
2026-08-24T09:34:26;DC02;kerberos;4769;;;svc_backup@DEMO.NOPCAP.NET;DEMO;;TERMSRV/vdi-broker.demo.nopcap.net;;;;AES256;;;;;;;
2026-08-24T09:32:45;DC01;kerberos;4769;;;VDI-087$@DEMO.NOPCAP.NET;DEMO;;TERMSRV/vdi-broker.demo.nopcap.net;;;;AES256;;;;;;;
2026-08-24T09:28:55;DC01;kerberos;4769;;;s.wagner@DEMO.NOPCAP.NET;DEMO;;cifs/fs01.demo.nopcap.net;;;;AES256;;;;;;;
2026-08-24T09:28:44;DC02;kerberos;4769;;;s.wagner@DEMO.NOPCAP.NET;DEMO;;TERMSRV/vdi-broker.demo.nopcap.net;;;;AES256;;;;;;;
2026-08-24T09:26:22;DC01;kerberos;4769;;;VDI-063$@DEMO.NOPCAP.NET;DEMO;;TERMSRV/vdi-broker.demo.nopcap.net;;;;AES256;;;;;;;
2026-08-24T09:24:14;DC02;kerberos;4769;;;svc_monitor@DEMO.NOPCAP.NET;DEMO;;cifs/fs01.demo.nopcap.net;;;;AES256;;;;;;;
2026-08-24T09:23:02;DC01;kerberos;4769;;;d.fischer@DEMO.NOPCAP.NET;DEMO;;HOST/app03.demo.nopcap.net;;;;AES256;;;;;;;
2026-08-24T09:23:02;DC01;auth;4624;NTLMv2;Direct;j.schulz;DEMO;;;VDI-039;10.14.22.19;3;;;;;;;;
2026-08-24T09:21:50;DC01;kerberos;4769;;;WKS-0561$@DEMO.NOPCAP.NET;DEMO;;MSSQLSvc/sql01.demo.nopcap.net:1433;;;;AES256;;;;;;;
2026-08-24T09:17:44;DC02;kerberos;4769;;;s.wagner@DEMO.NOPCAP.NET;DEMO;;HOST/app03.demo.nopcap.net;;;;AES256;;;;;;;
2026-08-24T09:16:46;DC01;kerberos;4769;;;a.klein@DEMO.NOPCAP.NET;DEMO;;HTTP/portal.demo.nopcap.net;;;;AES256;;;;;;;
2026-08-24T09:15:52;DC01;kerberos;4769;;;WKS-0860$@DEMO.NOPCAP.NET;DEMO;;MSSQLSvc/sql01.demo.nopcap.net:1433;;;;AES256;;;;;;;
2026-08-24T09:07:51;DC01;kerberos;4769;;;m.becker@DEMO.NOPCAP.NET;DEMO;;cifs/fs01.demo.nopcap.net;;;;AES256;;;;;;;
2026-08-24T09:04:47;APP03;outgoing;8001;;;svc_sql;DEMO;svchost.exe;ldap/dc01.demo.nopcap.net;;;;;;;;;;;C:\Windows\System32\svchost.exe
2026-08-24T09:03:36;APP03;outgoing;8001;;;a.klein;DEMO;System;cifs/fs01.demo.nopcap.net;;;;;;;;;;;
2026-08-24T09:02:03;DC02;kerberos;4769;;;svc_monitor@DEMO.NOPCAP.NET;DEMO;;ldap/dc02.demo.nopcap.net;;;;AES256;;;;;;;
2026-08-24T08:57:21;DC02;kerberos;4769;;;j.schulz@DEMO.NOPCAP.NET;DEMO;;ldap/dc02.demo.nopcap.net;;;;AES256;;;;;;;
2026-08-24T08:53:53;FS01;outgoing;8001;;;svc_backup;DEMO;robocopy.exe;cifs/archive01;;;;;;;;;;;C:\Windows\System32\robocopy.exe
2026-08-24T08:53:47;DC02;kerberos;4769;;;k.lorenz@DEMO.NOPCAP.NET;DEMO;;ldap/dc02.demo.nopcap.net;;;;AES256;;;;;;;
2026-08-24T08:53:30;DC02;kerberos;4769;;;s.wagner@DEMO.NOPCAP.NET;DEMO;;cifs/fs01.demo.nopcap.net;;;;AES256;;;;;;;
2026-08-24T08:52:47;DC01;kerberos;4769;;;svc_monitor@DEMO.NOPCAP.NET;DEMO;;ldap/dc02.demo.nopcap.net;;;;AES256;;;;;;;
2026-08-24T08:50:37;APP03;outgoing;8001;;;p.neumann;DEMO;svchost.exe;ldap/dc01.demo.nopcap.net;;;;;;;;;;;C:\Windows\System32\svchost.exe
2026-08-24T08:46:34;DC01;kerberos;4769;;;p.neumann@DEMO.NOPCAP.NET;DEMO;;HTTP/portal.demo.nopcap.net;;;;AES256;;;;;;;
2026-08-24T08:46:09;FS01;outgoing;8001;;;p.neumann;DEMO;mmc.exe;cifs/10.14.22.31;;;;;;;;;;;C:\Windows\System32\mmc.exe
2026-08-24T08:42:10;DC02;kerberos;4769;;;svc_monitor@DEMO.NOPCAP.NET;DEMO;;ldap/dc01.demo.nopcap.net;;;;AES256;;;;;;;
2026-08-24T08:42:02;DC02;kerberos;4769;;;svc_backup@DEMO.NOPCAP.NET;DEMO;;TERMSRV/vdi-broker.demo.nopcap.net;;;;AES256;;;;;;;
2026-08-24T08:38:42;DC01;kerberos;4769;;;NB-1092$@DEMO.NOPCAP.NET;DEMO;;MSSQLSvc/sql01.demo.nopcap.net:1433;;;;AES256;;;;;;;
2026-08-24T08:32:42;DC02;kerberos;4769;;;m.becker@DEMO.NOPCAP.NET;DEMO;;cifs/fs01.demo.nopcap.net;;;;AES256;;;;;;;
2026-08-24T08:29:46;DC01;kerberos;4769;;;NB-1085$@DEMO.NOPCAP.NET;DEMO;;ldap/dc01.demo.nopcap.net;;;;AES256;;;;;;;
2026-08-24T08:28:28;DC01;kerberos;4769;;;k.lorenz@DEMO.NOPCAP.NET;DEMO;;TERMSRV/vdi-broker.demo.nopcap.net;;;;AES256;;;;;;;
2026-08-24T08:21:45;FS01;outgoing;8001;;;m.becker;DEMO;robocopy.exe;cifs/archive01;;;;;;;;;;;C:\Windows\System32\robocopy.exe
2026-08-24T08:19:34;FS01;outgoing;8001;;;m.becker;DEMO;lsass.exe;cifs/nas01;;;;;;;;;;;C:\Windows\System32\lsass.exe
2026-08-24T08:08:10;FS01;incoming;8003;;;k.lorenz;DEMO;sqlservr.exe;;NB-1349;;3;;;;;;;;
2026-08-24T08:02:12;DC02;kerberos;4769;;;j.schulz@DEMO.NOPCAP.NET;DEMO;;ldap/dc02.demo.nopcap.net;;;;AES256;;;;;;;
2026-08-24T08:02:07;DC01;kerberos;4769;;;svc_backup@DEMO.NOPCAP.NET;DEMO;;HOST/app03.demo.nopcap.net;;;;AES256;;;;;;;
2026-08-24T08:01:58;DC01;kerberos;4769;;;svc_backup@DEMO.NOPCAP.NET;DEMO;;HOST/app03.demo.nopcap.net;;;;AES256;;;;;;;
2026-08-24T08:01:20;DC02;kerberos;4769;;;d.fischer@DEMO.NOPCAP.NET;DEMO;;HOST/app03.demo.nopcap.net;;;;AES256;;;;;;;
